margin,trigger,latency_ms,hour,n_opp,n_filled,shares,pnl,markout,n_markets
0.0,carnet,0,2026-09-26 10:00:00+00:00,577,577,11980.74,-468.62660206999976,-319.27830207000005,13
0.0,carnet,0,2026-09-26 11:00:00+00:00,506,506,10899.0,-852.9734261000001,-453.7511261000001,11
0.0,carnet,25,2026-09-26 10:00:00+00:00,577,557,17645.65,-530.6805079700001,-495.57190797000004,13
0.0,carnet,25,2026-09-26 11:00:00+00:00,506,497,17651.88,-1487.8940460299998,-655.6333460300001,11
0.0,carnet,50,2026-09-26 10:00:00+00:00,577,551,18982.11,-862.6517393400001,-464.82368934000004,13
0.0,carnet,50,2026-09-26 11:00:00+00:00,506,497,19064.94,-1526.95959684,-657.5432968400002,11
0.0,carnet,100,2026-09-26 10:00:00+00:00,577,536,19750.71,-654.9965966999999,-535.4416467,13
0.0,carnet,100,2026-09-26 11:00:00+00:00,506,495,20389.09,-1489.7974531100003,-721.4595031100001,11
0.0,carnet,150,2026-09-26 10:00:00+00:00,577,524,20062.7,-992.34842177,-559.51887177,13
0.0,carnet,150,2026-09-26 11:00:00+00:00,506,491,20535.31,-1543.3758959900003,-755.4645959900001,11
0.0,carnet,200,2026-09-26 10:00:00+00:00,577,514,19594.01,-853.1435202799998,-526.88837028,13
0.0,carnet,200,2026-09-26 11:00:00+00:00,506,485,21089.79,-1495.6608358199999,-785.8551858200001,11
0.0,carnet,300,2026-09-26 10:00:00+00:00,577,505,20004.67,-741.51012832,-492.74247832,13
0.0,carnet,300,2026-09-26 11:00:00+00:00,506,486,20511.44,-1568.1340616,-788.8900616000001,11
0.0,carnet,500,2026-09-26 10:00:00+00:00,577,493,19505.62,-815.49985223,-332.31710223000005,13
0.0,carnet,500,2026-09-26 11:00:00+00:00,506,474,19630.8,-1108.6552039,-647.6937539000002,11
0.0,carnet,750,2026-09-26 10:00:00+00:00,577,477,18804.73,-1278.5239834600002,-261.40898346000006,13
0.0,carnet,750,2026-09-26 11:00:00+00:00,506,458,19710.44,-1350.4684162000003,-618.9502662000002,11
0.0,carnet,1000,2026-09-26 10:00:00+00:00,577,476,18900.75,-870.59789471,-225.83434471000004,13
0.0,carnet,1000,2026-09-26 11:00:00+00:00,506,450,18427.01,-918.6021907200003,-510.0651407200003,11
0.0,carnet,2000,2026-09-26 10:00:00+00:00,577,423,16788.26,-1063.3952259599998,-73.63502596000012,13
0.0,carnet,2000,2026-09-26 11:00:00+00:00,506,413,18257.1,-1180.9854140500001,-623.4401140500001,11
0.0,carnet,5000,2026-09-26 10:00:00+00:00,577,406,16714.33,-1087.92316185,-117.04366185000003,13
0.0,carnet,5000,2026-09-26 11:00:00+00:00,506,412,16393.18,-95.54771032000014,-452.85451032000014,11
0.0,persistante,0,2026-09-26 10:00:00+00:00,2264,2264,45857.63,-1414.1770566999996,-826.4087067000002,11
0.0,persistante,0,2026-09-26 11:00:00+00:00,1965,1965,41526.5,-3522.6649101700004,-1358.3834101700002,11
0.0,persistante,25,2026-09-26 10:00:00+00:00,2264,2231,74456.1,-469.68916348000016,-1360.1164134800001,11
0.0,persistante,25,2026-09-26 11:00:00+00:00,1965,1953,69300.74,-5379.26036651,-2249.76571651,11
0.0,persistante,50,2026-09-26 10:00:00+00:00,2264,2224,78700.74,-654.2567005600008,-1371.6985005600002,11
0.0,persistante,50,2026-09-26 11:00:00+00:00,1965,1944,74566.41,-5208.23139523,-2204.86039523,11
0.0,persistante,100,2026-09-26 10:00:00+00:00,2264,2220,83078.87,-153.3884823400008,-1310.84648234,11
0.0,persistante,100,2026-09-26 11:00:00+00:00,1965,1928,79008.96,-5385.9914046,-2214.3297546000003,11
0.0,persistante,150,2026-09-26 10:00:00+00:00,2264,2210,83553.0,-130.40073988000154,-1201.32898988,11
0.0,persistante,150,2026-09-26 11:00:00+00:00,1965,1918,79124.89,-5811.93445341,-2183.0777534100002,11
0.0,persistante,200,2026-09-26 10:00:00+00:00,2264,2203,85151.5,176.7418489700001,-981.8608510299999,11
0.0,persistante,200,2026-09-26 11:00:00+00:00,1965,1905,79977.11,-5370.181218330001,-2056.41111833,11
0.0,persistante,300,2026-09-26 10:00:00+00:00,2264,2188,86284.46,655.3139760499998,-695.76282395,11
0.0,persistante,300,2026-09-26 11:00:00+00:00,1965,1892,79842.22,-5234.204097379999,-2249.89274738,11
0.0,persistante,500,2026-09-26 10:00:00+00:00,2264,2167,84737.73,157.57002919999923,-799.0422708,11
0.0,persistante,500,2026-09-26 11:00:00+00:00,1965,1873,79303.16,-4545.21595662,-2008.54430662,11
0.0,persistante,750,2026-09-26 10:00:00+00:00,2264,2144,85111.84,609.3978773400008,-621.7310226600001,11
0.0,persistante,750,2026-09-26 11:00:00+00:00,1965,1851,77712.83,-5062.4337732700005,-1977.39027327,11
0.0,persistante,1000,2026-09-26 10:00:00+00:00,2264,2124,84969.15,981.7292446500003,-681.95780535,11
0.0,persistante,1000,2026-09-26 11:00:00+00:00,1965,1838,77988.3,-5688.48844184,-2082.33269184,11
0.0,persistante,2000,2026-09-26 10:00:00+00:00,2264,2063,80627.03,353.17161998999904,-1478.70268001,11
0.0,persistante,2000,2026-09-26 11:00:00+00:00,1965,1799,76503.73,-6071.51841089,-2579.32256089,11
0.0,persistante,5000,2026-09-26 10:00:00+00:00,2264,1863,76112.98,-536.4639901600008,-1399.39094016,11
0.0,persistante,5000,2026-09-26 11:00:00+00:00,1965,1676,72020.8,-4792.0681403300005,-2542.02834033,11
0.0,saut,0,2026-09-26 10:00:00+00:00,105,105,2734.15,230.40321691999998,151.78411691999997,11
0.0,saut,0,2026-09-26 11:00:00+00:00,107,107,2713.76,478.22854708,167.93794708,9
0.0,saut,25,2026-09-26 10:00:00+00:00,105,95,2628.24,119.53954739999999,124.36699739999997,11
0.0,saut,25,2026-09-26 11:00:00+00:00,107,91,2541.49,491.96905661999995,160.55640662,9
0.0,saut,50,2026-09-26 10:00:00+00:00,105,93,2483.16,31.981318630000004,124.07236862999999,11
0.0,saut,50,2026-09-26 11:00:00+00:00,107,85,2459.83,460.6003750599999,169.42502506,9
0.0,saut,100,2026-09-26 10:00:00+00:00,105,78,2129.37,-23.258504180000003,56.507195819999986,11
0.0,saut,100,2026-09-26 11:00:00+00:00,107,73,2067.27,452.88577508000003,102.56022508,9
0.0,saut,150,2026-09-26 10:00:00+00:00,105,67,1909.75,68.64049745,62.28369744999998,11
0.0,saut,150,2026-09-26 11:00:00+00:00,107,67,1918.69,309.94903594000004,64.11328594000001,9
0.0,saut,200,2026-09-26 10:00:00+00:00,105,57,1588.85,166.43962322,17.806523219999995,11
0.0,saut,200,2026-09-26 11:00:00+00:00,107,61,1631.08,280.32484483,78.10074483,9
0.0,saut,300,2026-09-26 10:00:00+00:00,105,49,1393.02,64.71561238000001,-16.75633762,11
0.0,saut,300,2026-09-26 11:00:00+00:00,107,49,1540.54,500.0314169599999,13.198816959999977,9
0.0,saut,500,2026-09-26 10:00:00+00:00,105,36,1045.18,265.6134503899999,11.57190039,11
0.0,saut,500,2026-09-26 11:00:00+00:00,107,33,1149.02,297.40039628,34.700696279999995,9
0.0,saut,750,2026-09-26 10:00:00+00:00,105,33,1043.48,179.88287567999998,-6.819874320000004,11
0.0,saut,750,2026-09-26 11:00:00+00:00,107,31,1279.17,335.87170932000004,23.076859320000004,9
0.0,saut,1000,2026-09-26 10:00:00+00:00,105,34,1190.32,134.10723239999996,-26.736267600000005,11
0.0,saut,1000,2026-09-26 11:00:00+00:00,107,33,1139.4,254.46605088,-5.752549119999996,9
0.0,saut,2000,2026-09-26 10:00:00+00:00,105,34,1292.8,-18.96160496000001,1.0926950399999797,11
0.0,saut,2000,2026-09-26 11:00:00+00:00,107,31,1269.97,244.44024131000003,-68.68120869,9
0.0,saut,5000,2026-09-26 10:00:00+00:00,105,30,982.93,-79.32648897000001,-16.34828897000001,11
0.0,saut,5000,2026-09-26 11:00:00+00:00,107,36,1491.93,351.84998735999994,-123.71996263999998,9
0.01,carnet,0,2026-09-26 10:00:00+00:00,525,525,11150.03,-607.0537267800001,-228.56172678,12
0.01,carnet,0,2026-09-26 11:00:00+00:00,492,492,10459.56,-1085.69240524,-434.6929052400001,11
0.01,carnet,25,2026-09-26 10:00:00+00:00,525,510,16222.21,-581.05926996,-382.47766996,12
0.01,carnet,25,2026-09-26 11:00:00+00:00,492,487,17339.9,-1886.64210242,-545.8038024200001,11
0.01,carnet,50,2026-09-26 10:00:00+00:00,525,500,17338.34,-716.6622866800001,-333.81338668,12
0.01,carnet,50,2026-09-26 11:00:00+00:00,492,485,18530.37,-1822.8346826399998,-550.3313326400001,11
0.01,carnet,100,2026-09-26 10:00:00+00:00,525,486,17994.24,-683.0697769600001,-361.24347696,12
0.01,carnet,100,2026-09-26 11:00:00+00:00,492,477,20025.48,-1868.2895256200002,-581.2736256200001,11
0.01,carnet,150,2026-09-26 10:00:00+00:00,525,478,17949.53,-998.9493422799999,-361.48169228,12
0.01,carnet,150,2026-09-26 11:00:00+00:00,492,471,19933.45,-1937.35273532,-560.5559353200001,11
0.01,carnet,200,2026-09-26 10:00:00+00:00,525,472,17390.96,-913.3934967399998,-363.21804674,12
0.01,carnet,200,2026-09-26 11:00:00+00:00,492,468,20261.77,-1893.7984973500002,-581.5322473500001,11
0.01,carnet,300,2026-09-26 10:00:00+00:00,525,459,17804.51,-817.8549958599999,-393.91724586000004,12
0.01,carnet,300,2026-09-26 11:00:00+00:00,492,468,20051.26,-1893.9199023,-574.5846023000001,11
0.01,carnet,500,2026-09-26 10:00:00+00:00,525,441,17265.68,-960.24603057,-280.9289305700001,12
0.01,carnet,500,2026-09-26 11:00:00+00:00,492,455,18924.8,-1454.55731283,-460.2597628300001,11
0.01,carnet,750,2026-09-26 10:00:00+00:00,525,438,16954.03,-1420.23409491,-204.03979491000007,12
0.01,carnet,750,2026-09-26 11:00:00+00:00,492,440,19082.16,-2021.4890850800002,-485.4948850800002,11
0.01,carnet,1000,2026-09-26 10:00:00+00:00,525,412,16841.5,-992.68034794,-200.24824794000008,12
0.01,carnet,1000,2026-09-26 11:00:00+00:00,492,436,18128.69,-1656.3727450000001,-389.5786950000002,11
0.01,carnet,2000,2026-09-26 10:00:00+00:00,525,389,15398.17,-1100.4395207300001,-158.1774707300001,12
0.01,carnet,2000,2026-09-26 11:00:00+00:00,492,416,17940.07,-1680.6659719300005,-479.65952193000015,11
0.01,carnet,5000,2026-09-26 10:00:00+00:00,525,352,14390.99,-1052.6339874700002,-131.42303746999994,12
0.01,carnet,5000,2026-09-26 11:00:00+00:00,492,385,15134.33,-73.25577754,-400.2064775400001,11
0.01,persistante,0,2026-09-26 10:00:00+00:00,2009,2009,40432.07,-955.0097158099999,-783.7926158100001,11
0.01,persistante,0,2026-09-26 11:00:00+00:00,1727,1727,36443.68,-2470.2642676699998,-1346.5951176700003,11
0.01,persistante,25,2026-09-26 10:00:00+00:00,2009,1980,66484.9,35.058387409998886,-1250.25256259,11
0.01,persistante,25,2026-09-26 11:00:00+00:00,1727,1707,60757.26,-4035.14674709,-2350.7800970900003,11
0.01,persistante,50,2026-09-26 10:00:00+00:00,2009,1970,69992.55,-161.2266606000003,-1275.5946606,11
0.01,persistante,50,2026-09-26 11:00:00+00:00,1727,1702,65504.77,-3842.9675867500005,-2332.0286867500004,11
0.01,persistante,100,2026-09-26 10:00:00+00:00,2009,1955,73651.57,325.30432863000044,-1248.12252137,11
0.01,persistante,100,2026-09-26 11:00:00+00:00,1727,1686,69042.57,-3934.83668724,-2358.74138724,11
0.01,persistante,150,2026-09-26 10:00:00+00:00,2009,1942,74133.88,330.01653087999966,-1126.15981912,11
0.01,persistante,150,2026-09-26 11:00:00+00:00,1727,1682,69214.14,-4208.421828910001,-2328.9451789100003,11
0.01,persistante,200,2026-09-26 10:00:00+00:00,2009,1939,75592.24,847.2279994399998,-882.25460056,11
0.01,persistante,200,2026-09-26 11:00:00+00:00,1727,1671,70448.68,-3962.6095976900015,-2233.4388476900003,11
0.01,persistante,300,2026-09-26 10:00:00+00:00,2009,1922,76193.57,1429.3651204999987,-534.9372295,11
0.01,persistante,300,2026-09-26 11:00:00+00:00,1727,1662,70440.66,-3865.16838565,-2419.66683565,11
0.01,persistante,500,2026-09-26 10:00:00+00:00,2009,1908,74963.14,985.7767526099994,-621.1092973899999,11
0.01,persistante,500,2026-09-26 11:00:00+00:00,1727,1641,69749.53,-3425.9785173299997,-2183.25341733,11
0.01,persistante,750,2026-09-26 10:00:00+00:00,2009,1880,75162.49,1442.6427170599986,-454.01443294,11
0.01,persistante,750,2026-09-26 11:00:00+00:00,1727,1626,68226.62,-3637.3224202100005,-2103.14607021,11
0.01,persistante,1000,2026-09-26 10:00:00+00:00,2009,1875,75406.81,1802.1875301899997,-539.0087698099999,11
0.01,persistante,1000,2026-09-26 11:00:00+00:00,1727,1607,67889.49,-4433.987463310001,-2255.99406331,11
0.01,persistante,2000,2026-09-26 10:00:00+00:00,2009,1818,71167.16,1123.2976567499989,-1267.7243932499998,11
0.01,persistante,2000,2026-09-26 11:00:00+00:00,1727,1568,66622.07,-4580.282849290001,-2737.9777992900003,11
0.01,persistante,5000,2026-09-26 10:00:00+00:00,2009,1681,68799.65,315.63493714999936,-1193.59706285,11
0.01,persistante,5000,2026-09-26 11:00:00+00:00,1727,1478,63775.82,-3607.8242744200006,-2448.3346244199997,11
0.01,saut,0,2026-09-26 10:00:00+00:00,108,108,2771.98,143.24568587,157.00678586999996,11
0.01,saut,0,2026-09-26 11:00:00+00:00,98,98,2473.6,284.62432865,195.46762864999997,9
0.01,saut,25,2026-09-26 10:00:00+00:00,108,97,2793.16,92.51358333999997,130.48808333999995,11
0.01,saut,25,2026-09-26 11:00:00+00:00,98,86,2414.76,253.82245394,190.66605393999998,9
0.01,saut,50,2026-09-26 10:00:00+00:00,108,96,2715.96,2.206499009999984,126.09989900999996,11
0.01,saut,50,2026-09-26 11:00:00+00:00,98,81,2337.45,263.77827153,188.95792152999996,9
0.01,saut,100,2026-09-26 10:00:00+00:00,108,80,2306.51,2.8191169600000165,68.49486695999997,11
0.01,saut,100,2026-09-26 11:00:00+00:00,98,66,1824.33,300.31040064,102.38755064,9
0.01,saut,150,2026-09-26 10:00:00+00:00,108,72,2070.65,66.67325294000005,69.55080293999995,11
0.01,saut,150,2026-09-26 11:00:00+00:00,98,60,1691.47,166.43260926,65.16635926,9
0.01,saut,200,2026-09-26 10:00:00+00:00,108,61,1814.55,146.26496332999997,19.931813329999972,11
0.01,saut,200,2026-09-26 11:00:00+00:00,98,50,1373.66,130.32355232999996,88.59435232999999,9
0.01,saut,300,2026-09-26 10:00:00+00:00,108,61,1944.63,34.36858320999998,-9.430066790000025,11
0.01,saut,300,2026-09-26 11:00:00+00:00,98,36,1125.91,219.26292199999997,37.836371999999976,9
0.01,saut,500,2026-09-26 10:00:00+00:00,108,45,1495.68,242.50830488999998,23.479254889999986,11
0.01,saut,500,2026-09-26 11:00:00+00:00,98,22,786.11,178.9719894,19.659639399999982,9
0.01,saut,750,2026-09-26 10:00:00+00:00,108,41,1403.48,183.49933067999996,16.52158067999998,11
0.01,saut,750,2026-09-26 11:00:00+00:00,98,23,846.33,161.32502220000003,17.861172199999984,9
0.01,saut,1000,2026-09-26 10:00:00+00:00,108,42,1601.32,126.47986739999993,0.5913673999999817,11
0.01,saut,1000,2026-09-26 11:00:00+00:00,98,26,1067.12,90.07939524000001,40.203795239999984,9
0.01,saut,2000,2026-09-26 10:00:00+00:00,108,41,1505.84,39.74258963999999,22.655289639999964,11
0.01,saut,2000,2026-09-26 11:00:00+00:00,98,29,1370.0,169.34289000000007,-20.80711000000002,9
0.01,saut,5000,2026-09-26 10:00:00+00:00,108,31,1125.99,-24.359224690000012,-5.689024690000013,11
0.01,saut,5000,2026-09-26 11:00:00+00:00,98,28,1180.29,275.01560903999996,-66.02894096,9
0.02,carnet,0,2026-09-26 10:00:00+00:00,461,461,9858.54,-473.65593985999993,-199.64038986000003,11
0.02,carnet,0,2026-09-26 11:00:00+00:00,496,496,10149.87,-1651.65653017,-389.36343017,11
0.02,carnet,25,2026-09-26 10:00:00+00:00,461,443,14772.89,-439.1786121100002,-259.99741211,11
0.02,carnet,25,2026-09-26 11:00:00+00:00,496,489,17342.03,-2571.33190655,-441.93670655000005,11
0.02,carnet,50,2026-09-26 10:00:00+00:00,461,440,15887.08,-604.4383201,-209.92222010000006,11
0.02,carnet,50,2026-09-26 11:00:00+00:00,496,487,18894.09,-2658.5098705500004,-381.7123705500001,11
0.02,carnet,100,2026-09-26 10:00:00+00:00,461,431,16639.19,-507.69006212,-237.47506212000005,11
0.02,carnet,100,2026-09-26 11:00:00+00:00,496,475,20065.32,-2783.09900775,-442.5016577500001,11
0.02,carnet,150,2026-09-26 10:00:00+00:00,461,421,16280.84,-543.1640843499999,-218.12323435000002,11
0.02,carnet,150,2026-09-26 11:00:00+00:00,496,471,19961.06,-2840.76312056,-399.44612056000017,11
0.02,carnet,200,2026-09-26 10:00:00+00:00,461,414,15749.03,-421.4964050499999,-233.86420505,11
0.02,carnet,200,2026-09-26 11:00:00+00:00,496,467,20361.27,-2674.0948709100003,-402.11172091000014,11
0.02,carnet,300,2026-09-26 10:00:00+00:00,461,402,15996.89,-283.0429901399999,-259.55794014,11
0.02,carnet,300,2026-09-26 11:00:00+00:00,496,466,20181.71,-2706.5774136600003,-420.4414636600002,11
0.02,carnet,500,2026-09-26 10:00:00+00:00,461,379,15066.79,-294.2765420299999,-172.8548920300001,11
0.02,carnet,500,2026-09-26 11:00:00+00:00,496,451,19442.81,-2412.80187872,-294.3036287200001,11
0.02,carnet,750,2026-09-26 10:00:00+00:00,461,358,14441.37,-575.8842573500001,-144.32335735000007,11
0.02,carnet,750,2026-09-26 11:00:00+00:00,496,439,18729.82,-2442.87419765,-235.98789765000012,11
0.02,carnet,1000,2026-09-26 10:00:00+00:00,461,357,14906.66,-117.94011967000006,-136.70386967000005,11
0.02,carnet,1000,2026-09-26 11:00:00+00:00,496,426,17629.5,-1945.7166358599998,-165.5953358600002,11
0.02,carnet,2000,2026-09-26 10:00:00+00:00,461,336,12841.78,-622.2080644600001,-127.26456446000012,11
0.02,carnet,2000,2026-09-26 11:00:00+00:00,496,400,16877.56,-2049.9410244200003,-334.5182244200002,11
0.02,carnet,5000,2026-09-26 10:00:00+00:00,461,305,12452.83,-202.7408357899999,12.924114209999985,11
0.02,carnet,5000,2026-09-26 11:00:00+00:00,496,375,15028.06,-837.2925528500001,-367.9794028500001,11
0.02,persistante,0,2026-09-26 10:00:00+00:00,1769,1769,35824.9,-969.7537600499994,-707.75121005,11
0.02,persistante,0,2026-09-26 11:00:00+00:00,1473,1473,31368.82,-1349.83324064,-1262.18254064,11
0.02,persistante,25,2026-09-26 10:00:00+00:00,1769,1748,58431.55,-102.77964115000009,-1106.14834115,11
0.02,persistante,25,2026-09-26 11:00:00+00:00,1473,1459,52132.42,-2374.9898498000002,-2334.4331498,11
0.02,persistante,50,2026-09-26 10:00:00+00:00,1769,1747,61811.9,-441.04172265000034,-1143.55232265,11
0.02,persistante,50,2026-09-26 11:00:00+00:00,1473,1452,55860.87,-2236.168653900001,-2376.0194539,11
0.02,persistante,100,2026-09-26 10:00:00+00:00,1769,1736,65438.5,-47.570270030000074,-1122.14202003,11
0.02,persistante,100,2026-09-26 11:00:00+00:00,1473,1434,58482.53,-2155.79162552,-2363.04022552,11
0.02,persistante,150,2026-09-26 10:00:00+00:00,1769,1729,65742.15,-101.9979615300008,-1001.69196153,11
0.02,persistante,150,2026-09-26 11:00:00+00:00,1473,1425,58636.63,-2385.621977150001,-2393.24907715,11
0.02,persistante,200,2026-09-26 10:00:00+00:00,1769,1721,66911.77,410.4089551599998,-755.5884448399999,11
0.02,persistante,200,2026-09-26 11:00:00+00:00,1473,1420,59530.77,-2349.0393107600007,-2380.66041076,11
0.02,persistante,300,2026-09-26 10:00:00+00:00,1769,1713,67815.09,951.39732562,-412.55792437999986,11
0.02,persistante,300,2026-09-26 11:00:00+00:00,1473,1405,59451.96,-2063.2267731300008,-2505.18092313,11
0.02,persistante,500,2026-09-26 10:00:00+00:00,1769,1701,66774.55,605.9905364099998,-490.20026358999985,11
0.02,persistante,500,2026-09-26 11:00:00+00:00,1473,1396,59151.81,-1773.8601670400003,-2277.55651704,11
0.02,persistante,750,2026-09-26 10:00:00+00:00,1769,1680,66809.06,1044.9860575300002,-289.72534247,11
0.02,persistante,750,2026-09-26 11:00:00+00:00,1473,1388,58500.59,-2303.43645907,-2255.55925907,11
0.02,persistante,1000,2026-09-26 10:00:00+00:00,1769,1683,67605.51,1376.1998900399994,-432.41795995999985,11
0.02,persistante,1000,2026-09-26 11:00:00+00:00,1473,1375,58032.5,-2820.8582954200006,-2334.57489542,11
0.02,persistante,2000,2026-09-26 10:00:00+00:00,1769,1636,64293.22,871.9551491699992,-1206.59725083,11
0.02,persistante,2000,2026-09-26 11:00:00+00:00,1473,1338,56953.83,-2270.59758727,-2743.20033727,11
0.02,persistante,5000,2026-09-26 10:00:00+00:00,1769,1479,60645.67,232.4990876399999,-1302.7343123599999,11
0.02,persistante,5000,2026-09-26 11:00:00+00:00,1473,1258,54612.98,-1452.9341735100008,-2274.4953235099997,11
0.02,saut,0,2026-09-26 10:00:00+00:00,106,106,2838.14,203.61404454999996,149.18834454999995,11
0.02,saut,0,2026-09-26 11:00:00+00:00,86,86,2230.45,304.3354044800001,201.63585447999998,9
0.02,saut,25,2026-09-26 10:00:00+00:00,106,97,2995.96,207.87075605999996,130.46905605999993,11
0.02,saut,25,2026-09-26 11:00:00+00:00,86,66,1791.84,327.58604334,160.59014333999997,9
0.02,saut,50,2026-09-26 10:00:00+00:00,106,94,2902.06,146.71427413000004,130.50737412999996,11
0.02,saut,50,2026-09-26 11:00:00+00:00,86,61,1752.71,288.84013947000005,167.29938947,9
0.02,saut,100,2026-09-26 10:00:00+00:00,106,88,2585.61,89.4421403,71.02094029999996,11
0.02,saut,100,2026-09-26 11:00:00+00:00,86,54,1420.51,248.72192257,111.72767257,9
0.02,saut,150,2026-09-26 10:00:00+00:00,106,80,2430.09,158.75760593999996,69.16815593999995,11
0.02,saut,150,2026-09-26 11:00:00+00:00,86,46,1321.18,194.19184334,61.301543339999995,9
0.02,saut,200,2026-09-26 10:00:00+00:00,106,67,2087.12,291.82454844000006,21.987348439999963,11
0.02,saut,200,2026-09-26 11:00:00+00:00,86,40,1109.99,158.12998340999997,83.44943340999998,9
0.02,saut,300,2026-09-26 10:00:00+00:00,106,60,2043.57,236.03849521,-12.364654790000037,11
0.02,saut,300,2026-09-26 11:00:00+00:00,86,29,840.42,192.49925384,39.05965383999998,9
0.02,saut,500,2026-09-26 10:00:00+00:00,106,46,1584.12,351.1295553299999,16.857605329999977,11
0.02,saut,500,2026-09-26 11:00:00+00:00,86,13,408.75,107.95614787999999,14.966197879999989,9
0.02,saut,750,2026-09-26 10:00:00+00:00,106,41,1452.61,268.60604312,10.728393119999966,11
0.02,saut,750,2026-09-26 11:00:00+00:00,86,12,414.61,58.99420044,36.42775043999998,9
0.02,saut,1000,2026-09-26 10:00:00+00:00,106,41,1569.08,248.19220767999997,-2.675642320000027,11
0.02,saut,1000,2026-09-26 11:00:00+00:00,86,13,511.02,-31.460609460000008,62.42979053999999,9
0.02,saut,2000,2026-09-26 10:00:00+00:00,106,41,1610.62,113.76294937999997,26.63339937999996,11
0.02,saut,2000,2026-09-26 11:00:00+00:00,86,17,770.0,51.05814000000002,-0.09186000000001115,9
0.02,saut,5000,2026-09-26 10:00:00+00:00,106,33,1207.69,92.82585591,15.169055909999983,11
0.02,saut,5000,2026-09-26 11:00:00+00:00,86,17,637.29,170.78954704,-44.55000295999999,9
