slug,asset,duration,start,y,p_pre,gap_m0_1s,gap_m30,n_trades,first_trade_dt_s,pre30_n,pre30_usd,pre30_up_n,pre30_up_vwap,pre30_down_n,pre30_down_vwap,open5_n,open5_usd,open5_up_n,open5_up_vwap,open5_down_n,open5_down_vwap
btc-updown-5m-1789691100,btc,5m,2026-09-18 00:25:00+00:00,0,0.515,9.44055604e-05,0.0001542616836,4545,-2594,30,192.278097,19,0.5948742497,11,0.4163845206,11,105.456,8,0.5769296445,3,0.4073561754
sol-updown-5m-1789692300,sol,5m,2026-09-18 00:45:00+00:00,0,0.5,0.0003751567311,0.000500339056,147,-53,1,1,1,0.6299998362,0,,0,0,0,,0,
sol-updown-15m-1789692300,sol,15m,2026-09-18 00:45:00+00:00,1,0.51,0.0003751567311,0.000500339056,68,60,0,0,0,,0,,0,0,0,,0,
btc-updown-5m-1789692600,btc,5m,2026-09-18 00:50:00+00:00,1,0.525,3.487317047e-05,4.361174615e-08,709,-593,38,502.942599,21,0.5508497799,17,0.4700311161,20,196.411399,7,0.498881273,13,0.4917510522
btc-updown-5m-1789694400,btc,5m,2026-09-18 01:20:00+00:00,1,0.515,0.0002383092353,9.783142739e-05,1261,-591,41,491.816198,31,0.5690776426,10,0.4156866659,19,143.945498,14,0.626127818,5,0.402018741
eth-updown-15m-1789695900,eth,15m,2026-09-18 01:45:00+00:00,1,0.45,-0.0003661691756,-0.0001199315361,334,-885,17,39.673994,0,,17,0.5934495095,0,0,0,,0,
sol-updown-15m-1789695900,sol,15m,2026-09-18 01:45:00+00:00,1,0.485,-0.0003032511481,-0.0002477523011,111,-335,2,47.7,0,,2,0.5463843986,0,0,0,,0,
sol-updown-15m-1789696800,sol,15m,2026-09-18 02:00:00+00:00,1,0.49,-7.968717098e-05,-0.0004586104185,177,-699,2,39.799,1,0.4699999835,1,0.5401440834,0,0,0,,0,
btc-updown-15m-1789697700,btc,15m,2026-09-18 02:15:00+00:00,1,0.465,4.265998418e-06,8.618855257e-06,698,-977,20,188.645698,3,0.4599999699,17,0.5557329984,12,119.0398,3,0.4753744784,9,0.5458330667
btc-updown-5m-1789698900,btc,5m,2026-09-18 02:35:00+00:00,1,0.475,0.0001997178133,3.402249711e-06,1751,-1217,93,958.907898,55,0.5190293892,38,0.4535672319,31,546.880899,9,0.5781254059,22,0.446099832
btc-updown-5m-1789702500,btc,5m,2026-09-18 03:35:00+00:00,0,0.485,1.464076704e-05,-2.34376297e-05,1237,-917,38,206.285398,19,0.4340713895,19,0.5651877698,52,528.916999,45,0.4598460806,7,0.5499377579
eth-updown-15m-1789703100,eth,15m,2026-09-18 03:45:00+00:00,1,0.475,0.0005192841192,0.0003861072617,257,-887,22,109.3426,21,0.5015152555,1,0.5,6,13.5,6,0.5469986065,0,
btc-updown-15m-1789704000,btc,15m,2026-09-18 04:00:00+00:00,0,0.475,0.0001296764965,-6.353666481e-05,725,-840,4,38.0331,1,0.48,3,0.5299999809,9,139.6768,8,0.4988684878,1,0.5099999949
eth-updown-5m-1789704000,eth,5m,2026-09-18 04:00:00+00:00,1,0.475,0.0004740769078,-0.000122268554,337,-2940,4,41.67,2,0.4625,2,0.5099999949,8,51.099999,7,0.6110063737,1,0.33
sol-updown-5m-1789705800,sol,5m,2026-09-18 04:30:00+00:00,0,0.5,-0.0002894811786,-0.0001049463105,83,-53,0,0,0,,0,,2,11.52,2,0.4216287034,0,
btc-updown-5m-1789706100,btc,5m,2026-09-18 04:35:00+00:00,1,0.505,0.0002347920457,-2.460575112e-05,681,-2651,55,699.236598,32,0.5853506799,23,0.4736800048,15,94.784596,9,0.6993049698,6,0.4037496931
sol-updown-5m-1789706100,sol,5m,2026-09-18 04:35:00+00:00,1,0.5,0.0008874776224,0.0003252561421,64,-33,7,17.5378,3,0.5453839368,4,0.3699999712,2,24.949996,2,0.7629692873,0,
btc-updown-5m-1789709100,btc,5m,2026-09-18 05:25:00+00:00,1,0.495,-6.465968277e-05,-0.0003587374652,1901,-1103,19,263.9871,11,0.4490191642,8,0.5430169347,7,18.88,3,0.4799999921,4,0.5329346575
eth-updown-15m-1789709400,eth,15m,2026-09-18 05:30:00+00:00,0,0.475,7.015079137e-05,0.0002765632514,317,-936,1,16.9123,0,,1,0.53,2,15.65,1,0.47,1,0.53
btc-updown-15m-1789710300,btc,15m,2026-09-18 05:45:00+00:00,0,0.455,-5.311066601e-05,-0.0001061454863,753,-1629,3,16.4175,0,,3,0.5499999816,2,155.7008,2,0.46,0,
eth-updown-15m-1789710300,eth,15m,2026-09-18 05:45:00+00:00,0,0.495,0.0001713180689,-5.849830035e-05,169,-53,2,16.07,1,0.48,1,0.5299999903,1,2.5,1,0.5,0,
sol-updown-15m-1789712100,sol,15m,2026-09-18 06:15:00+00:00,1,0.495,0.0003569245774,0.000170614497,88,-69,0,0,0,,0,,0,0,0,,0,
btc-updown-5m-1789713000,btc,5m,2026-09-18 06:30:00+00:00,0,0.495,-0.0001275087046,3.477063483e-06,1691,-1883,28,266.4708,13,0.4936375357,15,0.5293517056,13,65.1996,6,0.4224951192,7,0.5846724677
eth-updown-5m-1789713000,eth,5m,2026-09-18 06:30:00+00:00,0,0.475,-0.0003505239423,-0.0001046690446,386,-279,3,49.12,2,0.4006896552,1,0.625,0,0,0,,0,
btc-updown-15m-1789713900,btc,15m,2026-09-18 06:45:00+00:00,1,0.495,2.669247329e-05,5.334696033e-05,978,-1623,2,2,2,0.5,0,,2,26.5,1,0.5,1,0.5099998215
btc-updown-15m-1789714800,btc,15m,2026-09-18 07:00:00+00:00,1,0.495,0.0001257466993,0.0003405397438,1148,-2492,2,12,1,0.5,1,0.5099999516,7,92.049999,3,0.4981779207,4,0.5729215465
eth-updown-5m-1789715400,eth,5m,2026-09-18 07:10:00+00:00,1,0.465,0.0003358951396,-0.0002904280405,260,-278,9,79.342299,8,0.4785791315,1,0.5299999883,5,29.5632,4,0.5617374682,1,0.4899999968
sol-updown-15m-1789718400,sol,15m,2026-09-18 08:00:00+00:00,0,0.495,9.2964553e-05,1.890734456e-05,153,-936,0,0,0,,0,,0,0,0,,0,
btc-updown-5m-1789718700,btc,5m,2026-09-18 08:05:00+00:00,0,0.465,7.661585488e-05,-0.0001804440499,1104,-1268,67,1118.0992,51,0.4590028854,16,0.5536474265,18,384.6768,14,0.4711101983,4,0.5342802027
eth-updown-5m-1789723200,eth,5m,2026-09-18 09:20:00+00:00,0,0.475,-5.549360388e-05,0.0004193743052,425,-585,19,217.8788,7,0.4822778546,12,0.5441276379,2,7.7,1,0.4499999438,1,0.53
btc-updown-15m-1789724700,btc,15m,2026-09-18 09:45:00+00:00,1,0.495,9.006136615e-05,2.050531402e-05,532,-4967,7,98.15,6,0.5,1,0.5099999122,1,25.5,1,0.5,0,
btc-updown-15m-1789725600,btc,15m,2026-09-18 10:00:00+00:00,0,0.495,7.238897401e-06,-1.630209691e-05,647,-16482,6,50.6643,2,0.5,4,0.5116348043,3,28.18,1,0.5,2,0.51
eth-updown-5m-1789726200,eth,5m,2026-09-18 10:10:00+00:00,0,0.495,-0.0004066592278,-1.16679245e-05,327,-327,9,64.007198,2,0.3599999991,7,0.615514911,11,34.5,0,,11,0.6272727273
eth-updown-5m-1789728900,eth,5m,2026-09-18 10:55:00+00:00,0,0.49,-0.0002255410651,-2.955321046e-05,233,-180,4,22.88,3,0.4088405738,1,0.52,1,4.46,1,0.4,0,
eth-updown-5m-1789731000,eth,5m,2026-09-18 11:30:00+00:00,1,0.505,-0.0003199674455,-0.000299991471,159,-48,4,19.71,1,0.42,3,0.5241371407,2,26.8,1,0.4267989994,1,0.6699999823
eth-updown-5m-1789731300,eth,5m,2026-09-18 11:35:00+00:00,1,0.505,0.00019616722,7.228411701e-05,127,-120,6,46.13,5,0.502591208,1,0.509999994,1,5.4,1,0.54,0,
sol-updown-15m-1789731900,sol,15m,2026-09-18 11:45:00+00:00,1,0.51,-2.840868738e-05,-1.578120931e-05,62,-935,0,0,0,,0,,0,0,0,,0,
btc-updown-5m-1789732800,btc,5m,2026-09-18 12:00:00+00:00,0,0.495,3.839116164e-05,7.683931291e-05,1836,-353,44,802.966297,25,0.5369163603,19,0.4756083331,22,632.895599,12,0.6307797949,10,0.3951176141
eth-updown-5m-1789732800,eth,5m,2026-09-18 12:00:00+00:00,0,0.5,0.0001028711826,-2.193212009e-05,218,-69,2,16.6,0,,2,0.4742857143,4,15.8132,3,0.5787947085,1,0.5199999792
btc-updown-5m-1789733100,btc,5m,2026-09-18 12:05:00+00:00,0,0.505,0.001066760868,-1.435835863e-05,2120,-5672,46,242.971095,37,0.5466318368,9,0.4375123562,92,1359.860068,77,0.7523379507,15,0.2274935647
eth-updown-15m-1789733700,eth,15m,2026-09-18 12:15:00+00:00,1,0.505,-5.902746366e-05,-0.0003595977707,324,-935,3,16,0,,3,0.5,0,0,0,,0,
btc-updown-5m-1789736700,btc,5m,2026-09-18 13:05:00+00:00,1,0.505,-1.018099264e-05,-0.0002613402613,2518,-423,71,453.817297,34,0.4840707042,37,0.5170707276,17,173.611698,11,0.5618311466,6,0.4767563179
btc-updown-15m-1789737300,btc,15m,2026-09-18 13:15:00+00:00,1,0.495,9.502474223e-05,1.336853698e-05,728,-6627,11,356.4537,9,0.5,2,0.51,6,96.249999,4,0.5173591192,2,0.46
eth-updown-15m-1789737300,eth,15m,2026-09-18 13:15:00+00:00,1,0.515,8.569673199e-05,3.121322192e-05,183,-885,0,0,0,,0,,1,9.900000001,1,0.5399999804,0,
sol-updown-15m-1789737300,sol,15m,2026-09-18 13:15:00+00:00,1,0.51,-0.0002098299833,0.0001009578376,159,18,0,0,0,,0,,0,0,0,,0,
btc-updown-15m-1789738200,btc,15m,2026-09-18 13:30:00+00:00,1,0.485,3.03969077e-05,6.822295407e-08,890,-7518,6,154.4756,4,0.4994040662,2,0.5104188222,10,83.28,4,0.4675926449,6,0.5499999981
btc-updown-5m-1789740300,btc,5m,2026-09-18 14:05:00+00:00,0,0.465,0.0009695187518,0.0004105883001,3423,-3223,82,973.531694,54,0.531219413,28,0.4933982001,61,583.702295,32,0.6119189804,29,0.4067531614
eth-updown-5m-1789740300,eth,5m,2026-09-18 14:05:00+00:00,0,0.495,0.0007110829718,0.0002278819051,714,-214,16,125.2556,11,0.5247497511,5,0.5098376783,6,14.5572,0,,6,0.4485979788
eth-updown-5m-1789740600,eth,5m,2026-09-18 14:10:00+00:00,1,0.485,0.0005789707443,0.0003634815312,558,-292,15,70.0642,6,0.6378909953,9,0.3439486376,7,18.12,2,0.5522935273,5,0.4519621912
btc-updown-5m-1789741800,btc,5m,2026-09-18 14:30:00+00:00,0,0.525,-0.0007066842602,-2.906479355e-05,2164,-1836,100,1357.683699,42,0.4930787534,58,0.5060097684,29,304.390196,8,0.408609291,21,0.6085005863
sol-updown-5m-1789741800,sol,5m,2026-09-18 14:30:00+00:00,0,0.495,-0.001136375876,2.130726136e-05,260,-547,6,23.25,4,0.4739352596,2,0.6017021277,1,24.17,0,,1,0.6334479934
sol-updown-5m-1789744200,sol,5m,2026-09-18 15:10:00+00:00,1,0.5,-0.002138133948,-0.0006344012634,215,-180,10,35.615799,2,0.3426056217,8,0.620808931,0,0,0,,0,
eth-updown-5m-1789744800,eth,5m,2026-09-18 15:20:00+00:00,1,0.495,9.268294012e-05,0.0001250784889,269,-260,14,144.0483,12,0.4900439354,2,0.5118159769,1,5.2,1,0.52,0,
sol-updown-5m-1789745700,sol,5m,2026-09-18 15:35:00+00:00,1,0.505,0.001261299305,-0.0003559910617,144,-5902,8,30.9987,7,0.5865347431,1,0.45,2,9.59,1,0.6929718597,1,0.3699999881
eth-updown-15m-1789750800,eth,15m,2026-09-18 17:00:00+00:00,0,0.485,5.461053274e-05,3.978983268e-05,236,-936,1,10,1,0.4899999824,0,,4,76.2987,4,0.4934275367,0,
eth-updown-15m-1789752600,eth,15m,2026-09-18 17:30:00+00:00,1,0.505,0.0001703134418,-0.0001833856468,395,-287,1,4.99,0,,1,0.5086036059,1,8,1,0.5,0,
sol-updown-5m-1789754700,sol,5m,2026-09-18 18:05:00+00:00,1,0.495,-0.00010240815,-0.0001781102507,173,-129,0,0,0,,0,,1,4.86,1,0.5299999607,0,
sol-updown-5m-1789755000,sol,5m,2026-09-18 18:10:00+00:00,0,0.5,-0.0001809012744,-0.0001809012744,101,-51,4,20.769999,0,,4,0.5144036114,0,0,0,,0,
eth-updown-5m-1789755900,eth,5m,2026-09-18 18:25:00+00:00,1,0.475,-0.0005003789405,-0.0004677744062,270,-318,5,15.6752,3,0.3754467455,2,0.64,3,28.92,1,0.3699999867,2,0.6644444444
eth-updown-15m-1789758900,eth,15m,2026-09-18 19:15:00+00:00,1,0.445,6.214219641e-05,0.0003226416945,333,-936,4,73.91,1,0.45,3,0.5677082029,1,21.56,1,0.44,0,
btc-updown-15m-1789759800,btc,15m,2026-09-18 19:30:00+00:00,0,0.475,-6.824168724e-05,-0.000756621798,891,-893,15,309.0106,1,0.4599999387,14,0.5248738591,1,15.6,1,0.469999991,0,
btc-updown-15m-1789760700,btc,15m,2026-09-18 19:45:00+00:00,1,0.495,0.0003984521224,0.0002279858824,1380,-881,13,231.2483,11,0.5082342716,2,0.5099999984,3,42.1,0,,3,0.4633957837
sol-updown-15m-1789760700,sol,15m,2026-09-18 19:45:00+00:00,1,0.49,0.000420772123,0.0008211824612,217,-332,14,44.765,11,0.5188239528,3,0.4947880623,1,3.63,1,0.5185714286,0,
btc-updown-5m-1789762500,btc,5m,2026-09-18 20:15:00+00:00,1,0.505,-0.0001747711247,-5.146658049e-06,1358,-1481,66,571.662597,32,0.5351405719,34,0.4937915642,41,324.118497,7,0.4519266474,34,0.6183169113
btc-updown-15m-1789762500,btc,15m,2026-09-18 20:15:00+00:00,0,0.45,-0.0001747711247,-5.146658049e-06,704,-689,25,507.4132,20,0.4540642159,5,0.5883355957,5,8.705,3,0.4636771085,2,0.54
eth-updown-15m-1789762500,eth,15m,2026-09-18 20:15:00+00:00,0,0.49,-0.0001227047416,-0.0002177221402,263,-885,1,3.06,0,,1,0.51,1,2.6,0,,1,0.52
eth-updown-5m-1789764300,eth,5m,2026-09-18 20:45:00+00:00,0,0.475,1.588049315e-05,-3.35352514e-05,450,-93,7,160.089999,3,0.489458292,4,0.5326815487,1,2.4,1,0.48,0,
eth-updown-5m-1789766100,eth,5m,2026-09-18 21:15:00+00:00,0,0.49,-4.59119324e-05,-6.819398461e-06,223,-200,4,11.7212,4,0.3991897142,0,,0,0,0,,0,
btc-updown-15m-1789767900,btc,15m,2026-09-18 21:45:00+00:00,1,0.495,-4.239593391e-05,6.330232109e-05,1012,-728,8,286.5815,2,0.4840619355,6,0.5128998901,3,16.6,2,0.4813704497,1,0.51
eth-updown-5m-1789768800,eth,5m,2026-09-18 22:00:00+00:00,1,0.515,-2.150981176e-05,-7.614029615e-05,292,-303,5,28.8775,2,0.5153276806,3,0.4948053626,2,9.641,2,0.5099999884,0,
eth-updown-15m-1789768800,eth,15m,2026-09-18 22:00:00+00:00,1,0.505,-2.150981176e-05,-7.614029615e-05,154,4,0,0,0,,0,,1,2.55,1,0.51,0,
btc-updown-5m-1789769700,btc,5m,2026-09-18 22:15:00+00:00,1,0.475,5.059294025e-05,-2.351224862e-05,840,-2357,24,194.216,15,0.5260292583,9,0.477113689,7,52.6388,4,0.5324669001,3,0.4710951674
sol-updown-15m-1789769700,sol,15m,2026-09-18 22:15:00+00:00,0,0.5,0.0003483237506,5.880104668e-05,154,6,0,0,0,,0,,0,0,0,,0,
btc-updown-15m-1789770600,btc,15m,2026-09-18 22:30:00+00:00,0,0.485,0.0001341483359,7.105385552e-06,806,-777,11,173.1727,5,0.4868094924,6,0.5222970217,5,73.72,4,0.5009415074,1,0.4899999584
sol-updown-5m-1789772400,sol,5m,2026-09-18 23:00:00+00:00,0,0.5,-0.0003238866425,-5.00443776e-05,171,-14,19,101.796394,6,0.4692207701,13,0.6291764977,5,64.415,3,0.5310570124,2,0.4335479766
sol-updown-5m-1789773600,sol,5m,2026-09-18 23:20:00+00:00,0,0.5,-0.0001648426051,-0.0003738004214,68,-38,0,0,0,,0,,0,0,0,,0,
btc-updown-15m-1789776000,btc,15m,2026-09-19 00:00:00+00:00,1,0.53,-3.482092244e-05,-0.000103255904,1461,-896,14,93.2154,4,0.5475370766,10,0.4654035659,9,98.159999,7,0.5347892888,2,0.4476875513
eth-updown-15m-1789776000,eth,15m,2026-09-19 00:00:00+00:00,0,0.535,7.656560386e-07,-0.0002963329395,354,-888,5,55.6199,4,0.5289831078,1,0.47,1,7.84,0,,1,0.49
sol-updown-15m-1789777800,sol,15m,2026-09-19 00:30:00+00:00,1,0.5,0.0002165501797,7.366428243e-05,98,-188,1,4.9,0,,1,0.51,0,0,0,,0,
sol-updown-15m-1789780500,sol,15m,2026-09-19 01:15:00+00:00,0,0.495,-0.0002395785193,9.405015231e-05,165,-21,1,10,0,,1,0.5128205128,0,0,0,,0,
eth-updown-15m-1789781400,eth,15m,2026-09-19 01:30:00+00:00,0,0.505,6.443796584e-06,0.0001739166278,205,-534,4,42.4565,4,0.5168167985,0,,0,0,0,,0,
sol-updown-15m-1789782300,sol,15m,2026-09-19 01:45:00+00:00,1,0.505,0.0002570986796,0.0002292223202,228,-120,0,0,0,,0,,1,4.4,1,0.55,0,
eth-updown-15m-1789784100,eth,15m,2026-09-19 02:15:00+00:00,1,0.485,-0.0001496964509,-0.0002600046219,226,-95,0,0,0,,0,,0,0,0,,0,
sol-updown-15m-1789785900,sol,15m,2026-09-19 02:45:00+00:00,1,0.495,-0.0004096438138,-0.0002436650762,236,-578,1,2,0,,1,0.5399999568,0,0,0,,0,
eth-updown-5m-1789786200,eth,5m,2026-09-19 02:50:00+00:00,0,0.495,-3.471486413e-05,3.445871119e-05,234,-476,5,70.349999,2,0.4707317073,3,0.509136238,2,8.2,1,0.4299999498,1,0.52
btc-updown-15m-1789786800,btc,15m,2026-09-19 03:00:00+00:00,0,0.515,0.0002363733762,7.357129497e-06,917,-84089,5,33.038,1,0.5266666667,4,0.4704272864,3,80.1,3,0.5553855347,0,
sol-updown-15m-1789786800,sol,15m,2026-09-19 03:00:00+00:00,1,0.5,0.0002112527295,2.347652055e-05,180,28,0,0,0,,0,,0,0,0,,0,
eth-updown-15m-1789788600,eth,15m,2026-09-19 03:30:00+00:00,1,0.485,-0.0002290220837,-0.0001101001926,316,-884,2,14.3884,0,,2,0.52,2,11.64,1,0.4799998464,1,0.5399999919
eth-updown-15m-1789789500,eth,15m,2026-09-19 03:45:00+00:00,0,0.495,0.0002961560116,0.0002153812479,167,-14328,17,55.93,16,0.5323258327,1,0.4799998464,12,91,12,0.5299999976,0,
sol-updown-5m-1789789800,sol,5m,2026-09-19 03:50:00+00:00,0,0.5,6.316669325e-05,0.000143967117,63,-50,2,12.21,2,0.5323170742,0,,1,3.54,1,0.5399999634,0,
sol-updown-5m-1789790100,sol,5m,2026-09-19 03:55:00+00:00,0,0.5,0.0001205777735,7.941024661e-05,101,-53,2,12.03,1,0.5499999943,1,0.49,0,0,0,,0,
btc-updown-5m-1789790700,btc,5m,2026-09-19 04:05:00+00:00,1,0.535,-2.043901066e-05,-6.983355871e-08,1797,-2189,138,1545.640696,39,0.4319795771,99,0.5729989801,26,188.918798,10,0.440304788,16,0.5792295709
sol-updown-15m-1789791300,sol,15m,2026-09-19 04:15:00+00:00,0,0.505,-7.938293007e-05,-8.819508759e-05,65,70,0,0,0,,0,,0,0,0,,0,
btc-updown-5m-1789792200,btc,5m,2026-09-19 04:30:00+00:00,0,0.505,1.207824122e-06,2.460840484e-06,613,-591,21,306.7598,9,0.5040131469,12,0.5043648545,12,54.87,5,0.469865292,7,0.530983589
eth-updown-5m-1789792500,eth,5m,2026-09-19 04:35:00+00:00,0,0.5,-0.0005690229892,-8.909893609e-06,180,-290,8,114.409996,0,,8,0.6657214829,13,95.90399,4,0.3058605082,9,0.7876306986
sol-updown-5m-1789793400,sol,5m,2026-09-19 04:50:00+00:00,1,0.52,2.227593197e-05,-5.940535244e-05,78,-1085,7,13.982397,7,0.5472437128,0,,1,4.66,0,,1,0.5299999898
eth-updown-15m-1789794000,eth,15m,2026-09-19 05:00:00+00:00,1,0.5,7.424903263e-05,-1.170686618e-05,83,-884,1,51.7734,0,,1,0.5189275333,0,0,0,,0,
sol-updown-5m-1789794300,sol,5m,2026-09-19 05:05:00+00:00,1,0.5,7.993214653e-05,0.0003197669282,87,-29,7,30.229999,6,0.5997855761,1,0.4499999217,1,4.83,0,,1,0.4699999883
eth-updown-5m-1789797600,eth,5m,2026-09-19 06:00:00+00:00,0,0.48,0.0001891315794,-0.0001424356615,246,-297,7,26.91,6,0.5029211548,1,0.4699999944,2,9.3,2,0.6,0,
sol-updown-15m-1789798500,sol,15m,2026-09-19 06:15:00+00:00,0,0.52,-0.0002117787785,-4.175527236e-05,129,-342,2,55.324399,2,0.5368604948,0,,1,10,0,,1,0.5
eth-updown-5m-1789799100,eth,5m,2026-09-19 06:25:00+00:00,1,0.505,2.859783391e-06,-0.0001161691582,313,-297,4,28.09,1,0.549999945,3,0.489637532,3,10.35,2,0.47,1,0.565
eth-updown-15m-1789800300,eth,15m,2026-09-19 06:45:00+00:00,0,0.495,1.965458026e-05,0.0001486167863,170,-77,1,4,1,0.5,0,,0,0,0,,0,
sol-updown-5m-1789800600,sol,5m,2026-09-19 06:50:00+00:00,0,0.5,-0.0001700687888,-0.0004057666659,93,-146,0,0,0,,0,,1,2.82,0,,1,0.47
eth-updown-5m-1789802100,eth,5m,2026-09-19 07:15:00+00:00,1,0.505,0.0004268729241,-7.26543625e-05,188,-173,25,182.921899,22,0.6312013308,3,0.3026891843,2,8.136,0,,2,0.3810772834
eth-updown-15m-1789802100,eth,15m,2026-09-19 07:15:00+00:00,0,0.475,0.0004268729241,-7.26543625e-05,473,-279,15,136.3113,14,0.5100128312,1,0.5299999886,5,49.479999,2,0.5824638638,3,0.4392388451
sol-updown-15m-1789802100,sol,15m,2026-09-19 07:15:00+00:00,0,0.49,0.0006927030112,0.0001219659122,135,-272,20,51.299797,20,0.5584334076,0,,0,0,0,,0,
eth-updown-15m-1789803900,eth,15m,2026-09-19 07:45:00+00:00,1,0.52,4.063450785e-05,2.476268302e-05,220,-327,1,9.87,0,,1,0.47,1,15.9,1,0.53,0,
sol-updown-15m-1789803900,sol,15m,2026-09-19 07:45:00+00:00,0,0.52,-2.237311646e-05,8.650635156e-05,204,-321,0,0,0,,0,,0,0,0,,0,
eth-updown-15m-1789805700,eth,15m,2026-09-19 08:15:00+00:00,1,0.455,8.005206803e-05,0.0002012096742,449,-326,16,32.3,16,0.4599999103,0,,1,2.29,1,0.3816666667,0,
sol-updown-15m-1789805700,sol,15m,2026-09-19 08:15:00+00:00,1,0.495,-6.54857405e-05,2.220446049e-16,184,-290,2,2,0,,2,0.5199999792,0,0,0,,0,
sol-updown-5m-1789806000,sol,5m,2026-09-19 08:20:00+00:00,1,0.5,0.0001324610749,-0.0001488383172,105,-44,1,4.08,0,,1,0.5599999451,0,0,0,,0,
sol-updown-5m-1789806900,sol,5m,2026-09-19 08:35:00+00:00,1,0.5,0.0001231785712,1.4842631e-05,156,-20,4,16.36,4,0.5345121526,0,,1,6.2,0,,1,0.31
eth-updown-5m-1789807200,eth,5m,2026-09-19 08:40:00+00:00,0,0.465,-0.0001002179191,-2.110843403e-05,213,-588,1,1.25,1,0.449999964,0,,10,55.6858,1,0.435,9,0.6133285194
btc-updown-15m-1789807500,btc,15m,2026-09-19 08:45:00+00:00,0,0.445,-1.144824963e-05,-2.296604843e-05,1286,-4221,6,122.1746,4,0.4499999986,2,0.5599999989,3,20.12,1,0.4581673228,2,0.5593453998
sol-updown-15m-1789808400,sol,15m,2026-09-19 09:00:00+00:00,0,0.495,-0.0001172803722,-1.781403925e-05,157,-339,2,3,0,,2,0.5099999082,0,0,0,,0,
btc-updown-15m-1789810200,btc,15m,2026-09-19 09:30:00+00:00,0,0.445,-0.0001598631578,-5.963373541e-05,512,-4377,7,155.465,2,0.4396153772,5,0.5661136789,7,47.6287,7,0.4378442728,0,
sol-updown-15m-1789812000,sol,15m,2026-09-19 10:00:00+00:00,1,0.505,-0.0003024697497,-0.0001608737234,220,-77,16,66.054597,2,0.432918116,14,0.584070054,3,9.199999,2,0.3499999927,1,0.6299999181
btc-updown-15m-1789812900,btc,15m,2026-09-19 10:15:00+00:00,0,0.495,-3.53013562e-05,-7.044568236e-05,1331,-806,2,10.81,0,,2,0.5147619048,5,42.509999,4,0.5396709202,1,0.5445544166
eth-updown-5m-1789813800,eth,5m,2026-09-19 10:30:00+00:00,1,0.495,4.385795769e-05,-0.0001255333278,352,-56,10,44.926,6,0.4689016865,4,0.5459070855,0,0,0,,0,
btc-updown-15m-1789814700,btc,15m,2026-09-19 10:45:00+00:00,0,0.505,6.157737149e-05,7.333897456e-05,3223,-677,5,28.5146,3,0.5145053501,2,0.4808281176,5,42.2,2,0.549999945,3,0.4619559881
sol-updown-15m-1789815600,sol,15m,2026-09-19 11:00:00+00:00,1,0.51,-0.0003373673141,-0.0002925119936,132,-232,2,12.545,0,,2,0.5,1,1.93,1,0.4399999635,0,
sol-updown-5m-1789816800,sol,5m,2026-09-19 11:20:00+00:00,1,0.5,-9.085892222e-05,3.574045284e-05,60,-94,1,4.27,1,0.4099999664,0,,0,0,0,,0,
btc-updown-15m-1789817400,btc,15m,2026-09-19 11:30:00+00:00,1,0.505,-1.275551242e-06,-2.497782096e-06,1105,-894,1,3.57,1,0.51,0,,0,0,0,,0,
eth-updown-15m-1789818300,eth,15m,2026-09-19 11:45:00+00:00,1,0.505,-4.041176558e-06,1.262861455e-06,219,-30,1,3,0,,1,0.5,1,2.75,0,,1,0.5199999546
eth-updown-15m-1789820100,eth,15m,2026-09-19 12:15:00+00:00,0,0.49,-1.463504857e-05,5.046492068e-07,236,-226,1,3.18,0,,1,0.53,0,0,0,,0,
sol-updown-5m-1789822800,sol,5m,2026-09-19 13:00:00+00:00,1,0.485,0.000128224817,-4.175527236e-05,107,-469,4,59.241,4,0.5399062744,0,,1,0.11,1,0.55,0,
eth-updown-5m-1789823400,eth,5m,2026-09-19 13:10:00+00:00,0,0.5,-0.000123737834,-0.0001384319402,250,-297,11,96.946398,4,0.4004102356,7,0.5535499744,4,11.51,2,0.43,2,0.5539095175
eth-updown-15m-1789824600,eth,15m,2026-09-19 13:30:00+00:00,1,0.525,0.0003248394038,3.835244722e-05,308,-292,4,67.73,3,0.5456177068,1,0.4699999534,1,2,1,0.5699999886,0,
sol-updown-15m-1789824600,sol,15m,2026-09-19 13:30:00+00:00,1,0.515,-0.0001137081114,4.488028186e-05,152,-292,1,2.7,1,0.5199999692,0,,0,0,0,,0,
eth-updown-5m-1789824900,eth,5m,2026-09-19 13:35:00+00:00,1,0.535,0.0001582099611,-4.424998333e-06,317,-589,19,141.2278,3,0.5333982312,16,0.4788158126,9,41.6725,9,0.5557348624,0,
btc-updown-15m-1789825500,btc,15m,2026-09-19 13:45:00+00:00,1,0.505,0.0001199960732,3.330449775e-05,548,-3127,6,116.5115,5,0.5283225823,1,0.5,1,17.05,1,0.55,0,
btc-updown-5m-1789826400,btc,5m,2026-09-19 14:00:00+00:00,1,0.475,-2.65797854e-05,8.193384382e-09,1921,-3402,27,340.779998,9,0.4732970734,18,0.5291038025,6,23.228799,2,0.4099999869,4,0.6014237996
sol-updown-5m-1789826700,sol,5m,2026-09-19 14:05:00+00:00,0,0.5,9.398937927e-05,0.0003252124725,91,-30,6,22.298998,3,0.5396659438,3,0.5068347065,0,0,0,,0,
sol-updown-15m-1789827300,sol,15m,2026-09-19 14:15:00+00:00,1,0.5,-4.779286573e-05,3.285597583e-05,52,63,0,0,0,,0,,0,0,0,,0,
btc-updown-15m-1789829100,btc,15m,2026-09-19 14:45:00+00:00,1,0.475,-5.907337082e-06,5.822259469e-05,1256,-7971,6,110.119999,3,0.5077614458,3,0.5157598637,5,48.3,3,0.489999996,2,0.5199999792
sol-updown-15m-1789833600,sol,15m,2026-09-19 16:00:00+00:00,1,0.51,0.0003045967253,3.883338537e-05,138,-15,1,23.018,1,0.5350534635,0,,1,10.8,1,0.6,0,
btc-updown-15m-1789834500,btc,15m,2026-09-19 16:15:00+00:00,1,0.505,0.0002137005288,9.858167132e-05,523,-3538,7,115.2382,5,0.5114931664,2,0.4899999973,4,10.641,1,0.59,3,0.459933066
btc-updown-15m-1789835400,btc,15m,2026-09-19 16:30:00+00:00,1,0.455,-0.0003540017791,4.531606275e-05,1156,-2089,17,177.8518,2,0.4667142757,15,0.5637063508,8,22,3,0.408062485,5,0.5799999768
eth-updown-15m-1789837200,eth,15m,2026-09-19 17:00:00+00:00,1,0.465,-6.49035541e-05,-0.0001355888034,33,-888,2,59.4,0,,2,0.55,0,0,0,,0,
eth-updown-15m-1789839000,eth,15m,2026-09-19 17:30:00+00:00,1,0.495,0.0001475514352,0.0001375584437,0,,,,,,,,,,,,,
sol-updown-15m-1789839900,sol,15m,2026-09-19 17:45:00+00:00,0,0.5,3.883338536e-05,2.688208175e-05,0,,,,,,,,,,,,,
btc-updown-5m-1789841100,btc,5m,2026-09-19 18:05:00+00:00,0,0.5,-0.0001628451485,-5.404377983e-05,1,-17329,0,0,0,,0,,0,0,0,,0,
btc-updown-5m-1789842000,btc,5m,2026-09-19 18:20:00+00:00,1,0.5,0.0001535013611,3.600392414e-05,1,-18168,0,0,0,,0,,0,0,0,,0,
btc-updown-15m-1789842600,btc,15m,2026-09-19 18:30:00+00:00,1,0.505,2.730341013e-05,5.452979841e-05,0,,,,,,,,,,,,,
eth-updown-5m-1789842900,eth,5m,2026-09-19 18:35:00+00:00,1,0.5,0.0001903023711,-3.928208268e-05,0,,,,,,,,,,,,,
sol-updown-5m-1789842900,sol,5m,2026-09-19 18:35:00+00:00,1,0.5,0.000313693473,0.0002252100093,0,,,,,,,,,,,,,
eth-updown-5m-1789843500,eth,5m,2026-09-19 18:45:00+00:00,0,0.5,-0.0003434392229,-0.0001421591684,0,,,,,,,,,,,,,
eth-updown-15m-1789843500,eth,15m,2026-09-19 18:45:00+00:00,0,0.5,-0.0003434392229,-0.0001421591684,8,659,0,0,0,,0,,0,0,0,,0,
btc-updown-5m-1789844700,btc,5m,2026-09-19 19:05:00+00:00,0,0.515,-5.320237215e-08,6.138734887e-08,765,-526,16,83.285,2,0.516,14,0.4800054099,5,84.0578,3,0.5151452824,2,0.5
eth-updown-5m-1789847100,eth,5m,2026-09-19 19:45:00+00:00,0,0.5,-0.0006019304952,-0.0001816403341,0,,,,,,,,,,,,,
eth-updown-5m-1789847700,eth,5m,2026-09-19 19:55:00+00:00,0,0.5,-0.0001327630845,-1.770015109e-06,0,,,,,,,,,,,,,
sol-updown-5m-1789848000,sol,5m,2026-09-19 20:00:00+00:00,0,0.5,0.0002653706997,0.0005188129796,0,,,,,,,,,,,,,
btc-updown-5m-1789848600,btc,5m,2026-09-19 20:10:00+00:00,0,0.5,9.621234191e-08,-3.684728168e-08,992,32,0,0,0,,0,,0,0,0,,0,
btc-updown-5m-1789850700,btc,5m,2026-09-19 20:45:00+00:00,0,0.525,0.0001432720269,0.0001226267417,1036,-396,33,396.298496,18,0.61359032,15,0.3555977187,41,409.3781,5,0.5125030615,36,0.4283505003
sol-updown-5m-1789852200,sol,5m,2026-09-19 21:10:00+00:00,0,0.495,-0.00014869118,-3.003499077e-05,99,-27,2,15.389999,1,0.49,1,0.5799999335,1,1.7284,0,,1,0.58
eth-updown-5m-1789852500,eth,5m,2026-09-19 21:15:00+00:00,0,0.535,-0.0003704527327,-0.0003793248216,420,-297,13,76.6983,3,0.5016104381,10,0.499699422,11,45.675998,5,0.4005953743,6,0.6065011803
btc-updown-15m-1789853400,btc,15m,2026-09-19 21:30:00+00:00,0,0.545,7.391671368e-06,1.481218306e-05,1083,-957,2,16.25,2,0.5499999729,0,,10,80.3054,2,0.5399999742,8,0.4947658022
eth-updown-15m-1789853400,eth,15m,2026-09-19 21:30:00+00:00,0,0.535,-9.113637842e-05,-0.000108188781,220,-894,0,0,0,,0,,25,116.7183,1,0.4299999972,24,0.4898080146
sol-updown-15m-1789854300,sol,15m,2026-09-19 21:45:00+00:00,1,0.52,0.0001133028927,0.000175247235,91,-333,3,43.7282,3,0.5443570273,0,,0,0,0,,0,
btc-updown-15m-1789856100,btc,15m,2026-09-19 22:15:00+00:00,1,0.515,-3.782158131e-05,6.995021428e-08,517,-1803,7,80.91,4,0.5156727336,3,0.4925527209,9,142.71,4,0.5199999932,5,0.4961330252
btc-updown-15m-1789857000,btc,15m,2026-09-19 22:30:00+00:00,1,0.535,-0.0002108060394,7.811214636e-08,494,-2674,3,9.681,1,0.5399999568,2,0.4699999967,6,64.582,5,0.4419112319,1,0.47
sol-updown-15m-1789857900,sol,15m,2026-09-19 22:45:00+00:00,1,0.505,-4.819886854e-05,-5.121122069e-05,147,-293,0,0,0,,0,,0,0,0,,0,
btc-updown-15m-1789858800,btc,15m,2026-09-19 23:00:00+00:00,1,0.495,2.050995758e-07,5.988908041e-07,735,-2313,3,33.3748,0,,3,0.5146033749,4,26.899999,1,0.49,3,0.5220481268
sol-updown-15m-1789858800,sol,15m,2026-09-19 23:00:00+00:00,1,0.495,3.011962007e-06,-0.0001174700566,118,-335,0,0,0,,0,,0,0,0,,0,
sol-updown-5m-1789861200,sol,5m,2026-09-19 23:40:00+00:00,1,0.495,-0.0002792151371,-0.000135077332,125,-26,2,16.25,0,,2,0.5416666667,0,0,0,,0,
eth-updown-15m-1789862400,eth,15m,2026-09-20 00:00:00+00:00,0,0.505,-5.729083663e-05,-9.49539569e-05,134,-89,0,0,0,,0,,1,1.16,0,,1,0.5
eth-updown-15m-1789863300,eth,15m,2026-09-20 00:15:00+00:00,0,0.52,0.0003021380425,9.103067651e-05,252,-342,0,0,0,,0,,0,0,0,,0,
sol-updown-5m-1789864500,sol,5m,2026-09-20 00:35:00+00:00,1,0.5,-8.257173424e-05,-0.0001561299004,123,-99,1,10.02,0,,1,0.5299999825,0,0,0,,0,
btc-updown-5m-1789865100,btc,5m,2026-09-20 00:45:00+00:00,0,0.495,-6.762571987e-08,3.688675408e-08,702,-992,15,230.399999,11,0.5072577947,4,0.5038461538,32,254.9694,10,0.4677967319,22,0.5961979335
sol-updown-5m-1789866600,sol,5m,2026-09-20 01:10:00+00:00,0,0.5,-0.0004443657881,-0.0002258712995,53,-57,7,23.646798,1,0.45,6,0.5676765022,0,0,0,,0,
btc-updown-5m-1789866900,btc,5m,2026-09-20 01:15:00+00:00,1,0.545,-7.746125331e-05,-3.787218131e-06,1714,-777,52,683.924697,18,0.4819408255,34,0.5106584736,21,118.263498,10,0.4347849176,11,0.5873426047
eth-updown-15m-1789868700,eth,15m,2026-09-20 01:45:00+00:00,1,0.535,0.0002663096796,-0.0001778166199,246,-893,1,3.64,1,0.52,0,,1,3.12,1,0.52,0,
eth-updown-15m-1789869600,eth,15m,2026-09-20 02:00:00+00:00,1,0.52,0.0002649408117,-6.618457146e-06,144,-894,3,71.2774,3,0.5429706067,0,,8,38.39,7,0.5714285714,1,0.4599999985
eth-updown-15m-1789870500,eth,15m,2026-09-20 02:15:00+00:00,0,0.515,0.0002161979558,0.0001975469857,126,-893,7,14,7,0.549999945,0,,1,1,0,,1,0.4499998425
eth-updown-5m-1789872900,eth,5m,2026-09-20 02:55:00+00:00,0,0.55,0.001158762299,0.0004419453091,266,-564,4,16.38,2,0.6373747273,2,0.3628501958,5,24.648,4,0.7016130487,1,0.265423727
eth-updown-5m-1789873500,eth,5m,2026-09-20 03:05:00+00:00,1,0.535,0.001025832666,0.0001137323232,99,-591,5,10.8366,2,0.579999992,3,0.4670637689,6,34.61,5,0.6784782609,1,0.3099999982
eth-updown-15m-1789874100,eth,15m,2026-09-20 03:15:00+00:00,1,0.555,-0.0007446002272,-0.0002463792449,167,-894,3,58.1095,3,0.5659359968,0,,14,155.1903,1,0.51,13,0.4648088889
sol-updown-15m-1789874100,sol,15m,2026-09-20 03:15:00+00:00,1,0.52,-0.0008647046646,-0.0002407340548,73,-780,2,52.2128,2,0.522128,0,,1,5,0,,1,0.5
btc-updown-5m-1789874400,btc,5m,2026-09-20 03:20:00+00:00,1,0.515,0.0004402627813,0.0002911717642,1055,-573,33,343.187795,18,0.6132938251,15,0.3498623785,27,166.287498,14,0.6525221109,13,0.3516702094
eth-updown-5m-1789875300,eth,5m,2026-09-20 03:35:00+00:00,0,0.505,-0.0004446050358,0.0002486401259,146,-111,9,167.59,7,0.4300095319,2,0.5058823529,2,19.4,0,,2,0.7487719272
sol-updown-5m-1789875300,sol,5m,2026-09-20 03:35:00+00:00,0,0.505,-0.000542695797,1.53653496e-05,71,-45,1,2.52,1,0.4099999642,0,,1,3.2,0,,1,0.64
sol-updown-5m-1789876500,sol,5m,2026-09-20 03:55:00+00:00,0,0.495,0.001132837972,0.0003121471156,121,-117,1,11.5,0,,1,0.46,1,4.239998,1,0.7599999642,0,
eth-updown-15m-1789876800,eth,15m,2026-09-20 04:00:00+00:00,0,0.505,0.0001080030346,4.546904509e-05,199,-891,0,0,0,,0,,0,0,0,,0,
sol-updown-15m-1789876800,sol,15m,2026-09-20 04:00:00+00:00,0,0.485,-0.0002249723959,2.220446049e-16,80,-752,2,22.9541,2,0.5044857143,0,,0,0,0,,0,
eth-updown-15m-1789877700,eth,15m,2026-09-20 04:15:00+00:00,0,0.505,0.0005858603051,-0.0002410296468,390,-219,4,53.8357,4,0.538357,0,,6,19.52,6,0.61,0,
eth-updown-5m-1789878000,eth,5m,2026-09-20 04:20:00+00:00,1,0.505,-6.355432227e-05,-5.110107329e-05,234,-57,2,3.94,1,0.49,1,0.5199999792,4,16.9844,3,0.4754948338,1,0.5
sol-updown-5m-1789878600,sol,5m,2026-09-20 04:30:00+00:00,0,0.5,0.0003012409775,-6.424759188e-05,109,-182,2,17.44,1,0.5999999744,1,0.51,0,0,0,,0,
btc-updown-15m-1789879500,btc,15m,2026-09-20 04:45:00+00:00,1,0.505,-9.411676464e-05,6.52557063e-05,764,-867,3,119.73,2,0.5073984612,1,0.5023076923,7,58.3125,6,0.4578807676,1,0.55
btc-updown-5m-1789882500,btc,5m,2026-09-20 05:35:00+00:00,0,0.475,-1.401992304e-06,-2.849474922e-06,744,-25115,16,127.056999,9,0.4826199507,7,0.5419177754,6,15.28,3,0.4799999724,3,0.5299999442
btc-updown-5m-1789887000,btc,5m,2026-09-20 06:50:00+00:00,0,0.515,-0.0001473325435,-6.280632802e-05,884,-920,25,302.391599,11,0.491146659,14,0.5074456403,34,302.901199,7,0.3941418601,27,0.6123686373
sol-updown-5m-1789887300,sol,5m,2026-09-20 06:55:00+00:00,1,0.5,-0.000135342139,-0.0002460402903,92,-114,5,15.2065,2,0.4537313433,3,0.5499999789,1,4.62,0,,1,0.55
sol-updown-5m-1789889100,sol,5m,2026-09-20 07:25:00+00:00,1,0.5,0.000153282546,0.0003494863506,82,-71,4,26.996,2,0.5362716136,2,0.4555333333,1,17.72,1,0.55375,0,
sol-updown-15m-1789889400,sol,15m,2026-09-20 07:30:00+00:00,0,0.5,-8.581218171e-05,-0.0001348444081,72,4,0,0,0,,0,,1,2.45,1,0.49,0,
btc-updown-5m-1789892700,btc,5m,2026-09-20 08:25:00+00:00,0,0.505,-6.634489178e-08,4.14655548e-08,1239,-438,31,287.0362,18,0.5047183056,13,0.5051160291,27,381.648597,9,0.4642015417,18,0.5785330231
eth-updown-15m-1789895700,eth,15m,2026-09-20 09:15:00+00:00,1,0.505,6.261434559e-05,-2.600433496e-05,117,25,0,0,0,,0,,0,0,0,,0,
sol-updown-15m-1789895700,sol,15m,2026-09-20 09:15:00+00:00,1,0.495,-4.314901513e-05,-0.0002835428076,67,-45,0,0,0,,0,,0,0,0,,0,
sol-updown-5m-1789897800,sol,5m,2026-09-20 09:50:00+00:00,0,0.495,-0.0001720757875,-8.295351382e-05,95,-483,4,13.6972,3,0.4634499515,1,0.54,0,0,0,,0,
eth-updown-5m-1789898100,eth,5m,2026-09-20 09:55:00+00:00,0,0.485,-0.0001235730271,-0.0001273050972,163,-594,8,35.3172,5,0.4320470897,3,0.5372268824,7,34.999998,6,0.4930545785,1,0.5699999886
sol-updown-5m-1789899000,sol,5m,2026-09-20 10:10:00+00:00,0,0.495,-0.0003423120902,-0.0002559031159,74,-473,5,16.129199,1,0.48,4,0.5452248138,1,1.05,1,0.4099999375,0,
eth-updown-15m-1789899300,eth,15m,2026-09-20 10:15:00+00:00,1,0.515,0.001243245555,6.737453116e-05,185,-339,2,117.251599,2,0.5778314615,0,,2,10.9,0,,2,0.3633333333
eth-updown-15m-1789900200,eth,15m,2026-09-20 10:30:00+00:00,0,0.51,0.0003274421812,3.055074712e-05,166,-888,1,5.13,0,,1,0.4599999964,0,0,0,,0,
eth-updown-5m-1789901100,eth,5m,2026-09-20 10:45:00+00:00,1,0.505,0.0001431431658,-8.417276784e-06,305,-57,12,164.25,4,0.5782969761,8,0.4198296224,0,0,0,,0,
btc-updown-5m-1789903800,btc,5m,2026-09-20 11:30:00+00:00,1,0.505,1.139285766e-05,-9.738119084e-06,765,-1757,19,405.7614,12,0.5377477377,7,0.512102743,19,183.329998,13,0.6272874059,6,0.424280393
sol-updown-5m-1789906200,sol,5m,2026-09-20 12:10:00+00:00,0,0.495,-4.752155908e-05,-0.0002422053576,70,-129,0,0,0,,0,,0,0,0,,0,
btc-updown-15m-1789906500,btc,15m,2026-09-20 12:15:00+00:00,0,0.475,0.0001229761873,1.746748973e-05,592,-8861,9,97.0416,8,0.4922807313,1,0.5199999792,5,66.04,2,0.5242776911,3,0.4460195985
sol-updown-15m-1789907400,sol,15m,2026-09-20 12:30:00+00:00,1,0.51,9.086002096e-05,-2.156078524e-05,190,-14,1,1.04,1,0.52,0,,0,0,0,,0,
sol-updown-15m-1789911000,sol,15m,2026-09-20 13:30:00+00:00,0,0.505,-0.0001370824091,-0.0001016490245,85,30,0,0,0,,0,,0,0,0,,0,
btc-updown-5m-1789913100,btc,5m,2026-09-20 14:05:00+00:00,0,0.485,-0.0003862428716,-0.0001191808737,1164,-594,31,374.968998,14,0.4322012024,17,0.587166409,48,440.448278,16,0.2549689666,32,0.763328837
btc-updown-15m-1789913700,btc,15m,2026-09-20 14:15:00+00:00,0,0.475,1.205875363e-05,5.13455366e-05,572,-1127,7,107.56,3,0.4959164677,4,0.5054464128,4,43.1,1,0.43,3,0.5371608648
btc-updown-5m-1789914000,btc,5m,2026-09-20 14:20:00+00:00,1,0.515,-0.0001648229559,-2.328276352e-06,1466,-1421,48,603.4954,24,0.5071099192,24,0.5187343361,26,171.564098,12,0.4578997155,14,0.5598724668
sol-updown-5m-1789914300,sol,5m,2026-09-20 14:25:00+00:00,1,0.51,0.0004700062882,0.0002034606819,145,-140,7,21.782,3,0.6285788856,4,0.4606108229,0,0,0,,0,
eth-updown-5m-1789915500,eth,5m,2026-09-20 14:45:00+00:00,1,0.495,-5.022540427e-05,-0.0002446645864,145,-315,9,78.463598,2,0.4817283953,7,0.6039505954,0,0,0,,0,
sol-updown-15m-1789915500,sol,15m,2026-09-20 14:45:00+00:00,0,0.495,-0.000410925072,-0.0001969097483,211,-86,9,25.093,0,,9,0.5300470207,3,14.3,3,0.3995963016,0,
btc-updown-5m-1789916100,btc,5m,2026-09-20 14:55:00+00:00,0,0.425,-2.262460832e-05,-4.530652929e-05,1860,-3449,21,329.342598,14,0.4082668555,7,0.6209081635,37,277.630897,21,0.4107809456,16,0.6143241111
btc-updown-5m-1789917300,btc,5m,2026-09-20 15:15:00+00:00,1,0.485,-6.006885262e-05,-5.856348357e-05,1086,-4343,36,969.364899,15,0.4502852274,21,0.5719694255,31,324.661899,23,0.4549665075,8,0.5812574169
sol-updown-5m-1789917900,sol,5m,2026-09-20 15:25:00+00:00,0,0.5,-0.0001569300787,0.0002984050733,70,-60,3,15.1955,1,0.5399999963,2,0.4899999868,1,2.7054,0,,1,0.54
btc-updown-5m-1789919100,btc,5m,2026-09-20 15:45:00+00:00,1,0.445,1.474115433e-06,-9.384450912e-05,1251,-6080,39,686.703999,16,0.4792454489,23,0.5217421282,10,167.71,5,0.4864026149,5,0.5258361004
btc-updown-5m-1789920600,btc,5m,2026-09-20 16:10:00+00:00,1,0.465,0.0006870760163,0.0003264095232,1224,-4755,51,578.521198,29,0.5489612022,22,0.4514088578,102,700.277595,72,0.6489779583,30,0.3714272228
eth-updown-5m-1789920600,eth,5m,2026-09-20 16:10:00+00:00,1,0.455,0.0005979277004,0.0003093805348,272,-593,12,68.0295,8,0.490048647,4,0.5478062662,6,63.91,5,0.620211143,1,0.4099999984
sol-updown-15m-1789920900,sol,15m,2026-09-20 16:15:00+00:00,1,0.49,-0.0003106628545,0.0001346397471,299,-329,2,22.11,0,,2,0.5250534315,0,0,0,,0,
btc-updown-15m-1789922700,btc,15m,2026-09-20 16:45:00+00:00,0,0.415,-0.0004471346129,0.000276508972,820,-2768,19,274.952197,9,0.4399906459,10,0.5825324544,26,112.959992,2,0.4407894737,24,0.5839976992
sol-updown-15m-1789922700,sol,15m,2026-09-20 16:45:00+00:00,0,0.48,-0.0008873677454,-0.0001900099987,122,-497,4,63.207,0,,4,0.5449895681,1,4.64,0,,1,0.58
btc-updown-5m-1789925100,btc,5m,2026-09-20 17:25:00+00:00,0,0.495,0.0005370295959,0.0002899329741,2522,-8757,54,379.258694,29,0.6204738874,25,0.3633390602,43,277.445397,33,0.7156282183,10,0.3017874866
btc-updown-5m-1789926300,btc,5m,2026-09-20 17:45:00+00:00,0,0.485,0.0002123796213,-2.094941426e-05,2032,-9914,56,1695.675797,45,0.522114192,11,0.4985585137,55,337.618199,47,0.6138117042,8,0.3743627841
eth-updown-15m-1789927200,eth,15m,2026-09-20 18:00:00+00:00,1,0.495,0.0002880772501,7.618179876e-07,232,-273,3,44.5917,3,0.533904454,0,,0,0,0,,0,
btc-updown-15m-1789928100,btc,15m,2026-09-20 18:15:00+00:00,1,0.505,7.907572869e-06,-1.809223944e-05,507,-5198,4,92.3211,3,0.5246080182,1,0.4975124378,3,44.9895,3,0.5420421687,0,
btc-updown-15m-1789929000,btc,15m,2026-09-20 18:30:00+00:00,0,0.505,4.379260955e-05,8.764456293e-05,442,-896,0,0,0,,0,,1,5,1,0.5,0,
eth-updown-15m-1789930800,eth,15m,2026-09-20 19:00:00+00:00,1,0.515,9.823590408e-05,-0.0001684424101,124,-329,0,0,0,,0,,1,1.86,0,,1,0.4899999183
sol-updown-15m-1789930800,sol,15m,2026-09-20 19:00:00+00:00,1,0.515,-0.000211738703,-0.0003838385732,84,-322,1,1,1,0.5099998215,0,,0,0,0,,0,
btc-updown-15m-1789931700,btc,15m,2026-09-20 19:15:00+00:00,1,0.495,-0.0001396971347,-6.211098027e-05,814,-863,8,143.3788,4,0.4910106478,4,0.5123295512,3,34.6604,2,0.4771428571,1,0.54
sol-updown-5m-1789934400,sol,5m,2026-09-20 20:00:00+00:00,1,0.5,0.0001509092284,0.0001056436339,117,-131,1,12.75,0,,1,0.51,1,3.25,1,0.65,0,
sol-updown-15m-1789934400,sol,15m,2026-09-20 20:00:00+00:00,0,0.48,0.0001509092284,0.0001056436339,116,-314,2,2,0,,2,0.524952295,0,0,0,,0,
sol-updown-5m-1789935600,sol,5m,2026-09-20 20:20:00+00:00,1,0.5,-0.00015423908,-0.0001874862037,91,-110,1,13.5,0,,1,0.54,0,0,0,,0,
eth-updown-15m-1789936200,eth,15m,2026-09-20 20:30:00+00:00,0,0.505,-0.0006423266283,2.931045636e-05,204,-55,1,1,0,,1,0.5199999792,3,28.223499,0,,3,0.5583082998
btc-updown-15m-1789937100,btc,15m,2026-09-20 20:45:00+00:00,0,0.515,-6.367616126e-08,-7.805464846e-08,629,-895,1,2.9988,0,,1,0.49,4,33.1147,4,0.5099999868,0,
btc-updown-5m-1789937400,btc,5m,2026-09-20 20:50:00+00:00,0,0.505,0.0001060654709,3.697586324e-08,1307,-812,21,235.8871,10,0.5315675687,11,0.4348709887,18,109.604799,11,0.5482952413,7,0.4569980527
btc-updown-15m-1789939800,btc,15m,2026-09-20 21:30:00+00:00,0,0.535,0.0001359418328,5.771005951e-08,810,-956,6,8.2674,3,0.5399999568,3,0.4699999625,7,114.7348,3,0.5309923565,4,0.4723300379
btc-updown-5m-1789941900,btc,5m,2026-09-20 22:05:00+00:00,1,0.505,0.0003057464737,-0.0002259614087,984,-1591,45,263.478499,33,0.564166773,12,0.4309569082,18,418.606799,12,0.6051524827,6,0.4315378488
sol-updown-15m-1789942500,sol,15m,2026-09-20 22:15:00+00:00,0,0.485,0.0005094727369,0.0001417257067,115,-320,5,41.9689,2,0.4937032139,3,0.508600333,1,10,0,,1,0.4515248763
eth-updown-15m-1789944300,eth,15m,2026-09-20 22:45:00+00:00,1,0.495,-0.0004323693595,-9.552416238e-05,193,-332,2,90.2751,0,,2,0.5462279906,3,7.0032,1,0.44,2,0.6
sol-updown-15m-1789945200,sol,15m,2026-09-20 23:00:00+00:00,0,0.49,0.0002101754973,0.0002883038743,90,-334,1,1,0,,1,0.4899998383,0,0,0,,0,
sol-updown-15m-1789949700,sol,15m,2026-09-21 00:15:00+00:00,1,0.475,0.001605820478,0.000237826269,173,-718,6,54.8296,2,0.494396,4,0.4805038462,15,318.2893,9,0.4499999934,6,0.4476073394
btc-updown-15m-1789951500,btc,15m,2026-09-21 00:45:00+00:00,1,0.505,0.001260236736,0.0001374585548,761,-898,17,359.8905,15,0.556798718,2,0.4964788616,14,126.315596,8,0.6676017161,6,0.3211096746
sol-updown-15m-1789951500,sol,15m,2026-09-21 00:45:00+00:00,1,0.495,0.001708312444,0.0003061571799,111,-113,2,51.4367,1,0.504367,1,0.4499998425,1,1,0,,1,0.3899999337
sol-updown-5m-1789953600,sol,5m,2026-09-21 01:20:00+00:00,1,0.495,0.001195409711,0.0003491010683,55,-61,1,1.8,0,,1,0.3499999417,2,6.11,1,0.71,1,0.2999999871
eth-updown-5m-1789954800,eth,5m,2026-09-21 01:40:00+00:00,1,0.505,0.000223922579,-0.0005900368172,161,-760,5,37.1,3,0.5014421544,2,0.4960526185,3,16.999999,0,,3,0.560335182
sol-updown-15m-1789956000,sol,15m,2026-09-21 02:00:00+00:00,1,0.515,-0.0003018650326,-0.0001591608324,91,-322,3,7.64,3,0.5299999389,0,,1,4.85,0,,1,0.485
sol-updown-15m-1789956900,sol,15m,2026-09-21 02:15:00+00:00,1,0.505,0.0005512765778,-0.0001524684192,83,-76,1,10.4091,1,0.51,0,,0,0,0,,0,
btc-updown-15m-1789957800,btc,15m,2026-09-21 02:30:00+00:00,0,0.495,-6.024420436e-05,-8.850756097e-05,425,-2431,2,22,1,0.5,1,0.5099999516,0,0,0,,0,
eth-updown-15m-1789958700,eth,15m,2026-09-21 02:45:00+00:00,1,0.505,-0.0001340453216,-0.0002554144301,390,-8,1,44.5,0,,1,0.515942029,4,19.3,4,0.4825,0,
btc-updown-15m-1789960500,btc,15m,2026-09-21 03:15:00+00:00,1,0.495,0.0004558488048,9.558416835e-05,487,-1690,7,70.935,5,0.5153542881,2,0.5099999943,2,5.35,2,0.535,0,
btc-updown-5m-1789961700,btc,5m,2026-09-21 03:35:00+00:00,0,0.485,0.0001653761491,-3.053157122e-05,1382,-1363,39,618.058999,21,0.5294931139,18,0.4939726077,11,98.11,2,0.549999986,9,0.4599999879
eth-updown-5m-1789963200,eth,5m,2026-09-21 04:00:00+00:00,0,0.5,0.0001389219819,3.401648099e-05,382,-32,4,36.899999,2,0.560540526,2,0.445,2,6.23,2,0.5799999835,0,
sol-updown-5m-1789964700,sol,5m,2026-09-21 04:25:00+00:00,0,0.5,-0.0002112516217,-0.0004433872461,107,-29,6,60.034,4,0.4202334607,2,0.5751641791,0,0,0,,0,
sol-updown-5m-1789966200,sol,5m,2026-09-21 04:50:00+00:00,0,0.505,-2.087411863e-05,-5.964451869e-05,92,-56,4,14.5988,3,0.48,1,0.52,1,2.7054,0,,1,0.54
eth-updown-5m-1789966500,eth,5m,2026-09-21 04:55:00+00:00,0,0.495,-3.744012198e-05,7.500359083e-07,186,-3017,4,46.1724,0,,4,0.5131645996,2,3.7,1,0.469999906,1,0.54
eth-updown-15m-1789966800,eth,15m,2026-09-21 05:00:00+00:00,0,0.505,0.0001963361725,-1.301595756e-05,110,-335,3,84.7143,3,0.5304257717,0,,0,0,0,,0,
sol-updown-15m-1789966800,sol,15m,2026-09-21 05:00:00+00:00,0,0.495,0.0001315718653,-4.784860702e-05,94,-12,2,2,2,0.5199999792,0,,0,0,0,,0,
sol-updown-15m-1789967700,sol,15m,2026-09-21 05:15:00+00:00,1,0.51,8.681711979e-05,0.0001496893948,84,-54,0,0,0,,0,,0,0,0,,0,
btc-updown-15m-1789968600,btc,15m,2026-09-21 05:30:00+00:00,1,0.465,-0.0004660357668,-5.466628335e-05,850,-40166,8,179.6346,2,0.4699999889,6,0.5598156648,5,31.85,5,0.3925258977,0,
eth-updown-15m-1789971300,eth,15m,2026-09-21 06:15:00+00:00,1,0.5,0.0005103591672,1.476254632e-05,161,-22,7,211.3734,6,0.5146723064,1,0.4825806452,2,7.97,2,0.6599999768,0,
btc-updown-5m-1789971600,btc,5m,2026-09-21 06:20:00+00:00,1,0.485,6.010847498e-05,0.0001329746918,1852,-42941,68,483.743498,24,0.4867082008,44,0.5200890705,33,206.49,13,0.5105122232,20,0.5026362699
btc-updown-15m-1789973100,btc,15m,2026-09-21 06:45:00+00:00,1,0.495,-0.0008009485079,-0.001078040916,999,-3256,8,282.17,2,0.5,6,0.5099999985,121,8810.199999,3,0.5,118,0.5099228511
btc-updown-15m-1789974900,btc,15m,2026-09-21 07:15:00+00:00,1,0.495,0.0004795284758,4.090002253e-08,490,-46406,19,589.2748,16,0.5297772972,3,0.4636824758,6,80.025399,4,0.6271597976,2,0.4977348279
sol-updown-5m-1789976700,sol,5m,2026-09-21 07:45:00+00:00,1,0.5,-0.0002540099974,0.0003286377993,163,-91,0,0,0,,0,,0,0,0,,0,
sol-updown-15m-1789976700,sol,15m,2026-09-21 07:45:00+00:00,1,0.51,-0.0002540099974,0.0003286377993,165,-265,1,9.6089,0,,1,0.49,0,0,0,,0,
sol-updown-5m-1789977300,sol,5m,2026-09-21 07:55:00+00:00,1,0.485,0.0007103272495,0.0001370609953,116,-123,3,16.3294,3,0.5232105095,0,,3,16.1446,2,0.6346143617,1,0.33
sol-updown-15m-1789977600,sol,15m,2026-09-21 08:00:00+00:00,1,0.495,0.0003033195673,-0.000118966184,48,-804,0,0,0,,0,,1,35.6379,0,,1,0.593965
eth-updown-5m-1789979100,eth,5m,2026-09-21 08:25:00+00:00,1,0.45,-4.390276938e-05,9.477292458e-05,276,-280,17,206.1835,11,0.473463583,6,0.5221123418,5,18.445,2,0.4291498957,3,0.5526322112
btc-updown-5m-1789979400,btc,5m,2026-09-21 08:30:00+00:00,1,0.465,-8.972724871e-05,-7.186714786e-05,1473,-712,47,963.054598,23,0.4677262273,24,0.5591186815,45,782.157597,22,0.4380724607,23,0.5999209484
eth-updown-5m-1789980000,eth,5m,2026-09-21 08:40:00+00:00,1,0.47,-0.001053170582,-0.001809440643,594,-594,26,248.4901,19,0.459678208,7,0.6085483466,9,71.1981,2,0.404793089,7,0.6007080932
btc-updown-5m-1789980900,btc,5m,2026-09-21 08:55:00+00:00,0,0.485,-7.573074493e-05,8.491006929e-05,2530,-1479,37,733.002398,13,0.4410606153,24,0.5762301911,40,388.9536,26,0.49786994,14,0.5110543255
eth-updown-5m-1789981200,eth,5m,2026-09-21 09:00:00+00:00,0,0.495,-0.0004748626331,0.0001496259755,539,-592,7,41.9221,4,0.4722901251,3,0.5405953781,2,7.17,2,0.4217647059,0,
eth-updown-5m-1789982400,eth,5m,2026-09-21 09:20:00+00:00,1,0.495,-0.0001592611571,0.0003418152424,469,-594,12,84.189998,5,0.4996874288,7,0.5060500562,6,25.5282,1,0.48,5,0.5825717473
eth-updown-5m-1789982700,eth,5m,2026-09-21 09:25:00+00:00,1,0.495,0.0006377142642,0.0001374626727,326,-592,2,43,1,0.5399999568,1,0.4792176025,6,22.857299,5,0.6316749576,1,0.3499999825
eth-updown-5m-1789983300,eth,5m,2026-09-21 09:35:00+00:00,1,0.47,0.001028749257,0.0001077767913,331,-594,17,94.840799,10,0.4800757139,7,0.5314010024,12,214.139999,7,0.5892649731,5,0.4305904431
sol-updown-5m-1789983300,sol,5m,2026-09-21 09:35:00+00:00,1,0.495,0.00134202804,0.0001836874105,139,-510,12,71.662799,10,0.5356871843,2,0.48,2,4.2467,1,0.61,1,0.335
btc-updown-5m-1789983600,btc,5m,2026-09-21 09:40:00+00:00,0,0.485,-0.00133216724,-0.001170853975,3533,-2083,55,588.709596,26,0.3908487501,29,0.623433427,53,755.689096,24,0.3482522441,29,0.6789922322
eth-updown-15m-1789984800,eth,15m,2026-09-21 10:00:00+00:00,0,0.485,0.0002811486654,0.0008007703706,439,-889,3,52.45,2,0.49,1,0.5199999792,6,67.83,6,0.5217692308,0,
sol-updown-5m-1789987200,sol,5m,2026-09-21 10:40:00+00:00,1,0.505,-0.0002061137972,0.0001239448476,126,-22,8,29.400399,1,0.5499999579,7,0.4721439299,0,0,0,,0,
eth-updown-15m-1789988400,eth,15m,2026-09-21 11:00:00+00:00,1,0.505,-0.0002047562296,-0.0001802488384,187,-57,2,55,0,,2,0.5230651026,0,0,0,,0,
sol-updown-15m-1789990200,sol,15m,2026-09-21 11:30:00+00:00,1,0.485,-0.0003766982799,-0.0002806503087,98,-330,0,0,0,,0,,0,0,0,,0,
eth-updown-5m-1789991700,eth,5m,2026-09-21 11:55:00+00:00,0,0.495,-9.215821364e-05,9.67318515e-05,165,-594,2,23.2101,0,,2,0.51,6,28.259,1,0.46,5,0.5963488947
sol-updown-5m-1789992000,sol,5m,2026-09-21 12:00:00+00:00,0,0.5,0.0005638004581,0.0007681862758,177,-144,2,12.48,1,0.5799999893,1,0.44,0,0,0,,0,
sol-updown-15m-1789992000,sol,15m,2026-09-21 12:00:00+00:00,1,0.49,0.0005638004581,0.0007681862758,152,-319,0,0,0,,0,,1,1.5,1,0.5,0,
btc-updown-5m-1789992600,btc,5m,2026-09-21 12:10:00+00:00,0,0.505,-0.001389842414,-0.0005878251993,2571,-3319,87,1168.624883,20,0.3829699702,67,0.6420892702,70,891.819982,29,0.2148905232,41,0.7860152353
eth-updown-15m-1789992900,eth,15m,2026-09-21 12:15:00+00:00,0,0.495,-0.0005224106183,-0.0002973506423,475,-325,0,0,0,,0,,0,0,0,,0,
eth-updown-5m-1789993800,eth,5m,2026-09-21 12:30:00+00:00,1,0.505,0.0004543514239,-0.00018123291,131,-594,11,43.4982,7,0.5246462982,4,0.4277026516,5,50.283199,5,0.6329910301,0,
sol-updown-5m-1789996800,sol,5m,2026-09-21 13:20:00+00:00,1,0.505,0.0006607052205,0.0007971416795,165,-54,9,29.817198,9,0.5628313811,0,,1,5.93,0,,1,0.247909699
btc-updown-5m-1789998900,btc,5m,2026-09-21 13:55:00+00:00,0,0.485,-0.0004846091102,-0.0004613205615,2903,-1689,48,509.827397,15,0.4471644173,33,0.5778151988,15,97.989999,10,0.422840136,5,0.5827990829
sol-updown-5m-1790000100,sol,5m,2026-09-21 14:15:00+00:00,1,0.505,8.045716613e-05,0.0009003911241,202,-223,3,18,2,0.5399999805,1,0.46,0,0,0,,0,
sol-updown-5m-1790000400,sol,5m,2026-09-21 14:20:00+00:00,1,0.495,0.0004031820422,-0.0002368986592,147,-183,7,59.04,5,0.4799548135,2,0.54,4,14.74,3,0.509999941,1,0.4575
btc-updown-5m-1790002500,btc,5m,2026-09-21 14:55:00+00:00,0,0.475,0.0002363350631,0.0006053214733,1530,-21324,64,980.463798,36,0.5297972912,28,0.4857930663,42,522.276999,27,0.5402419043,15,0.4703468228
eth-updown-5m-1790002800,eth,5m,2026-09-21 15:00:00+00:00,1,0.505,0.0001035375114,-0.0001145133488,277,-594,7,121.11,2,0.4884651254,5,0.5112878252,7,35.49,4,0.5245945946,3,0.4757970926
eth-updown-15m-1790002800,eth,15m,2026-09-21 15:00:00+00:00,1,0.495,0.0001035375114,-0.0001145133488,140,-882,1,20.4,0,,1,0.51,3,65,3,0.5,0,
sol-updown-5m-1790003100,sol,5m,2026-09-21 15:05:00+00:00,1,0.5,-0.0005033045281,-0.0003908232502,158,-1410,12,59.5752,3,0.4699999856,9,0.49343705,0,0,0,,0,
btc-updown-15m-1790003700,btc,15m,2026-09-21 15:15:00+00:00,0,0.455,0.0003872615908,0.0004837667436,528,-78297,19,364.3555,16,0.4914518797,3,0.5320465573,22,425.91,10,0.5019400321,12,0.5109957865
btc-updown-5m-1790004900,btc,5m,2026-09-21 15:35:00+00:00,1,0.515,-0.0001005502315,-0.0003787176121,2435,-2442,33,874.9805,22,0.4854230696,11,0.5271553602,27,212.2502,17,0.4721055673,10,0.5406764255
btc-updown-5m-1790006400,btc,5m,2026-09-21 16:00:00+00:00,0,0.495,2.986663624e-05,-2.197963309e-05,2052,-802,37,494.656199,12,0.5146630079,25,0.5004767426,16,110.64,5,0.4776968614,11,0.5102988238
btc-updown-15m-1790006400,btc,15m,2026-09-21 16:00:00+00:00,0,0.485,2.986663624e-05,-2.197963309e-05,737,-1252,4,98.29,2,0.4899999997,2,0.5199999962,1,24.32,1,0.4960693844,0,
sol-updown-5m-1790006400,sol,5m,2026-09-21 16:00:00+00:00,0,0.5,-0.0006498368573,-0.0006608545598,117,-161,6,41.379998,2,0.47,4,0.5907933105,0,0,0,,0,
btc-updown-5m-1790007600,btc,5m,2026-09-21 16:20:00+00:00,1,0.495,0.000369427233,0.0002938090156,2122,-595,26,263.2478,19,0.5236750398,7,0.4865756726,59,513.136396,23,0.5618325317,36,0.4321435941
eth-updown-15m-1790009100,eth,15m,2026-09-21 16:45:00+00:00,0,0.49,9.003800171e-05,-0.0004002861725,315,-4495,3,49.64,2,0.4834482759,1,0.54,4,20,3,0.5,1,0.5
sol-updown-5m-1790009700,sol,5m,2026-09-21 16:55:00+00:00,0,0.5,0.0008903226486,-0.0004079759351,117,-169,1,6.3,1,0.45,0,,0,0,0,,0,
eth-updown-15m-1790010000,eth,15m,2026-09-21 17:00:00+00:00,0,0.495,-0.000142052725,-1.08893258e-06,263,-298,2,40.4,1,0.5320196987,1,0.51,0,0,0,,0,
sol-updown-15m-1790010000,sol,15m,2026-09-21 17:00:00+00:00,0,0.5,-0.0004183166009,-0.000289221401,129,-27,1,10.2,1,0.51,0,,1,2.45,0,,1,0.49
eth-updown-5m-1790012100,eth,5m,2026-09-21 17:35:00+00:00,1,0.5,-0.0006804542222,0.0001451552791,269,-594,13,68.4863,3,0.5044582581,10,0.5199386412,3,12.9999,0,,3,0.6318490841
btc-updown-5m-1790012700,btc,5m,2026-09-21 17:45:00+00:00,0,0.505,-0.0001071730095,-7.42377719e-05,1351,-1280,23,434.5745,7,0.4769786804,16,0.5260871025,18,162.989398,3,0.396880577,15,0.5978472743
btc-updown-15m-1790012700,btc,15m,2026-09-21 17:45:00+00:00,0,0.515,-0.0001071730095,-7.42377719e-05,710,-810,8,220.539998,4,0.5253906183,4,0.4829132209,6,47.5325,2,0.4616046334,4,0.5441988888
btc-updown-5m-1790014500,btc,5m,2026-09-21 18:15:00+00:00,1,0.395,-0.0001207271185,-4.598206479e-05,1780,-1283,44,1675.336697,24,0.4676964147,20,0.5708629242,24,164.6228,18,0.51448966,6,0.5294089604
btc-updown-15m-1790014500,btc,15m,2026-09-21 18:15:00+00:00,0,0.495,-0.0001207271185,-4.598206479e-05,876,-1547,2,66.18,1,0.4899999183,1,0.5182829823,5,46.497,1,0.5,4,0.5344217076
sol-updown-15m-1790014500,sol,15m,2026-09-21 18:15:00+00:00,0,0.495,3.971710077e-05,-0.000292230501,131,-26,1,12.5,1,0.5,0,,0,0,0,,0,
eth-updown-15m-1790015400,eth,15m,2026-09-21 18:30:00+00:00,1,0.495,0.0007683375507,1.212844584e-07,323,-26,1,52,1,0.502748813,0,,0,0,0,,0,
sol-updown-15m-1790015400,sol,15m,2026-09-21 18:30:00+00:00,0,0.505,0.0001788611659,4.543363566e-05,178,-101,1,10.4091,1,0.51,0,,0,0,0,,0,
btc-updown-15m-1790018100,btc,15m,2026-09-21 19:15:00+00:00,1,0.495,-1.040406616e-05,-2.073055643e-05,654,-429,5,101,4,0.5057080532,1,0.5099998215,8,108.6184,3,0.508274107,5,0.5010658228
eth-updown-15m-1790018100,eth,15m,2026-09-21 19:15:00+00:00,1,0.47,-0.0001171136203,0.0002316558375,375,-497,2,65.86,0,,2,0.5589220581,1,4.95,0,,1,0.5299999797
eth-updown-15m-1790019900,eth,15m,2026-09-21 19:45:00+00:00,0,0.485,0.000191461724,0.0002773399977,339,-881,5,83.3559,3,0.4908333901,2,0.5199999949,0,0,0,,0,
eth-updown-15m-1790020800,eth,15m,2026-09-21 20:00:00+00:00,1,0.495,-0.0004057476242,0.0003206245185,172,-591,2,20,1,0.5,1,0.5,0,0,0,,0,
eth-updown-15m-1790023500,eth,15m,2026-09-21 20:45:00+00:00,1,0.485,-5.332443396e-05,-0.0003685766632,340,-587,2,20.4,1,0.48,1,0.52,0,0,0,,0,
eth-updown-5m-1790023800,eth,5m,2026-09-21 20:50:00+00:00,1,0.515,-0.0004573985372,-8.085367085e-05,160,-264,6,68.4703,1,0.49,5,0.5687301587,7,35.535299,1,0.4099998975,6,0.6358198606
btc-updown-15m-1790024400,btc,15m,2026-09-21 21:00:00+00:00,0,0.485,0.0002841958122,0.0001061144917,517,-873,12,1092.720499,8,0.5180900621,4,0.5441561999,3,36.76,2,0.5399999869,1,0.46
eth-updown-5m-1790024400,eth,5m,2026-09-21 21:00:00+00:00,0,0.5,0.0003215394746,0.0002006090738,142,-39,3,28.4988,2,0.52,1,0.4899999824,1,3.6,1,0.5699999525,0,
sol-updown-15m-1790024400,sol,15m,2026-09-21 21:00:00+00:00,0,0.49,-0.0001957467044,0.0003159394261,75,-813,1,10.2,0,,1,0.51,0,0,0,,0,
eth-updown-15m-1790025300,eth,15m,2026-09-21 21:15:00+00:00,1,0.515,4.935697789e-06,-2.227020683e-05,435,-521,3,72.4,2,0.528,1,0.49,0,0,0,,0,
sol-updown-5m-1790025300,sol,5m,2026-09-21 21:15:00+00:00,1,0.5,-0.0003762914,-0.0005811285005,150,-39,5,36.349999,3,0.4396329808,2,0.5582831213,2,4.68,2,0.4208993432,0,
sol-updown-15m-1790027100,sol,15m,2026-09-21 21:45:00+00:00,0,0.485,0.0004755864552,4.465008289e-05,84,-473,2,14.545,2,0.4833831838,0,,0,0,0,,0,
eth-updown-5m-1790028900,eth,5m,2026-09-21 22:15:00+00:00,1,0.505,-0.0001082535405,9.119738811e-06,179,-47781,11,122.0482,4,0.4902998418,7,0.5106927737,2,15.2,2,0.4342857143,0,
eth-updown-15m-1790029800,eth,15m,2026-09-21 22:30:00+00:00,1,0.495,0.0008077162108,0.0004677037534,138,-2619,2,21.7,1,0.5,1,0.48,1,9.75,1,0.65,0,
sol-updown-15m-1790029800,sol,15m,2026-09-21 22:30:00+00:00,1,0.495,0.000982682915,0.0003441055179,219,-630,2,12.65,1,0.49,1,0.51,0,0,0,,0,
sol-updown-5m-1790030700,sol,5m,2026-09-21 22:45:00+00:00,0,0.5,7.969447659e-05,0.0004054611477,74,-44,4,27.784,2,0.5696688742,2,0.449999983,0,0,0,,0,
btc-updown-5m-1790031900,btc,5m,2026-09-21 23:05:00+00:00,1,0.515,7.694340226e-05,2.150647712e-05,2578,-16817,38,415.468299,16,0.5204172489,22,0.4600263417,22,169.449699,5,0.5170339706,17,0.5019998119
btc-updown-15m-1790033400,btc,15m,2026-09-21 23:30:00+00:00,0,0.485,-2.328489268e-05,6.473737573e-07,1099,-954,4,42.6451,3,0.49,1,0.5099998215,3,46.8753,2,0.4976167779,1,0.51
btc-updown-5m-1790033700,btc,5m,2026-09-21 23:35:00+00:00,0,0.515,3.320893007e-05,0.0003129217588,3693,-2040,53,770.310991,31,0.5754952281,22,0.4095393011,42,356.301898,9,0.4166676433,33,0.6014956776
eth-updown-5m-1790035200,eth,5m,2026-09-22 00:00:00+00:00,0,0.5,-0.0002253434291,-7.682176821e-06,171,-329,8,59.624799,3,0.501151768,5,0.5399999854,3,12.84,1,0.3899999523,2,0.6093730048
btc-updown-15m-1790036100,btc,15m,2026-09-22 00:15:00+00:00,0,0.505,0.0002421289732,-1.362754186e-05,1046,-15455,6,95.5921,4,0.5251548194,2,0.5,2,58.36,1,0.5645,1,0.4399999079
eth-updown-15m-1790036100,eth,15m,2026-09-22 00:15:00+00:00,0,0.505,0.0001210597567,-6.465771853e-05,207,-333,0,0,0,,0,,1,7.8,1,0.52,0,
sol-updown-5m-1790037000,sol,5m,2026-09-22 00:30:00+00:00,1,0.495,1.961297987e-05,1.961957641e-05,62,-114,0,0,0,,0,,0,0,0,,0,
sol-updown-15m-1790037900,sol,15m,2026-09-22 00:45:00+00:00,0,0.485,9.917800994e-05,0.0001257308105,251,-821,0,0,0,,0,,0,0,0,,0,
eth-updown-5m-1790038200,eth,5m,2026-09-22 00:50:00+00:00,0,0.5,0.0001725129665,-0.0005220738565,97,-21,3,18.0888,3,0.5721817885,0,,3,8.1414,1,0.5,2,0.4361708878
sol-updown-5m-1790038500,sol,5m,2026-09-22 00:55:00+00:00,0,0.5,0.0008030297315,-4.759391751e-05,78,-41,12,46.9972,8,0.5396978927,4,0.4537684139,3,22.942,1,0.64,2,0.3
eth-updown-5m-1790039400,eth,5m,2026-09-22 01:10:00+00:00,0,0.515,0.0004653548094,0.0001416412592,188,-582,7,36.6862,5,0.5343926975,2,0.4555931894,3,50.7512,1,0.5399999568,2,0.4817788319
btc-updown-5m-1790040600,btc,5m,2026-09-22 01:30:00+00:00,1,0.505,0.0003246291265,0.0003867699352,1362,-2376,34,672.9513949,28,0.5555475699,6,0.4303371096,20,122.222598,10,0.5949115248,10,0.4155301637
btc-updown-15m-1790040600,btc,15m,2026-09-22 01:30:00+00:00,0,0.535,0.0003246291265,0.0003867699352,814,-936,1,44.55,1,0.54,0,,4,19.55,3,0.56,1,0.4499999764
eth-updown-5m-1790041500,eth,5m,2026-09-22 01:45:00+00:00,0,0.505,0.0004001125268,5.689147758e-05,202,-174,6,35.705199,4,0.5735322461,2,0.4799999919,3,20.795399,2,0.646660458,1,0.445
eth-updown-15m-1790041500,eth,15m,2026-09-22 01:45:00+00:00,0,0.515,0.0004001125268,5.689147758e-05,175,-881,0,0,0,,0,,0,0,0,,0,
sol-updown-15m-1790044200,sol,15m,2026-09-22 02:30:00+00:00,1,0.495,-0.00027481206,-0.0005268927895,110,-858,0,0,0,,0,,0,0,0,,0,
eth-updown-15m-1790045100,eth,15m,2026-09-22 02:45:00+00:00,0,0.495,-0.000156546654,0.0001545710759,213,-90,1,20,0,,1,0.5,2,5.06,2,0.4328897297,0,
sol-updown-15m-1790045100,sol,15m,2026-09-22 02:45:00+00:00,0,0.495,-0.0002742061114,-5.652096504e-06,74,-325,1,1.5,1,0.44999991,0,,0,0,0,,0,
sol-updown-5m-1790045700,sol,5m,2026-09-22 02:55:00+00:00,1,0.505,0.0006115593457,-0.0006674710796,205,-48,14,54.9122,5,0.4883308073,9,0.4727749391,7,17.21,3,0.6103703704,4,0.4119230563
btc-updown-15m-1790046000,btc,15m,2026-09-22 03:00:00+00:00,0,0.495,-0.0003203461097,6.360347481e-05,514,-2383,6,38.8,1,0.48,5,0.5109589041,6,47.991,5,0.4289082306,1,0.58
btc-updown-5m-1790046300,btc,5m,2026-09-22 03:05:00+00:00,0,0.505,0.0001106428504,0.0001077052741,1450,-1107,31,276.706998,17,0.5340967933,14,0.4769826276,27,293.391099,4,0.5380047463,23,0.4926623063
sol-updown-15m-1790046900,sol,15m,2026-09-22 03:15:00+00:00,1,0.525,0.0006626034846,-0.0001000092867,97,-292,0,0,0,,0,,0,0,0,,0,
btc-updown-15m-1790048700,btc,15m,2026-09-22 03:45:00+00:00,1,0.515,-6.49104186e-05,5.175501656e-05,497,-3411,2,2,1,0.4899998383,1,0.5199999792,9,222.6024,4,0.4899999967,5,0.52
sol-updown-15m-1790051400,sol,15m,2026-09-22 04:30:00+00:00,0,0.5,-0.0002539414436,0.0004163969178,49,-86,0,0,0,,0,,0,0,0,,0,
btc-updown-5m-1790052300,btc,5m,2026-09-22 04:45:00+00:00,0,0.505,-0.0002022727776,-0.0002869274523,825,-897,50,251.729095,18,0.4375959483,32,0.5645729979,24,640.249992,6,0.4249845046,18,0.6563394919
eth-updown-5m-1790053200,eth,5m,2026-09-22 05:00:00+00:00,1,0.505,0.000454719324,0.0001979348801,462,-3443,2,16.982,1,0.58,1,0.48,18,89.131199,14,0.658485145,4,0.3560260414
btc-updown-15m-1790055000,btc,15m,2026-09-22 05:30:00+00:00,1,0.535,9.504640255e-05,3.019529435e-05,801,-2013,22,821.8343,8,0.5034011602,14,0.4890296906,37,544.1012,19,0.5164968338,18,0.4852139826
eth-updown-15m-1790055000,eth,15m,2026-09-22 05:30:00+00:00,1,0.555,3.412396059e-05,0.0001329627942,236,-935,3,19.0888,3,0.5599999976,0,,7,192.32,1,0.58,6,0.4298821967
sol-updown-5m-1790055000,sol,5m,2026-09-22 05:30:00+00:00,0,0.51,7.193235481e-06,8.345191664e-05,114,-27,4,16.0772,0,,4,0.4655256849,2,10.3989,0,,2,0.51
btc-updown-5m-1790055900,btc,5m,2026-09-22 05:45:00+00:00,1,0.485,6.616038468e-06,-9.61326923e-05,899,-890,28,276.7995,19,0.4976834023,9,0.51000373,19,197.012199,16,0.5297837489,3,0.44
sol-updown-5m-1790055900,sol,5m,2026-09-22 05:45:00+00:00,1,0.485,0.0003971082572,0.0002114630105,99,-165,12,49.15,12,0.4974856629,0,,1,1.15,0,,1,0.3899999932
sol-updown-15m-1790055900,sol,15m,2026-09-22 05:45:00+00:00,1,0.505,0.0003971082572,0.0002114630105,129,-588,0,0,0,,0,,3,11.73,3,0.51,0,
btc-updown-5m-1790056200,btc,5m,2026-09-22 05:50:00+00:00,0,0.465,-0.0001946177297,3.50808427e-05,2761,-896,34,227.223594,10,0.3945099648,24,0.5729336398,21,129.1191,16,0.4466759936,5,0.5768311183
btc-updown-15m-1790056800,btc,15m,2026-09-22 06:00:00+00:00,0,0.485,-5.549392412e-05,-9.915590737e-05,482,-2541,3,66.6949,0,,3,0.5015031205,4,23.22,4,0.5315553241,0,
eth-updown-15m-1790057700,eth,15m,2026-09-22 06:15:00+00:00,1,0.505,0.0003132969356,0.0007521625026,234,-114,1,9.86,1,0.58,0,,0,0,0,,0,
sol-updown-15m-1790057700,sol,15m,2026-09-22 06:15:00+00:00,0,0.505,0.0006085827496,0.001077415394,78,-44,0,0,0,,0,,0,0,0,,0,
eth-updown-15m-1790058600,eth,15m,2026-09-22 06:30:00+00:00,1,0.505,0.000190189025,0.0002055382113,112,-881,1,2.99,1,0.5099999215,0,,0,0,0,,0,
sol-updown-5m-1790060400,sol,5m,2026-09-22 07:00:00+00:00,0,0.5,-0.0004103966248,0.0001457957233,134,-42,5,17.9972,0,,5,0.504205617,2,2.28,2,0.3349253058,0,
sol-updown-5m-1790060700,sol,5m,2026-09-22 07:05:00+00:00,1,0.5,0.0001529693571,0.0004261215426,140,-63,5,26.06,4,0.6323306502,1,0.43,6,18.65,3,0.58,3,0.4521232635
eth-updown-15m-1790062200,eth,15m,2026-09-22 07:30:00+00:00,0,0.505,0.0003324439673,-6.845933967e-06,277,-852,0,0,0,,0,,0,0,0,,0,
btc-updown-15m-1790063100,btc,15m,2026-09-22 07:45:00+00:00,1,0.535,0.0003247754126,-2.410365077e-05,555,-3356,2,52.62,1,0.53,1,0.4835484892,10,199.452,9,0.6267456516,1,0.490779124
eth-updown-5m-1790064300,eth,5m,2026-09-22 08:05:00+00:00,1,0.5,0.0006373989211,0.0003387031856,156,-293,30,217.27209,27,0.6559880765,3,0.2834485642,6,17.969999,5,0.6560256395,1,0.3599999605
btc-updown-5m-1790064900,btc,5m,2026-09-22 08:15:00+00:00,0,0.475,-0.0001906499111,-2.520284858e-05,1780,-6218,48,2102.285496,23,0.5022762635,25,0.5409212002,12,185.365199,7,0.3811300389,5,0.6111826383
btc-updown-5m-1790065500,btc,5m,2026-09-22 08:25:00+00:00,0,0.485,-2.210508571e-05,3.663267323e-06,1277,-896,24,208.106999,14,0.4770296922,10,0.5343951928,35,524.452592,9,0.3822680369,26,0.5946956009
eth-updown-5m-1790070600,eth,5m,2026-09-22 09:50:00+00:00,1,0.495,-2.429153438e-07,8.550706301e-05,306,-36,10,56.7648,6,0.5179505708,4,0.5003483118,3,15.9,0,,3,0.5169992104
btc-updown-5m-1790070900,btc,5m,2026-09-22 09:55:00+00:00,1,0.495,7.534246025e-05,-0.0009658934496,2756,-894,94,984.141196,57,0.4262520951,37,0.5777024933,24,177.7217,9,0.4920799854,15,0.5198016717
eth-updown-15m-1790072100,eth,15m,2026-09-22 10:15:00+00:00,0,0.485,9.195448351e-05,0.0001357360972,169,-8067,1,17.9193,1,0.49,0,,0,0,0,,0,
eth-updown-15m-1790074800,eth,15m,2026-09-22 11:00:00+00:00,0,0.495,-0.0002114204805,8.482402241e-05,283,-935,0,0,0,,0,,2,2.8812,2,0.49,0,
btc-updown-5m-1790075100,btc,5m,2026-09-22 11:05:00+00:00,0,0.495,-0.0001024089837,-5.953455308e-05,1327,-896,42,629.472,12,0.481334861,30,0.5254168113,21,167.713099,8,0.4195744202,13,0.6272209671
btc-updown-15m-1790076600,btc,15m,2026-09-22 11:30:00+00:00,1,0.495,-1.666375213e-05,-1.492755921e-05,448,-2801,5,107.98,2,0.5126559839,3,0.5028370539,3,28.68,1,0.5523287623,2,0.4426454948
eth-updown-5m-1790077800,eth,5m,2026-09-22 11:50:00+00:00,0,0.5,0.0003898035246,-3.729986179e-05,118,-173,10,71.6695,6,0.506845355,4,0.3426707377,1,4.2,1,0.7,0,
eth-updown-5m-1790079000,eth,5m,2026-09-22 12:10:00+00:00,1,0.52,-0.0003807885395,9.256617121e-05,223,-39,12,82.599998,3,0.4289695168,9,0.6134410217,3,12.5991,2,0.2899999935,1,0.64
btc-updown-5m-1790079600,btc,5m,2026-09-22 12:20:00+00:00,1,0.525,0.0004366672777,-2.874924878e-06,999,-5189,127,963.804289,75,0.6036922737,52,0.421259565,46,585.682496,29,0.7554777494,17,0.2932029673
btc-updown-15m-1790080200,btc,15m,2026-09-22 12:30:00+00:00,0,0.495,0.0004197936796,0.0002478852171,953,-2850,12,141.8908,11,0.5271940586,1,0.48,8,133.1415,2,0.5919761392,6,0.4050250363
eth-updown-15m-1790080200,eth,15m,2026-09-22 12:30:00+00:00,1,0.475,0.0004025209864,0.0001686505353,218,-117,0,0,0,,0,,7,27.7975,1,0.5699999886,6,0.4465381227
sol-updown-5m-1790080500,sol,5m,2026-09-22 12:35:00+00:00,0,0.495,-0.000427186374,-0.0003490535152,161,-47,0,0,0,,0,,1,1.14,1,0.38,0,
eth-updown-15m-1790081100,eth,15m,2026-09-22 12:45:00+00:00,1,0.485,-0.0001407475662,-0.0005435690606,292,-894,0,0,0,,0,,1,2.75,0,,1,0.55
btc-updown-5m-1790084100,btc,5m,2026-09-22 13:35:00+00:00,0,0.505,0.0008945984962,6.345896152e-05,1978,-1212,75,1214.041996,51,0.5517207161,24,0.4757958751,53,588.143789,34,0.7033890091,19,0.3103264494
eth-updown-5m-1790085000,eth,5m,2026-09-22 13:50:00+00:00,0,0.485,0.0002875113133,0.0003913810326,299,-54,9,46.009999,7,0.5120606833,2,0.5,3,13.64,2,0.5061261074,1,0.4427184251
eth-updown-5m-1790085600,eth,5m,2026-09-22 14:00:00+00:00,0,0.47,-0.0002057155469,1.328657345e-06,225,-201,5,60.72,5,0.4858619299,0,,1,3.06,1,0.4899999968,0,
eth-updown-5m-1790086800,eth,5m,2026-09-22 14:20:00+00:00,0,0.5,-0.0004243714471,4.002176457e-06,316,-44,3,14.2,2,0.4842105263,1,0.5299999607,5,22.695998,0,,5,0.6115163608
eth-updown-15m-1790087400,eth,15m,2026-09-22 14:30:00+00:00,0,0.51,-0.0006223010539,-0.0002471315942,216,-57,2,12.08,2,0.509999968,0,,3,11.14,1,0.379999983,2,0.5654545455
sol-updown-5m-1790087400,sol,5m,2026-09-22 14:30:00+00:00,0,0.5,-0.0007839226552,-0.0004607233438,118,-41,0,0,0,,0,,3,11.656,0,,3,0.6483035898
eth-updown-5m-1790088900,eth,5m,2026-09-22 14:55:00+00:00,1,0.495,0.0004437736898,0.0001671188081,242,-38,3,15.7,2,0.5241924377,1,0.51,0,0,0,,0,
btc-updown-5m-1790092500,btc,5m,2026-09-22 15:55:00+00:00,1,0.495,-0.0001432031137,4.4846698e-05,2690,-3033,26,490.450699,9,0.4932368117,17,0.5164478726,38,521.834898,18,0.476232891,20,0.5560329081
sol-updown-5m-1790093700,sol,5m,2026-09-22 16:15:00+00:00,0,0.5,0.0003252561421,0.0001541346626,164,-62,0,0,0,,0,,0,0,0,,0,
btc-updown-5m-1790095500,btc,5m,2026-09-22 16:45:00+00:00,1,0.485,-0.0004086336794,0.0001942972162,2483,-5868,73,1281.377598,30,0.4960476209,43,0.5067183525,24,143.9623,18,0.3731593676,6,0.6688707119
eth-updown-15m-1790096400,eth,15m,2026-09-22 17:00:00+00:00,1,0.485,-0.0001089959399,-2.063248269e-05,307,-330,0,0,0,,0,,0,0,0,,0,
btc-updown-5m-1790097900,btc,5m,2026-09-22 17:25:00+00:00,1,0.495,0.0001454727128,0.0001746329143,1444,-8153,29,352.2662,19,0.5053224921,10,0.5048654776,22,221.614499,16,0.555278438,6,0.4817473957
eth-updown-5m-1790098800,eth,5m,2026-09-22 17:40:00+00:00,0,0.495,-0.0003088276116,0.0005250168971,392,-374,3,29.8,0,,3,0.5418181818,3,15,0,,3,0.5756126505
sol-updown-15m-1790099100,sol,15m,2026-09-22 17:45:00+00:00,1,0.495,-0.0002491478026,-2.830131276e-06,104,-936,1,1.5,0,,1,0.5699999886,0,0,0,,0,
btc-updown-15m-1790100900,btc,15m,2026-09-22 18:15:00+00:00,0,0.5,-0.0006291752945,-0.0003306908719,735,-1766,11,372.95,5,0.4976162015,6,0.5344976076,9,54.2974,6,0.420538359,3,0.5861538462
sol-updown-5m-1790103000,sol,5m,2026-09-22 18:50:00+00:00,1,0.495,9.870325079e-06,0.0003101780729,175,-38,4,13.4963,0,,4,0.4471923795,1,4.59,0,,1,0.5299999607
eth-updown-5m-1790103300,eth,5m,2026-09-22 18:55:00+00:00,1,0.495,4.549649934e-05,0.0001708360977,274,-885,4,35.75,3,0.4948993259,1,0.52,0,0,0,,0,
btc-updown-15m-1790104500,btc,15m,2026-09-22 19:15:00+00:00,1,0.495,1.473038467e-05,-0.0003583555713,960,-1739,3,80.13,1,0.48,2,0.5218595785,5,47.66,2,0.5328571429,3,0.5209487523
sol-updown-5m-1790106600,sol,5m,2026-09-22 19:50:00+00:00,0,0.505,0.00028089868,0.00015530033,110,-57,3,21.1,0,,3,0.4799999818,2,5.7796,0,,2,0.4808319468
btc-updown-15m-1790107200,btc,15m,2026-09-22 20:00:00+00:00,1,0.515,-9.627217759e-05,-0.0001607207079,836,-1790,4,87.98,3,0.5391432283,1,0.46,8,114.2833,5,0.5554834745,3,0.4567832098
sol-updown-5m-1790107200,sol,5m,2026-09-22 20:00:00+00:00,1,0.5,0.0007317068339,0.0005022275874,122,-101,9,36.649999,8,0.6112888297,1,0.3799999924,1,15.75,1,0.7,0,
btc-updown-5m-1790107500,btc,5m,2026-09-22 20:05:00+00:00,0,0.505,8.932811004e-05,4.162617077e-06,2507,-17310,29,181.294899,26,0.5405012098,3,0.4640779977,17,146.964799,15,0.5681275553,2,0.4399999932
eth-updown-15m-1790109900,eth,15m,2026-09-22 20:45:00+00:00,0,0.495,-1.706947294e-05,-3.898106404e-05,160,-30,1,25,0,,1,0.5099999984,1,2.25,1,0.45,0,
eth-updown-15m-1790110800,eth,15m,2026-09-22 21:00:00+00:00,0,0.505,0.0007629575673,-5.965844813e-05,419,-29,3,61.78,2,0.6078,1,0.5,8,40.75,8,0.6572580645,0,
eth-updown-5m-1790111700,eth,5m,2026-09-22 21:15:00+00:00,1,0.545,1.728400116e-05,-6.064639965e-07,228,-6488,3,19.6992,2,0.5574610682,1,0.44,2,14.809999,2,0.5408698408,0,
eth-updown-15m-1790111700,eth,15m,2026-09-22 21:15:00+00:00,1,0.51,1.728400116e-05,-6.064639965e-07,176,-294,2,81.74000001,2,0.5298971966,0,,0,0,0,,0,
btc-updown-5m-1790112300,btc,5m,2026-09-22 21:25:00+00:00,1,0.515,-5.605152011e-08,-4.638746472e-08,1323,-2209,29,505.665699,22,0.5363966781,7,0.4797412838,9,43.15,7,0.535214617,2,0.4786163825
eth-updown-5m-1790113200,eth,5m,2026-09-22 21:40:00+00:00,0,0.505,4.121400457e-06,6.788198039e-06,129,-41,10,54.6744,2,0.5399999706,8,0.4772316743,4,13.489999,0,,4,0.6284947619
btc-updown-15m-1790113500,btc,15m,2026-09-22 21:45:00+00:00,0,0.525,3.271368919e-05,7.955792709e-05,986,-5171,7,109.91,3,0.5199999897,4,0.4846601942,10,242.6132,10,0.5132584876,0,
btc-updown-5m-1790115300,btc,5m,2026-09-22 22:15:00+00:00,1,0.535,5.691832442e-05,5.354735558e-06,1041,-779,31,574.916496,24,0.5740217181,7,0.4339098873,38,444.178199,17,0.5559557223,21,0.4451907978
btc-updown-15m-1790115300,btc,15m,2026-09-22 22:15:00+00:00,1,0.555,5.691832442e-05,5.354735558e-06,587,-1790,7,77.0382,7,0.5735737499,0,,19,182.471,15,0.5736869071,4,0.4487489882
eth-updown-15m-1790115300,eth,15m,2026-09-22 22:15:00+00:00,1,0.555,1.174401444e-05,1.253616547e-05,153,-874,4,62.509998,4,0.575958079,0,,3,16.6,2,0.5599999815,1,0.42
eth-updown-15m-1790116200,eth,15m,2026-09-22 22:30:00+00:00,1,0.535,-1.031719613e-05,-2.099841644e-05,95,-952,0,0,0,,0,,1,21.15,0,,1,0.47
sol-updown-15m-1790116200,sol,15m,2026-09-22 22:30:00+00:00,1,0.495,2.398110289e-05,2.539177391e-05,46,41,0,0,0,,0,,0,0,0,,0,
btc-updown-5m-1790118900,btc,5m,2026-09-22 23:15:00+00:00,1,0.495,3.570171785e-05,2.801412931e-05,2467,-770,52,563.3529,32,0.4977497265,20,0.5216474696,26,216.829998,16,0.513525523,10,0.4839047802
eth-updown-15m-1790119800,eth,15m,2026-09-22 23:30:00+00:00,0,0.5,0.0001798735958,2.297184317e-05,162,-895,0,0,0,,0,,0,0,0,,0,
btc-updown-5m-1790120400,btc,5m,2026-09-22 23:40:00+00:00,0,0.515,-7.634661843e-05,-5.407663971e-05,3042,-284,53,766.207,19,0.508747054,34,0.4971214466,24,292.5666,12,0.4813018412,12,0.5238926569
sol-updown-15m-1790120700,sol,15m,2026-09-22 23:45:00+00:00,1,0.51,0.0002590206781,0.0001210761134,81,-283,0,0,0,,0,,0,0,0,,0,
btc-updown-5m-1790121300,btc,5m,2026-09-22 23:55:00+00:00,1,0.505,6.146142396e-05,-3.184494871e-05,2048,-4853,25,332.1462,17,0.5158035066,8,0.5,26,320.231199,21,0.5992396714,5,0.4101130752
eth-updown-15m-1790121600,eth,15m,2026-09-23 00:00:00+00:00,1,0.505,7.608428508e-05,0.0001469688643,204,-290,2,514.999999,2,0.6152331134,0,,3,28.019999,1,0.6073691598,2,0.4915755543
eth-updown-5m-1790122200,eth,5m,2026-09-23 00:10:00+00:00,1,0.515,8.453371005e-05,0.0003575337188,128,-292,9,37.395899,1,0.5899999813,8,0.4361081151,0,0,0,,0,
sol-updown-15m-1790122500,sol,15m,2026-09-23 00:15:00+00:00,1,0.495,-0.0001403292126,-0.0002890810191,118,-46,1,2.7,0,,1,0.5199999692,1,4.64,0,,1,0.5599999517
btc-updown-15m-1790123400,btc,15m,2026-09-23 00:30:00+00:00,0,0.475,6.559497953e-05,-7.562950203e-05,1439,-703,22,424.2758,18,0.5061991917,4,0.5004089991,93,1177.9937,24,0.4624741591,69,0.5111800864
eth-updown-15m-1790125200,eth,15m,2026-09-23 01:00:00+00:00,1,0.495,-0.0001424415455,5.916441733e-05,96,8,0,0,0,,0,,0,0,0,,0,
sol-updown-5m-1790127000,sol,5m,2026-09-23 01:30:00+00:00,0,0.5,3.363379524e-05,-0.0001513508062,67,-50,5,29.74,3,0.4899999653,2,0.5227397256,0,0,0,,0,
sol-updown-15m-1790127000,sol,15m,2026-09-23 01:30:00+00:00,0,0.495,3.363379524e-05,-0.0001513508062,34,-293,0,0,0,,0,,0,0,0,,0,
btc-updown-15m-1790127900,btc,15m,2026-09-23 01:45:00+00:00,1,0.505,-0.0003230975601,0.000189653426,1810,-1030,4,17.83,2,0.51,2,0.5062814043,9,92.3171,5,0.4496760786,4,0.5595068587
eth-updown-5m-1790129100,eth,5m,2026-09-23 02:05:00+00:00,1,0.5,7.384848542e-05,0.0003366125828,510,-47,11,171.889999,3,0.652759569,8,0.4277703559,8,42.8102,2,0.4364515847,6,0.5080625737
btc-updown-15m-1790131500,btc,15m,2026-09-23 02:45:00+00:00,1,0.495,0.0001186535565,-6.48050053e-05,673,-1153,5,33.5909,1,0.5,4,0.5002487668,1,25.452,1,0.56,0,
eth-updown-5m-1790132400,eth,5m,2026-09-23 03:00:00+00:00,0,0.5,-0.0002009066144,8.506102229e-05,135,-49,11,43.3369,10,0.5099999728,1,0.5,3,21.679999,0,,3,0.5627642598
eth-updown-15m-1790132400,eth,15m,2026-09-23 03:00:00+00:00,1,0.495,-0.0002009066144,8.506102229e-05,126,-338,0,0,0,,0,,0,0,0,,0,
sol-updown-5m-1790132400,sol,5m,2026-09-23 03:00:00+00:00,0,0.5,4.079189733e-05,9.002571366e-05,63,-26,5,24.491,5,0.4899999868,0,,1,8.48,1,0.53,0,
btc-updown-5m-1790135700,btc,5m,2026-09-23 03:55:00+00:00,0,0.495,1.099829711e-05,-3.975429448e-05,1607,-872,34,631.828,18,0.5120051758,16,0.4898499697,38,303.189995,32,0.5425405292,6,0.4660699192
sol-updown-15m-1790136900,sol,15m,2026-09-23 04:15:00+00:00,1,0.49,-6.715127506e-05,-0.0001874527002,66,-115,0,0,0,,0,,0,0,0,,0,
eth-updown-5m-1790139300,eth,5m,2026-09-23 04:55:00+00:00,0,0.475,7.51853011e-05,-8.160408471e-05,324,-3073,17,136.1984,14,0.4874185876,3,0.4996025909,4,45.3816,2,0.4865340557,2,0.5199999967
btc-updown-5m-1790140200,btc,5m,2026-09-23 05:10:00+00:00,1,0.515,0.0001423642928,-0.0001501974176,1214,-2602,50,503.038099,26,0.5181832682,24,0.4954117267,20,527.081,10,0.6038257871,10,0.3716370419
sol-updown-5m-1790140200,sol,5m,2026-09-23 05:10:00+00:00,1,0.505,0.0001203340811,-0.0003638653738,90,-62,4,14.7425,4,0.4679299671,0,,0,0,0,,0,
sol-updown-15m-1790141400,sol,15m,2026-09-23 05:30:00+00:00,0,0.51,6.582296566e-05,9.804402184e-05,157,-413,1,1.5,1,0.5199998891,0,,1,1,1,0.5099998215,0,
sol-updown-5m-1790141700,sol,5m,2026-09-23 05:35:00+00:00,0,0.51,-0.0002369055382,-7.288159827e-05,169,-163,6,26.7264,0,,6,0.5012453113,0,0,0,,0,
sol-updown-15m-1790143200,sol,15m,2026-09-23 06:00:00+00:00,1,0.525,-1.68888964e-05,0.0004053164057,116,-937,3,9.7,3,0.5340037338,0,,0,0,0,,0,
sol-updown-5m-1790145600,sol,5m,2026-09-23 06:40:00+00:00,1,0.505,-0.0001035838617,-0.0002883526545,111,-149,5,18.17,3,0.4645398545,2,0.5452631273,0,0,0,,0,
btc-updown-15m-1790146800,btc,15m,2026-09-23 07:00:00+00:00,0,0.465,-0.000177557117,-3.700081078e-05,774,-1990,1,2,1,0.469999906,0,,8,179.4648,7,0.4441558309,1,0.56
sol-updown-15m-1790146800,sol,15m,2026-09-23 07:00:00+00:00,0,0.5,-5.604108933e-06,2.521675906e-05,98,-935,0,0,0,,0,,0,0,0,,0,
btc-updown-5m-1790147100,btc,5m,2026-09-23 07:05:00+00:00,0,0.505,-0.0002761736833,-0.000192786493,1313,-370,58,513.379097,21,0.4528283262,37,0.539966371,22,265.540299,12,0.4223458533,10,0.5915654604
sol-updown-5m-1790148000,sol,5m,2026-09-23 07:20:00+00:00,0,0.5,-0.0005633400326,-0.001081556762,88,-124,3,10.12,0,,3,0.6368534907,2,10.174,1,0.3699998938,1,0.64
eth-updown-15m-1790149500,eth,15m,2026-09-23 07:45:00+00:00,1,0.515,0.0003050202691,-0.0007314646801,271,-340,4,43.4964,4,0.5304886899,0,,3,27.64,2,0.6143902439,1,0.419999952
eth-updown-5m-1790149800,eth,5m,2026-09-23 07:50:00+00:00,1,0.525,-0.0001251486902,-0.0001424446717,184,-568,10,77.45,2,0.4699999849,8,0.5082191775,2,12.66,2,0.4626904985,0,
eth-updown-5m-1790150400,eth,5m,2026-09-23 08:00:00+00:00,1,0.51,-5.930243808e-05,-3.402517864e-05,373,-100,5,24.448,4,0.5033898271,1,0.51,14,86.796298,9,0.5213821955,5,0.449999794
eth-updown-15m-1790150400,eth,15m,2026-09-23 08:00:00+00:00,1,0.515,-5.930243808e-05,-3.402517864e-05,231,-895,0,0,0,,0,,0,0,0,,0,
sol-updown-15m-1790150400,sol,15m,2026-09-23 08:00:00+00:00,0,0.515,-0.0003321472644,1.97842667e-05,153,-586,0,0,0,,0,,0,0,0,,0,
btc-updown-15m-1790152200,btc,15m,2026-09-23 08:30:00+00:00,0,0.505,-3.816271984e-05,-0.0001235574818,1079,-1979,3,23.37,2,0.5248124208,1,0.5,3,41.336399,1,0.5338866457,2,0.4989962121
btc-updown-15m-1790153100,btc,15m,2026-09-23 08:45:00+00:00,0,0.505,-4.66382094e-06,-4.397341596e-05,1784,-821,2,10.619999,2,0.5405192783,0,,10,131.901999,9,0.5548715146,1,0.46
btc-updown-15m-1790154900,btc,15m,2026-09-23 09:15:00+00:00,0,0.525,1.554682918e-05,3.12917028e-05,975,-85127,2,12.1,2,0.5299999925,0,,7,229.0879,4,0.5231670285,3,0.5004356991
eth-updown-15m-1790154900,eth,15m,2026-09-23 09:15:00+00:00,0,0.515,-1.0098452e-05,4.015001506e-05,332,-892,0,0,0,,0,,9,67.914,0,,9,0.49
btc-updown-5m-1790159400,btc,5m,2026-09-23 10:30:00+00:00,1,0.535,0.0002061983896,0.0002150637276,2027,-85352,31,300.695597,20,0.5814255474,11,0.4299913681,18,140.3454,10,0.6299999937,8,0.3763517748
eth-updown-5m-1790160000,eth,5m,2026-09-23 10:40:00+00:00,1,0.505,0.0005576495051,0.0002126760413,189,-293,11,77.852298,9,0.5947085363,2,0.4172217524,6,19.03,1,0.7099999769,5,0.3123854924
sol-updown-5m-1790160000,sol,5m,2026-09-23 10:40:00+00:00,1,0.5,0.000503758689,0.0002157913874,93,-53,0,0,0,,0,,1,1.33,0,,1,0.35
sol-updown-5m-1790160900,sol,5m,2026-09-23 10:55:00+00:00,1,0.495,0.0001207082023,1.420262891e-05,78,-85392,1,9.199999999,1,0.5099999911,0,,5,12.0451,5,0.5487222849,0,
btc-updown-5m-1790163900,btc,5m,2026-09-23 11:45:00+00:00,1,0.535,0.0001868630728,7.302703442e-05,901,-5879,27,144.226299,20,0.5857031477,7,0.3614584855,35,257.774593,18,0.6732990665,17,0.3492748023
btc-updown-5m-1790165400,btc,5m,2026-09-23 12:10:00+00:00,0,0.505,0.0001444172349,-9.24928635e-05,1273,-1693,38,518.740299,21,0.5241974752,17,0.4322350011,9,49.647998,6,0.5899999814,3,0.4199999811
btc-updown-15m-1790165700,btc,15m,2026-09-23 12:15:00+00:00,1,0.515,5.150904313e-05,0.0001213942538,1688,-3232,3,27.6864,3,0.5199999992,0,,12,160.578199,8,0.5320092986,4,0.4770288076
eth-updown-15m-1790166600,eth,15m,2026-09-23 12:30:00+00:00,1,0.505,1.248947119e-05,-0.000172783575,254,-592,3,8.87,2,0.5099999078,1,0.5,1,2.65,1,0.53,0,
sol-updown-15m-1790167500,sol,15m,2026-09-23 12:45:00+00:00,0,0.495,3.278929245e-05,-0.0001967468345,100,-85461,0,0,0,,0,,0,0,0,,0,
sol-updown-5m-1790168100,sol,5m,2026-09-23 12:55:00+00:00,1,0.51,-7.133456267e-06,-0.0001483781134,153,-130,9,32.59,4,0.509999966,5,0.5,5,16.4081,1,0.51,4,0.5053515597
btc-updown-15m-1790170200,btc,15m,2026-09-23 13:30:00+00:00,1,0.535,-2.285630275e-05,-0.0001083065895,791,-4073,2,62.7415,0,,2,0.475621047,37,873.0309,1,0.5399999325,36,0.4878191768
sol-updown-15m-1790170200,sol,15m,2026-09-23 13:30:00+00:00,1,0.505,-3.427239701e-05,6.569204429e-05,188,-935,1,1,1,0.5199999792,0,,2,5.88,0,,2,0.49
eth-updown-5m-1790171100,eth,5m,2026-09-23 13:45:00+00:00,0,0.495,-1.45179503e-05,0.0002847167639,180,-17,3,10.0496,3,0.5199999959,0,,3,13.3,2,0.4713426778,1,0.5
btc-updown-15m-1790172000,btc,15m,2026-09-23 14:00:00+00:00,0,0.495,0.0001086154687,-5.550957877e-05,606,-2018,6,31.4988,2,0.4899999938,4,0.5099999519,18,207.621,4,0.5136733333,14,0.501652067
sol-updown-5m-1790172000,sol,5m,2026-09-23 14:00:00+00:00,0,0.495,0.0002797194831,5.70973424e-06,171,-275,3,12.5,3,0.5,0,,1,22.56,0,,1,0.47
eth-updown-5m-1790172900,eth,5m,2026-09-23 14:15:00+00:00,0,0.53,-0.0003437973185,-0.0003251837937,321,-496,13,111.095599,8,0.5372162184,5,0.4412610383,11,63.951999,5,0.5307050908,6,0.4804220083
btc-updown-15m-1790174700,btc,15m,2026-09-23 14:45:00+00:00,1,0.505,-0.000481532616,0.0001259659121,812,-2137,6,226.78,3,0.5,3,0.5063290467,6,81.5506,2,0.4548727713,4,0.5493565529
sol-updown-5m-1790175900,sol,5m,2026-09-23 15:05:00+00:00,1,0.495,-0.0003023794683,2.220446049e-16,163,-218,2,25.498,0,,2,0.5099999942,5,28.89,1,0.3813333181,4,0.6065909091
btc-updown-15m-1790177400,btc,15m,2026-09-23 15:30:00+00:00,0,0.495,-0.0001289991225,-6.575880631e-05,547,-6403,7,61.05,4,0.5,3,0.5099999972,20,223.7212,9,0.5252232077,11,0.4994509759
btc-updown-5m-1790178600,btc,5m,2026-09-23 15:50:00+00:00,0,0.525,0.0002763772917,7.578192468e-05,2311,-2429,53,601.263898,22,0.5609047403,31,0.4499326241,55,458.249092,33,0.5973143509,22,0.4277463926
btc-updown-15m-1790179200,btc,15m,2026-09-23 16:00:00+00:00,1,0.505,4.881700234e-05,-0.0005311977032,862,-1934,15,350.530599,10,0.5459805748,5,0.479865953,24,254.6728,19,0.5292420333,5,0.4796582666
eth-updown-5m-1790179500,eth,5m,2026-09-23 16:05:00+00:00,1,0.525,0.0001080730575,0.0002979697175,185,-289,19,203.6723,3,0.5552275395,16,0.4631514137,4,18.796,3,0.5498770656,1,0.4899999824
sol-updown-5m-1790179500,sol,5m,2026-09-23 16:05:00+00:00,1,0.515,0.001642175638,0.0005676116285,62,-280,5,26.759998,4,0.6291187151,1,0.4599999977,1,3.5,1,0.7,0,
btc-updown-15m-1790180100,btc,15m,2026-09-23 16:15:00+00:00,0,0.495,0.0002205804457,-3.866762757e-05,638,-1933,14,302.15,11,0.4948921556,3,0.5143889366,36,202.8015,34,0.5362341586,2,0.4740636087
btc-updown-15m-1790182800,btc,15m,2026-09-23 17:00:00+00:00,0,0.525,0.0001334882082,-7.996723764e-05,597,-1928,5,220.3549,4,0.5330634176,1,0.47,5,60.759999,3,0.5764685933,2,0.4386869586
sol-updown-15m-1790182800,sol,15m,2026-09-23 17:00:00+00:00,0,0.505,7.138949456e-05,1.457014432e-05,60,-292,0,0,0,,0,,0,0,0,,0,
sol-updown-5m-1790183700,sol,5m,2026-09-23 17:15:00+00:00,1,0.51,0.000359007239,0.0001114006879,32,-56,0,0,0,,0,,1,2.3,0,,1,0.4499999217
sol-updown-15m-1790183700,sol,15m,2026-09-23 17:15:00+00:00,1,0.515,0.000359007239,0.0001114006879,59,-935,2,7.0579,2,0.5327447947,0,,0,0,0,,0,
btc-updown-5m-1790184000,btc,5m,2026-09-23 17:20:00+00:00,1,0.505,2.208481821e-05,-0.0001421150163,1365,-1060,43,532.838499,16,0.4926384031,27,0.5041797688,33,415.288399,17,0.4767780997,16,0.5295475929
sol-updown-5m-1790184300,sol,5m,2026-09-23 17:25:00+00:00,0,0.5,-0.001346616847,5.828541786e-06,122,-280,8,27.633398,0,,8,0.5750052343,4,38.87,3,0.2474772006,1,0.73
btc-updown-15m-1790184600,btc,15m,2026-09-23 17:30:00+00:00,1,0.505,3.317151213e-05,-4.621215256e-05,697,-1925,0,0,0,,0,,14,255.8704,9,0.5129423715,5,0.4943801216
btc-updown-5m-1790187900,btc,5m,2026-09-23 18:25:00+00:00,0,0.505,-4.476914122e-05,-0.0002522408459,1817,-6326,45,713.508899,22,0.4980275144,23,0.5259856928,18,202.362799,7,0.4520134163,11,0.5589175197
btc-updown-15m-1790188200,btc,15m,2026-09-23 18:30:00+00:00,1,0.505,-0.0001680704898,-0.0002212542043,773,-1730,13,654.0825,10,0.4723986315,3,0.5283173944,6,49.5825,3,0.4469024629,3,0.5602276524
btc-updown-5m-1790189100,btc,5m,2026-09-23 18:45:00+00:00,1,0.515,0.0001037310059,1.898602503e-05,2054,-2650,47,652.983295,30,0.5409940033,17,0.4135981564,19,145.777298,6,0.5495359326,13,0.4565992539
btc-updown-15m-1790190000,btc,15m,2026-09-23 19:00:00+00:00,1,0.505,-0.0001833659298,-0.0001701998889,785,-1789,11,291.699999,5,0.4680946979,6,0.550428593,5,52.1095,1,0.4399998592,4,0.5490622174
sol-updown-5m-1790190600,sol,5m,2026-09-23 19:10:00+00:00,1,0.51,-0.000125568893,-0.000715490397,118,-38,3,9.18,0,,3,0.5799483429,2,3.95,1,0.4499998425,1,0.5801666396
eth-updown-5m-1790191500,eth,5m,2026-09-23 19:25:00+00:00,0,0.485,0.000369228415,1.421282812e-05,325,-106,24,115.667,21,0.5124027861,3,0.4424118762,11,58.999998,4,0.6075547002,7,0.4134509858
eth-updown-15m-1790191800,eth,15m,2026-09-23 19:30:00+00:00,1,0.47,0.000149259287,-0.0002218608523,305,-323,0,0,0,,0,,7,22.917199,4,0.4994498624,3,0.4736608558
btc-updown-15m-1790192700,btc,15m,2026-09-23 19:45:00+00:00,1,0.485,-7.09819919e-05,0.0001348389387,997,-1781,0,0,0,,0,,9,115.3167,1,0.46,8,0.5687001154
btc-updown-5m-1790193000,btc,5m,2026-09-23 19:50:00+00:00,0,0.505,-9.235875174e-05,0.0002911668664,1878,-4540,92,1237.093799,61,0.4376548745,31,0.5217227923,64,603.735197,44,0.4236868762,20,0.5885510585
btc-updown-5m-1790194500,btc,5m,2026-09-23 20:15:00+00:00,0,0.505,-0.0003911218261,0.000192162662,2229,-5983,86,474.110191,25,0.4384396971,61,0.5167652794,21,210.783996,12,0.310611568,9,0.6950404925
btc-updown-15m-1790196300,btc,15m,2026-09-23 20:45:00+00:00,0,0.495,8.599836736e-06,-7.931923883e-05,463,-1793,2,31.42,2,0.5067741935,0,,7,143.3684,3,0.5508403357,4,0.4454369647
sol-updown-5m-1790197200,sol,5m,2026-09-23 21:00:00+00:00,1,0.51,0.0002324016086,-6.140162365e-05,204,-361,1,2.849999,1,0.5499999325,0,,2,3.4,1,0.559999776,1,0.4499999438
sol-updown-15m-1790197200,sol,15m,2026-09-23 21:00:00+00:00,1,0.51,0.0002324016086,-6.140162365e-05,103,-332,0,0,0,,0,,0,0,0,,0,
btc-updown-15m-1790198100,btc,15m,2026-09-23 21:15:00+00:00,1,0.505,3.141344115e-05,8.855217024e-05,614,-877,1,1,0,,1,0.5,2,16.78,0,,2,0.5084848485
sol-updown-15m-1790200800,sol,15m,2026-09-23 22:00:00+00:00,1,0.48,-3.632282272e-05,-0.0003312730505,57,-326,0,0,0,,0,,0,0,0,,0,
eth-updown-5m-1790201100,eth,5m,2026-09-23 22:05:00+00:00,1,0.495,-0.0002677110297,7.467869495e-05,149,-527,5,21.155899,1,0.5,4,0.536375985,8,69.4224,0,,8,0.6866788483
eth-updown-5m-1790201700,eth,5m,2026-09-23 22:15:00+00:00,1,0.475,-0.0002613554027,-0.0001658619352,342,-451,2,27.352,2,0.48802595,0,,1,3,0,,1,0.5699999886
eth-updown-5m-1790202600,eth,5m,2026-09-23 22:30:00+00:00,0,0.485,-0.0003374020773,1.239987873e-06,96,-529,8,98.688599,2,0.467884274,6,0.5768787026,7,47.999995,0,,7,0.707586053
eth-updown-15m-1790203500,eth,15m,2026-09-23 22:45:00+00:00,1,0.505,7.205648561e-05,0.0001389047419,151,-544,0,0,0,,0,,0,0,0,,0,
sol-updown-15m-1790204400,sol,15m,2026-09-23 23:00:00+00:00,0,0.485,0.0005240915746,7.820952335e-05,85,-553,0,0,0,,0,,0,0,0,,0,
sol-updown-15m-1790205300,sol,15m,2026-09-23 23:15:00+00:00,0,0.495,-0.0001709998714,-0.0002434486248,62,-293,0,0,0,,0,,0,0,0,,0,
sol-updown-15m-1790208000,sol,15m,2026-09-24 00:00:00+00:00,1,0.5,-0.0001855061715,2.8983407e-05,147,-877,0,0,0,,0,,1,4.8,0,,1,0.6
btc-updown-15m-1790208900,btc,15m,2026-09-24 00:15:00+00:00,0,0.535,-6.914973244e-08,-6.717402582e-08,2271,-871,0,0,0,,0,,10,32.756599,8,0.5502394854,2,0.4499999883
btc-updown-5m-1790209500,btc,5m,2026-09-24 00:25:00+00:00,0,0.505,0.0001679901069,4.737012526e-05,2114,-2995,47,327.080093,27,0.5766465231,20,0.4309674256,16,108.579098,9,0.6004082522,7,0.4100865848
eth-updown-15m-1790209800,eth,15m,2026-09-24 00:30:00+00:00,0,0.485,0.0001737153115,-8.049198591e-05,207,-296,7,697.105298,4,0.4798332497,3,0.598889372,6,79.6,4,0.5,2,0.46
eth-updown-15m-1790210700,eth,15m,2026-09-24 00:45:00+00:00,0,0.485,-2.128558544e-05,0.0001203885449,172,-980,0,0,0,,0,,7,20.05,5,0.4450458708,2,0.52
sol-updown-5m-1790210700,sol,5m,2026-09-24 00:45:00+00:00,0,0.5,-2.607301313e-05,0.0002230581278,73,-23,1,1.47,1,0.5399998457,0,,1,2.35,0,,1,0.47
sol-updown-15m-1790214300,sol,15m,2026-09-24 01:45:00+00:00,0,0.505,-0.000689427476,0.0006237081828,89,-385,1,4,0,,1,0.5,1,1.25,1,0.4399998592,0,
sol-updown-5m-1790216400,sol,5m,2026-09-24 02:20:00+00:00,0,0.505,0.0005968644513,0.0004376247192,71,-191,0,0,0,,0,,0,0,0,,0,
btc-updown-5m-1790217300,btc,5m,2026-09-24 02:35:00+00:00,1,0.495,-0.0002813758309,-6.178958779e-05,2561,-2996,71,852.624596,23,0.4730052379,48,0.5438707054,31,211.040597,17,0.3347944637,14,0.6947870419
sol-updown-5m-1790219400,sol,5m,2026-09-24 03:10:00+00:00,0,0.495,0.0001084375238,6.072883277e-05,95,-76,6,31.647,6,0.5275040955,0,,0,0,0,,0,
sol-updown-15m-1790220600,sol,15m,2026-09-24 03:30:00+00:00,1,0.51,0.0003150902861,6.390351733e-05,141,-306,0,0,0,,0,,0,0,0,,0,
btc-updown-5m-1790220900,btc,5m,2026-09-24 03:35:00+00:00,0,0.525,6.221026095e-05,0.0001242775634,1468,-4301,90,2570.522892,27,0.6171353444,63,0.4214149153,31,1264.251198,13,0.5585402861,18,0.451202226
eth-updown-15m-1790221500,eth,15m,2026-09-24 03:45:00+00:00,1,0.515,0.0001749393283,-1.195937103e-05,246,-377,0,0,0,,0,,0,0,0,,0,
eth-updown-5m-1790222100,eth,5m,2026-09-24 03:55:00+00:00,1,0.505,-5.419117339e-05,2.404141551e-05,263,-292,3,42.499,1,0.51,2,0.5,2,8.989999,1,0.4399999878,1,0.5630769001
eth-updown-5m-1790223000,eth,5m,2026-09-24 04:10:00+00:00,0,0.505,-2.803723906e-06,0.0001956358264,144,-294,2,16.403,0,,2,0.47,2,2.5,1,0.5399999568,1,0.469999906
eth-updown-5m-1790225100,eth,5m,2026-09-24 04:45:00+00:00,0,0.505,0.0001610688397,5.880188178e-05,240,-39,6,30.8549,5,0.4895353846,1,0.51,2,7.28,1,0.61,1,0.3799998969
btc-updown-5m-1790225700,btc,5m,2026-09-24 04:55:00+00:00,1,0.505,9.854967172e-05,0.0001972799375,733,-2995,14,241.504198,10,0.5586906286,4,0.4391532198,21,146.199798,16,0.6011770558,5,0.4207355088
btc-updown-15m-1790226900,btc,15m,2026-09-24 05:15:00+00:00,0,0.475,-3.328923213e-05,-0.0002145669935,745,-18343,3,11.01,1,0.479999983,2,0.5299998463,2,59.3372,0,,2,0.5350031557
eth-updown-5m-1790227800,eth,5m,2026-09-24 05:30:00+00:00,0,0.495,1.299806617e-06,-0.0001904028785,154,-3286,11,80.7786,4,0.47,7,0.5355840513,5,22.5,4,0.5002251595,1,0.5399999568
eth-updown-15m-1790227800,eth,15m,2026-09-24 05:30:00+00:00,0,0.485,1.299806617e-06,-0.0001904028785,324,-897,3,6.96,0,,3,0.5596362815,2,9.6978,0,,2,0.5497173727
sol-updown-15m-1790228700,sol,15m,2026-09-24 05:45:00+00:00,0,0.495,9.389705278e-05,-0.0001675772665,53,-10,1,2,0,,1,0.5599999328,0,0,0,,0,
eth-updown-15m-1790230500,eth,15m,2026-09-24 06:15:00+00:00,1,0.505,-5.767103345e-06,-0.0001417579212,373,-127,0,0,0,,0,,1,2.6,0,,1,0.52
sol-updown-5m-1790230500,sol,5m,2026-09-24 06:15:00+00:00,1,0.495,-7.093179043e-05,-0.0002836969788,252,-105,0,0,0,,0,,5,15.98,1,0.4499998425,4,0.5586438842
sol-updown-5m-1790230800,sol,5m,2026-09-24 06:20:00+00:00,0,0.5,-0.0004096690641,-0.0001071102382,96,-394,2,25,0,,2,0.5,0,0,0,,0,
eth-updown-5m-1790231400,eth,5m,2026-09-24 06:30:00+00:00,0,0.5,8.816073829e-05,8.581462014e-05,316,-109,2,30.8698,2,0.5231617334,0,,4,40.9576,1,0.5399999568,3,0.4811048796
btc-updown-5m-1790232600,btc,5m,2026-09-24 06:50:00+00:00,0,0.505,0.0001650027987,1.394189677e-05,1361,-2997,47,265.328999,32,0.5247321912,15,0.4484370055,18,125.600597,7,0.5808266226,11,0.4219224401
eth-updown-5m-1790233200,eth,5m,2026-09-24 07:00:00+00:00,0,0.505,-0.0001186284076,-2.816554167e-05,144,-94,3,55.169999,1,0.47,2,0.5344505095,3,15.726299,0,,3,0.5817126069
btc-updown-15m-1790234100,btc,15m,2026-09-24 07:15:00+00:00,1,0.515,0.0002953583533,-2.314246358e-05,385,-1482,8,240.19,4,0.5297661509,4,0.4619918943,3,40.55,2,0.5808985158,1,0.39
sol-updown-5m-1790236500,sol,5m,2026-09-24 07:55:00+00:00,0,0.5,3.891126287e-05,-0.0001989077377,70,-297,0,0,0,,0,,0,0,0,,0,
sol-updown-5m-1790237100,sol,5m,2026-09-24 08:05:00+00:00,0,0.495,6.205636018e-05,0.0001558563008,213,-297,0,0,0,,0,,1,2.7,1,0.5299999607,0,
btc-updown-15m-1790240400,btc,15m,2026-09-24 09:00:00+00:00,0,0.515,0.000386081373,0.0002205432704,783,-934,6,153.419999,5,0.5324128716,1,0.4899999992,2,54.89,2,0.5854659429,0,
eth-updown-15m-1790240400,eth,15m,2026-09-24 09:00:00+00:00,0,0.535,0.000322608508,7.196283123e-05,194,-936,1,9.86,1,0.5635076557,0,,10,57.9,10,0.6505617978,0,
eth-updown-5m-1790241600,eth,5m,2026-09-24 09:20:00+00:00,0,0.525,0.001051726396,0.0002435401184,389,-297,8,89.968998,6,0.5999209213,2,0.3956944169,3,37.81,2,0.7404347826,1,0.25
sol-updown-15m-1790244900,sol,15m,2026-09-24 10:15:00+00:00,1,0.515,0.001049955562,6.789096713e-05,211,-454,3,54.5224,3,0.6098702461,0,,1,6.7776,1,0.64,0,
eth-updown-5m-1790245500,eth,5m,2026-09-24 10:25:00+00:00,1,0.505,-0.000126055916,1.845576564e-05,374,-174,13,191.4755,1,0.4647428571,12,0.4656638119,4,19.05,4,0.489999975,0,
btc-updown-15m-1790246700,btc,15m,2026-09-24 10:45:00+00:00,1,0.495,1.261032222e-06,2.60600178e-06,737,-4228,4,27.355,4,0.5,0,,6,64.929,2,0.4847524752,4,0.5213277522
eth-updown-5m-1790247300,eth,5m,2026-09-24 10:55:00+00:00,1,0.495,-0.0003150573646,-0.0001236356798,325,-57,8,114.463598,4,0.434268699,4,0.5684383483,14,85.2768,2,0.2961999188,12,0.7043304536
sol-updown-5m-1790247900,sol,5m,2026-09-24 11:05:00+00:00,0,0.5,-0.0001614714456,0.0002318956304,114,-148,1,2.25,1,0.45,0,,1,8.25,0,,1,0.6346153846
btc-updown-5m-1790248200,btc,5m,2026-09-24 11:10:00+00:00,1,0.505,0.0003149967386,0.0002117815903,1887,-8974,66,657.751596,41,0.5448755321,25,0.4367121173,23,190.351394,15,0.6593019154,8,0.3161570976
btc-updown-15m-1790250300,btc,15m,2026-09-24 11:45:00+00:00,1,0.505,8.230491069e-05,3.188539996e-05,715,-829,3,246.71,0,,3,0.5039289937,5,84.9067,2,0.5179317189,3,0.4711459494
sol-updown-15m-1790250300,sol,15m,2026-09-24 11:45:00+00:00,1,0.505,0.000148676011,2.220446049e-16,161,-933,0,0,0,,0,,0,0,0,,0,
btc-updown-15m-1790251200,btc,15m,2026-09-24 12:00:00+00:00,1,0.505,-0.0002591489103,0.0004922477309,919,-851,10,172.7096,2,0.5289067023,8,0.4933696925,5,17.22,1,0.4,4,0.5688819194
eth-updown-15m-1790251200,eth,15m,2026-09-24 12:00:00+00:00,1,0.515,-0.0001564140216,0.0005909122403,295,-879,4,63.9045,0,,4,0.5061742574,3,22.9,1,0.4899999531,2,0.5718821112
btc-updown-5m-1790251800,btc,5m,2026-09-24 12:10:00+00:00,0,0.51,0.0001142152846,-0.0001249221949,3148,-12475,74,1156.857799,44,0.5327625804,30,0.5029807995,22,238.315998,12,0.5770152599,10,0.4480366438
btc-updown-15m-1790252100,btc,15m,2026-09-24 12:15:00+00:00,1,0.495,2.37054379e-05,-0.0001457383824,912,-662,4,30.5,2,0.5,2,0.5076569508,11,225.3836,3,0.454787234,8,0.5569807798
btc-updown-5m-1790252400,btc,5m,2026-09-24 12:20:00+00:00,1,0.505,-5.142806373e-05,-8.802503939e-05,1016,-312,59,490.6816,26,0.5059001724,33,0.505364318,18,98.194,9,0.490347938,9,0.5298686521
btc-updown-15m-1790253000,btc,15m,2026-09-24 12:30:00+00:00,0,0.485,-6.345480804e-06,-1.27308171e-05,694,-1557,3,243,1,0.5036813059,2,0.5247528693,8,26.5,7,0.51,1,0.4799998464
eth-updown-15m-1790253000,eth,15m,2026-09-24 12:30:00+00:00,0,0.505,-1.680188566e-05,-6.078911446e-05,178,-297,2,17.55,1,0.51,1,0.5,1,8.16,0,,1,0.51
sol-updown-15m-1790253900,sol,15m,2026-09-24 12:45:00+00:00,1,0.5,0.0004713936819,8.814067257e-05,49,-520,1,1.5,0,,1,0.469999906,0,0,0,,0,
sol-updown-5m-1790258100,sol,5m,2026-09-24 13:55:00+00:00,1,0.5,0.0006642717275,0.000308312515,104,-286,1,0.999999,1,0.6199998512,0,,2,5.2,1,0.75,1,0.259999957
sol-updown-15m-1790258400,sol,15m,2026-09-24 14:00:00+00:00,1,0.485,-0.0001608985973,0.0003072401454,192,-936,2,7.7,0,,2,0.5363855015,0,0,0,,0,
eth-updown-5m-1790260800,eth,5m,2026-09-24 14:40:00+00:00,0,0.51,0.0007736329072,-0.0003242354872,249,-859,12,128.5203,7,0.4931360932,5,0.4157469339,3,4.7952,2,0.64,1,0.32
eth-updown-15m-1790262000,eth,15m,2026-09-24 15:00:00+00:00,1,0.515,0.0006647881639,-4.732685793e-05,238,-657,0,0,0,,0,,3,20.239999,3,0.5305630966,0,
sol-updown-5m-1790262000,sol,5m,2026-09-24 15:00:00+00:00,1,0.515,0.0006153725489,-0.0003639619482,217,-219,1,2.25,0,,1,0.45,0,0,0,,0,
sol-updown-15m-1790262000,sol,15m,2026-09-24 15:00:00+00:00,1,0.515,0.0006153725489,-0.0003639619482,68,-595,6,48.349999,1,0.5499999325,5,0.4642857143,0,0,0,,0,
eth-updown-5m-1790262600,eth,5m,2026-09-24 15:10:00+00:00,1,0.51,-0.0002605725185,-0.0004747646173,472,-102,3,14.949999,0,,3,0.5499999871,1,1.44,1,0.4599999681,0,
sol-updown-5m-1790263800,sol,5m,2026-09-24 15:30:00+00:00,1,0.48,-2.88175718e-06,-0.0004611349766,87,-196,3,13.447,2,0.4299999872,1,0.54,0,0,0,,0,
sol-updown-15m-1790263800,sol,15m,2026-09-24 15:30:00+00:00,1,0.495,-2.88175718e-06,-0.0004611349766,64,-721,1,2.8,0,,1,0.5399999151,1,4.56,0,,1,0.57
sol-updown-5m-1790264700,sol,5m,2026-09-24 15:45:00+00:00,0,0.485,0.0005666149214,0.0006113074852,124,-297,2,19.09,2,0.5399999977,0,,1,7.9056,1,0.54,0,
sol-updown-15m-1790267400,sol,15m,2026-09-24 16:30:00+00:00,1,0.485,-0.0001122414984,0.0002670887063,295,-85047,3,6.369999,0,,3,0.5242703464,3,20.25,1,0.5210924063,2,0.5501176309
eth-updown-5m-1790268000,eth,5m,2026-09-24 16:40:00+00:00,1,0.485,0.0003061780307,-7.379070533e-05,201,-841,5,43.78,4,0.4905882353,1,0.52,0,0,0,,0,
btc-updown-15m-1790268300,btc,15m,2026-09-24 16:45:00+00:00,0,0.495,-0.0007818753795,-0.0007197487989,606,-2095,14,76.9261,3,0.4645440495,11,0.5339270219,4,41.1252,1,0.4,3,0.6222402637
eth-updown-15m-1790268300,eth,15m,2026-09-24 16:45:00+00:00,0,0.475,-0.001073583079,-0.0008742922456,193,-826,2,28.22,0,,2,0.5759183673,4,11.34,4,0.3399999916,0,
btc-updown-5m-1790269800,btc,5m,2026-09-24 17:10:00+00:00,0,0.505,1.249984286e-05,-3.890292574e-05,1801,-85544,54,922.731799,30,0.5308850457,24,0.4667415047,21,217.2252,5,0.5032478594,16,0.5301656784
sol-updown-5m-1790270700,sol,5m,2026-09-24 17:25:00+00:00,1,0.495,-0.0005147726309,0.0001339808124,179,-366,2,11.9976,0,,2,0.48,1,2.7054,0,,1,0.54
eth-updown-5m-1790272200,eth,5m,2026-09-24 17:50:00+00:00,0,0.525,-0.0004547766613,-0.0001797217386,193,-294,6,55.1524,1,0.53,5,0.4809068141,3,24.31,3,0.4,0,
sol-updown-15m-1790272800,sol,15m,2026-09-24 18:00:00+00:00,1,0.515,-0.000214073171,0.0002311119491,78,-292,0,0,0,,0,,0,0,0,,0,
sol-updown-15m-1790273700,sol,15m,2026-09-24 18:15:00+00:00,1,0.505,0.0004503207899,0.0004561783737,48,-160,1,5.64,0,,1,0.4599999837,0,0,0,,0,
sol-updown-5m-1790274300,sol,5m,2026-09-24 18:25:00+00:00,1,0.49,-0.0001080807421,-5.688120362e-05,134,-2298,0,0,0,,0,,0,0,0,,0,
btc-updown-5m-1790278800,btc,5m,2026-09-24 19:40:00+00:00,0,0.495,-0.0002517101945,-1.84530558e-05,840,-7821,74,1431.860093,37,0.3960278919,37,0.5699675744,30,378.206394,10,0.4247053201,20,0.585116172
btc-updown-15m-1790279100,btc,15m,2026-09-24 19:45:00+00:00,0,0.5,-0.0001601486288,0.0002679504734,1045,-7951,4,73.24,2,0.5099999982,2,0.505,12,215.8684,4,0.4558320963,8,0.5620832325
sol-updown-15m-1790279100,sol,15m,2026-09-24 19:45:00+00:00,0,0.495,5.254625669e-05,0.0001761118485,242,-936,0,0,0,,0,,0,0,0,,0,
sol-updown-5m-1790280300,sol,5m,2026-09-24 20:05:00+00:00,0,0.485,-0.001190782519,-0.0001135653854,95,-285,8,71.5856,1,0.26,7,0.6771445356,6,14.298,6,0.1906657551,0,
btc-updown-15m-1790280900,btc,15m,2026-09-24 20:15:00+00:00,0,0.505,-0.0005601121485,-8.618755139e-06,731,-664,18,364.9849,2,0.5052727273,16,0.5312573873,10,135.8814,5,0.4230056343,5,0.6053916238
eth-updown-5m-1790282100,eth,5m,2026-09-24 20:35:00+00:00,1,0.525,0.0003873603451,0.0004762435903,279,-364,5,48.586399,4,0.6055136023,1,0.3399999525,5,14.198299,4,0.609999984,1,0.4
sol-updown-15m-1790282700,sol,15m,2026-09-24 20:45:00+00:00,0,0.515,-0.0002665513052,-0.0002080622712,39,-13,2,6.505,0,,2,0.5292921074,0,0,0,,0,
eth-updown-15m-1790283600,eth,15m,2026-09-24 21:00:00+00:00,0,0.505,0.0001354742399,0.0002724551856,195,5,0,0,0,,0,,1,1.16,1,0.5499999763,0,
sol-updown-15m-1790284500,sol,15m,2026-09-24 21:15:00+00:00,1,0.515,-0.0001413418483,-2.284056713e-05,56,-333,0,0,0,,0,,0,0,0,,0,
btc-updown-5m-1790286600,btc,5m,2026-09-24 21:50:00+00:00,0,0.495,-7.610332748e-05,-0.0001292601733,2772,-15339,45,696.2474,25,0.4622601655,20,0.5438842178,10,63.14,7,0.4344842714,3,0.5699999933
eth-updown-15m-1790287200,eth,15m,2026-09-24 22:00:00+00:00,0,0.505,9.057302332e-05,3.722696349e-06,294,-162,4,38.6153,4,0.5468814616,0,,1,1.15,1,0.4499999217,0,
eth-updown-5m-1790289000,eth,5m,2026-09-24 22:30:00+00:00,1,0.505,-5.813119404e-05,-3.282536088e-05,116,-297,8,87.874999,6,0.4623601145,2,0.5268389578,4,22.75,4,0.4823669336,0,
sol-updown-5m-1790289900,sol,5m,2026-09-24 22:45:00+00:00,1,0.5,0.0002219795573,-1.145862577e-05,46,6,0,0,0,,0,,0,0,0,,0,
sol-updown-15m-1790290800,sol,15m,2026-09-24 23:00:00+00:00,1,0.505,0.0001200758194,0.0002716206477,66,89,0,0,0,,0,,0,0,0,,0,
btc-updown-15m-1790291700,btc,15m,2026-09-24 23:15:00+00:00,1,0.495,5.973802674e-05,1.977065869e-08,827,-2761,3,23,2,0.5019047609,1,0.5,7,52.798,5,0.5243466591,2,0.4769916435
eth-updown-15m-1790293500,eth,15m,2026-09-24 23:45:00+00:00,0,0.475,-0.000237620064,-0.0003726039984,103,-894,2,30.8036,0,,2,0.5520358423,3,8.5,3,0.425,0,
sol-updown-5m-1790293800,sol,5m,2026-09-24 23:50:00+00:00,1,0.495,2.990219845e-05,9.398134904e-05,63,-841,2,6,2,0.5218916589,0,,1,6,0,,1,0.5
btc-updown-5m-1790294100,btc,5m,2026-09-24 23:55:00+00:00,1,0.525,-0.0003048013387,7.108161962e-08,2146,-763,104,1473.030081,38,0.3585842439,66,0.6284109886,52,456.290788,35,0.2711398053,17,0.7283993652
