k,hour,n_wallets_both,spearman_pnl,spearman_roi
1,2026-09-23 21:00:00+00:00,2053,0.12698519041935208,0.2152306434283504
1,2026-09-23 22:00:00+00:00,2079,0.16277952342163415,0.18434383740323437
1,2026-09-23 23:00:00+00:00,2049,0.15135522044538888,0.15163220854800705
1,2026-09-24 00:00:00+00:00,2315,0.03555412096548744,0.033430631119247614
1,2026-09-24 01:00:00+00:00,2237,-0.05329582463364894,-0.01055495140254844
1,2026-09-24 02:00:00+00:00,2176,0.030964333818707744,0.07503256326808719
1,2026-09-24 03:00:00+00:00,2064,0.2000381463292231,0.24851765828183137
1,2026-09-24 04:00:00+00:00,2066,0.09421606327506249,0.13927276577086656
1,2026-09-24 05:00:00+00:00,2136,0.036084900346961005,0.045122571897717983
1,2026-09-24 06:00:00+00:00,2203,0.10871293228524867,0.13855666558170265
1,2026-09-24 07:00:00+00:00,2450,-0.01470863848948693,0.07237895244740612
1,2026-09-24 08:00:00+00:00,2622,-0.016884722685390856,0.05249942279510497
1,2026-09-24 09:00:00+00:00,2399,0.07571140759429193,0.0915005828554865
1,2026-09-24 10:00:00+00:00,2329,0.05277464336870486,0.08147081272815088
1,2026-09-24 11:00:00+00:00,2305,0.047650168648274344,0.07157745561369634
1,2026-09-24 12:00:00+00:00,2420,0.048767107569348676,0.1217749965973574
1,2026-09-24 13:00:00+00:00,2606,0.09483530830936865,0.15335384365226104
1,2026-09-24 14:00:00+00:00,2520,0.08375061849863505,0.12213866410527169
1,2026-09-24 15:00:00+00:00,2486,-0.08160869911080203,-0.04464848403446566
1,2026-09-24 16:00:00+00:00,2450,0.004910621393176314,-0.003379414770560367
1,2026-09-24 17:00:00+00:00,2333,0.05390264830020382,0.08732585572108617
1,2026-09-24 18:00:00+00:00,2265,0.17122199434220206,0.23117711320322945
1,2026-09-24 19:00:00+00:00,2230,0.061917279564509715,0.14968871936195063
1,2026-09-24 20:00:00+00:00,2254,0.1410262395509834,0.15732913194296783
1,2026-09-24 21:00:00+00:00,2204,0.10233861196701835,0.15405227908255054
1,2026-09-24 22:00:00+00:00,2089,0.07003261482034255,0.0741985568081336
1,2026-09-24 23:00:00+00:00,2060,0.14207126207821935,0.2049692943920502
1,2026-09-25 00:00:00+00:00,2246,0.07514940913772836,0.16567175306362703
1,2026-09-25 01:00:00+00:00,2169,0.1135666965142109,0.1356562903344499
1,2026-09-25 02:00:00+00:00,2040,0.08868079394337933,0.10150187541570659
1,2026-09-25 03:00:00+00:00,1990,0.13697440880129783,0.15935684464715094
1,2026-09-25 04:00:00+00:00,1887,0.2775777720306183,0.28653862259096624
1,2026-09-25 05:00:00+00:00,1996,0.07768061274313301,0.10948203046901228
1,2026-09-25 06:00:00+00:00,2116,0.12332994777034298,0.16482865928412976
1,2026-09-25 07:00:00+00:00,2140,0.1732503125329494,0.210434162184478
1,2026-09-25 08:00:00+00:00,2304,0.20837515090808395,0.258134796998729
1,2026-09-25 09:00:00+00:00,2359,0.1587162127099634,0.1898217116062255
1,2026-09-25 10:00:00+00:00,2371,0.1564363348005877,0.154716609183013
1,2026-09-25 11:00:00+00:00,2418,0.0985815021507667,0.12612104864652315
1,2026-09-25 12:00:00+00:00,2480,0.06833507930874061,0.09875979160521822
1,2026-09-25 13:00:00+00:00,2525,0.05260828411482889,0.10878404181034486
1,2026-09-25 14:00:00+00:00,2490,0.08751705581056171,0.0893234984526524
1,2026-09-25 15:00:00+00:00,2393,0.07107305356295501,0.11075584975386256
1,2026-09-25 16:00:00+00:00,2248,0.0372439496239115,0.053609476136090996
1,2026-09-25 17:00:00+00:00,2182,0.002759867665610117,0.06302108975519882
1,2026-09-25 18:00:00+00:00,2107,0.12992837865146692,0.16983209770017663
1,2026-09-25 19:00:00+00:00,1993,0.12160915558741595,0.17097314911398212
2,2026-09-23 21:00:00+00:00,1920,0.13354876538964106,0.21700583073566249
2,2026-09-23 22:00:00+00:00,1981,0.15657983860564018,0.2032690352643702
2,2026-09-23 23:00:00+00:00,2048,-0.030297263646680464,-0.021282676799512495
2,2026-09-24 00:00:00+00:00,1963,0.029563226206138157,0.08115709399657564
2,2026-09-24 01:00:00+00:00,2055,-0.14380329323302474,-0.0760625378447163
2,2026-09-24 02:00:00+00:00,1954,0.054879790489840666,0.13984687280825664
2,2026-09-24 03:00:00+00:00,1952,0.13445964770476604,0.22565444833475323
2,2026-09-24 04:00:00+00:00,1945,0.034076396760658476,0.1060971670370694
2,2026-09-24 05:00:00+00:00,1984,0.15735127244540334,0.24607511912276311
2,2026-09-24 06:00:00+00:00,2199,-0.02142830795156045,0.00794938699550562
2,2026-09-24 07:00:00+00:00,2224,0.10051673427648872,0.16757720802884166
2,2026-09-24 08:00:00+00:00,2306,-0.0266767170010651,0.03225189108307198
2,2026-09-24 09:00:00+00:00,2149,0.04343566163532202,0.06770508648569717
2,2026-09-24 10:00:00+00:00,2225,0.030665432999637164,0.0365678477859879
2,2026-09-24 11:00:00+00:00,2179,0.020983740045979485,0.06023265529253869
2,2026-09-24 12:00:00+00:00,2177,0.043227918318616415,0.0980288255853654
2,2026-09-24 13:00:00+00:00,2334,0.10781945041107642,0.16781458629854668
2,2026-09-24 14:00:00+00:00,2394,0.039380942870032035,0.08545092781380371
2,2026-09-24 15:00:00+00:00,2201,0.1150686565502866,0.18017960898895785
2,2026-09-24 16:00:00+00:00,2238,0.008257223832745785,0.04997960503058209
2,2026-09-24 17:00:00+00:00,2106,0.15382893695354333,0.20307200260930727
2,2026-09-24 18:00:00+00:00,2106,0.10093117184845313,0.1315980153481403
2,2026-09-24 19:00:00+00:00,1956,0.07856630902405082,0.09554167015280636
2,2026-09-24 20:00:00+00:00,2096,0.06971798498160811,0.08909503859674804
2,2026-09-24 21:00:00+00:00,1896,0.1651057123450059,0.1852967320428772
2,2026-09-24 22:00:00+00:00,2120,0.05371435150003364,0.09439996692378491
2,2026-09-24 23:00:00+00:00,1867,0.1176916176139222,0.21001899277508576
2,2026-09-25 00:00:00+00:00,1994,0.054881559875260215,0.13603189936656598
2,2026-09-25 01:00:00+00:00,2003,-0.004191897028106244,0.10641628354687627
2,2026-09-25 02:00:00+00:00,1849,0.16800796425016015,0.1607530132068062
2,2026-09-25 03:00:00+00:00,1817,0.10679766631879045,0.1336907601533558
2,2026-09-25 04:00:00+00:00,1846,0.09477951157028347,0.13803250730223401
2,2026-09-25 05:00:00+00:00,1819,0.16316830653060527,0.15304793417362683
2,2026-09-25 06:00:00+00:00,2013,0.11017585052949769,0.16293403410226887
2,2026-09-25 07:00:00+00:00,2091,0.16365897850218392,0.24721516555648212
2,2026-09-25 08:00:00+00:00,2168,0.252920160209659,0.2745661521172145
2,2026-09-25 09:00:00+00:00,2248,0.13739152286766193,0.2054362293299862
2,2026-09-25 10:00:00+00:00,2209,0.11780559680652362,0.18202083540533004
2,2026-09-25 11:00:00+00:00,2302,0.15091478570501418,0.13949653850978894
2,2026-09-25 12:00:00+00:00,2353,0.08636069000514975,0.14588437299358312
2,2026-09-25 13:00:00+00:00,2316,0.12821072628772295,0.12846587876881138
2,2026-09-25 14:00:00+00:00,2264,0.10295364550016459,0.09443793684319143
2,2026-09-25 15:00:00+00:00,2104,0.019448514597827902,0.07867160516483432
2,2026-09-25 16:00:00+00:00,2089,0.11120481894176051,0.10063576340162964
2,2026-09-25 17:00:00+00:00,1926,0.041504635488306504,0.07111053707501425
2,2026-09-25 18:00:00+00:00,1982,0.11811902185144593,0.1839488569295961
3,2026-09-23 21:00:00+00:00,1802,0.0765475899831955,0.15682459162783338
3,2026-09-23 22:00:00+00:00,2003,-0.09498001880537485,-0.11012724799975128
3,2026-09-23 23:00:00+00:00,1795,0.0898445044231689,0.24017078113039003
3,2026-09-24 00:00:00+00:00,1895,0.1926450346729209,0.2674988533883904
3,2026-09-24 01:00:00+00:00,1952,-0.09376106459402037,-0.064853091894468
3,2026-09-24 02:00:00+00:00,1959,0.12557391382831318,0.18462173846699703
3,2026-09-24 03:00:00+00:00,1963,-0.019720951595403265,0.06919284093080184
3,2026-09-24 04:00:00+00:00,1838,0.06705251957222835,0.1733729978442742
3,2026-09-24 05:00:00+00:00,2048,-0.03693959976512784,0.05350643606715745
3,2026-09-24 06:00:00+00:00,2061,0.0015668740582979485,0.05354917875818843
3,2026-09-24 07:00:00+00:00,2041,0.14740449988846954,0.19979456812800642
3,2026-09-24 08:00:00+00:00,2104,-0.02968719621344666,0.040661283580035096
3,2026-09-24 09:00:00+00:00,2128,0.06290847649726741,0.12866354052371162
3,2026-09-24 10:00:00+00:00,2222,0.04925449700167293,0.09427695833737267
3,2026-09-24 11:00:00+00:00,2081,0.07148222195525376,0.10812415955543159
3,2026-09-24 12:00:00+00:00,2098,0.015300959055534002,0.06468826193944809
3,2026-09-24 13:00:00+00:00,2386,-0.03941055715234504,-0.04066911558172986
3,2026-09-24 14:00:00+00:00,2125,0.09865012764002662,0.14258091285842492
3,2026-09-24 15:00:00+00:00,2083,0.13971415638703813,0.16937931855652677
3,2026-09-24 16:00:00+00:00,2119,-0.012652321709874872,-0.06060489546458989
3,2026-09-24 17:00:00+00:00,2071,0.15676221169400595,0.1895837894926616
3,2026-09-24 18:00:00+00:00,1864,0.09787538450860331,0.14446171590124193
3,2026-09-24 19:00:00+00:00,1958,-0.0059142307899077515,0.052832241881060865
3,2026-09-24 20:00:00+00:00,1861,0.12636107265861343,0.14816425886291382
3,2026-09-24 21:00:00+00:00,1931,-0.00927467539607749,0.05768204276233424
3,2026-09-24 22:00:00+00:00,2012,0.007801991992413341,0.05506194317281342
3,2026-09-24 23:00:00+00:00,1718,0.13715071947823831,0.16692484167487723
3,2026-09-25 00:00:00+00:00,1949,0.09046495858047465,0.072306662070839
3,2026-09-25 01:00:00+00:00,1849,0.1270265848646882,0.19490449069720941
3,2026-09-25 02:00:00+00:00,1725,0.10521299228919131,0.15792486138498477
3,2026-09-25 03:00:00+00:00,1883,-0.06598270393614676,-0.012368815345707513
3,2026-09-25 04:00:00+00:00,1770,0.19720643698003557,0.257556116362668
3,2026-09-25 05:00:00+00:00,1809,0.22951068156787183,0.27532952711610253
3,2026-09-25 06:00:00+00:00,2030,0.12853359863908084,0.1389677467496136
3,2026-09-25 07:00:00+00:00,1982,0.2033155853617521,0.23487657863191946
3,2026-09-25 08:00:00+00:00,2158,0.12475228883836302,0.1743694589631083
3,2026-09-25 09:00:00+00:00,2123,0.16344207643564607,0.17733055814062776
3,2026-09-25 10:00:00+00:00,2174,0.16748586310533006,0.18675867827640255
3,2026-09-25 11:00:00+00:00,2202,0.05697785995359725,0.09500876965090295
3,2026-09-25 12:00:00+00:00,2152,0.05064777502438761,0.06355993428640962
3,2026-09-25 13:00:00+00:00,2158,0.05597682371856751,0.10581656007911648
3,2026-09-25 14:00:00+00:00,2040,0.04802237788143066,0.07929106735363932
3,2026-09-25 15:00:00+00:00,1979,0.12454247492252818,0.1435416014870599
3,2026-09-25 16:00:00+00:00,1877,0.13867776345964564,0.20357345515661576
3,2026-09-25 17:00:00+00:00,1850,0.08299431206616008,0.12322428227024662
4,2026-09-23 21:00:00+00:00,1879,-0.09735853020975255,-0.10190700758461323
4,2026-09-23 22:00:00+00:00,1883,0.049030795137288016,0.16487966789452901
4,2026-09-23 23:00:00+00:00,1732,0.12103474622047271,0.2004368083598361
4,2026-09-24 00:00:00+00:00,1829,0.17980841149576,0.30035993753122064
4,2026-09-24 01:00:00+00:00,1922,-0.10748713432747888,-0.06185177047038749
4,2026-09-24 02:00:00+00:00,1911,0.08562686802541011,0.16009352665781196
4,2026-09-24 03:00:00+00:00,1904,0.10588852982024873,0.15766926009999244
4,2026-09-24 04:00:00+00:00,1942,-0.08168613439147741,-0.03205857174542911
4,2026-09-24 05:00:00+00:00,1937,0.0673618735702482,0.11539272521392605
4,2026-09-24 06:00:00+00:00,2011,0.08051525911360738,0.11432363875382458
4,2026-09-24 07:00:00+00:00,1906,0.07630804309299637,0.17044987389001956
4,2026-09-24 08:00:00+00:00,2164,-0.010138225709099996,0.03363851939788976
4,2026-09-24 09:00:00+00:00,2328,0.13763309398382725,0.2112658344298678
4,2026-09-24 10:00:00+00:00,2167,0.10385832779969668,0.16615575346862116
4,2026-09-24 11:00:00+00:00,2010,-0.007177127466152227,0.0728608531912644
4,2026-09-24 12:00:00+00:00,2097,0.07020904545157854,0.07086739622804272
4,2026-09-24 13:00:00+00:00,2111,0.08485577503509037,0.12118978827246443
4,2026-09-24 14:00:00+00:00,2058,0.11468857395697757,0.14785558517095956
4,2026-09-24 15:00:00+00:00,1948,0.11847997990116156,0.1879030315549406
4,2026-09-24 16:00:00+00:00,2061,0.06252649230773984,0.10726853320020144
4,2026-09-24 17:00:00+00:00,1848,0.10651496481187667,0.16797305579819377
4,2026-09-24 18:00:00+00:00,1934,0.05170534449431737,0.08135026948879409
4,2026-09-24 19:00:00+00:00,1740,0.13016932568000675,0.2553173702395297
4,2026-09-24 20:00:00+00:00,2008,0.13680347292453907,0.15338972148036886
4,2026-09-24 21:00:00+00:00,1836,0.10310595768791085,0.1991671914787169
4,2026-09-24 22:00:00+00:00,1876,0.0054535443710175225,0.08140781695151222
4,2026-09-24 23:00:00+00:00,1724,0.0646844216029774,0.14481959654604884
4,2026-09-25 00:00:00+00:00,1836,0.09903464377572001,0.1214226430656714
4,2026-09-25 01:00:00+00:00,1759,0.06393998936679363,0.1344214030769837
4,2026-09-25 02:00:00+00:00,1869,0.00453680983975375,0.014992455744327013
4,2026-09-25 03:00:00+00:00,1806,0.14254330183642325,0.18347801144374468
4,2026-09-25 04:00:00+00:00,1780,0.23250235168017877,0.30827219529018024
4,2026-09-25 05:00:00+00:00,1826,0.13304513706642146,0.18067885131964098
4,2026-09-25 06:00:00+00:00,1941,0.12432791279843074,0.18335169525187522
4,2026-09-25 07:00:00+00:00,1968,0.13135141326335306,0.19126385532100848
4,2026-09-25 08:00:00+00:00,2029,0.10762093926439974,0.12239350997393993
4,2026-09-25 09:00:00+00:00,2078,0.07945675442378494,0.1011856380811729
4,2026-09-25 10:00:00+00:00,2101,0.10148802037859422,0.12852591988104567
4,2026-09-25 11:00:00+00:00,2086,0.17705697626277506,0.21037783942702679
4,2026-09-25 12:00:00+00:00,2090,0.10041549364395631,0.09515621324710784
4,2026-09-25 13:00:00+00:00,2009,-0.012874832614538137,-0.023987248804818475
4,2026-09-25 14:00:00+00:00,1940,0.19200068564886427,0.1973755077201355
4,2026-09-25 15:00:00+00:00,1830,0.09236316625281411,0.15689391036051722
4,2026-09-25 16:00:00+00:00,1800,0.19152322811178304,0.2516676917106452
5,2026-09-23 21:00:00+00:00,1718,0.15788101950116123,0.2581124950280558
5,2026-09-23 22:00:00+00:00,1743,0.10601588829552622,0.22003551702359972
5,2026-09-23 23:00:00+00:00,1673,0.08679456487380824,0.1292436223020389
5,2026-09-24 00:00:00+00:00,1814,0.16474780225538466,0.24646184186076028
5,2026-09-24 01:00:00+00:00,1962,0.13282912943522868,0.11586718672062635
5,2026-09-24 02:00:00+00:00,1902,0.1557050254492586,0.22049711764921728
5,2026-09-24 03:00:00+00:00,2038,-0.055136296137403604,0.005159922917649158
5,2026-09-24 04:00:00+00:00,1856,0.10498147370262496,0.17980180505086663
5,2026-09-24 05:00:00+00:00,1871,0.07478308803850715,0.1441978107281612
5,2026-09-24 06:00:00+00:00,1943,0.006993801265336708,0.11145761723576181
5,2026-09-24 07:00:00+00:00,1931,0.01731528134437488,0.07572785353744114
5,2026-09-24 08:00:00+00:00,2338,-0.05105280344477264,-0.02977677649016452
5,2026-09-24 09:00:00+00:00,2250,0.1676901436838178,0.18966191567924842
5,2026-09-24 10:00:00+00:00,2092,0.12164897477709254,0.1659319958516545
5,2026-09-24 11:00:00+00:00,1934,-0.004198073169656926,0.03660060177950798
5,2026-09-24 12:00:00+00:00,1964,0.0032443579073845362,0.0872501275709951
5,2026-09-24 13:00:00+00:00,2070,0.01692092479569509,0.029749966006478962
5,2026-09-24 14:00:00+00:00,1953,0.10039912288620005,0.12252445323674134
5,2026-09-24 15:00:00+00:00,1951,0.06772896559650987,0.11878594981349581
5,2026-09-24 16:00:00+00:00,1827,0.02012796950401746,0.023339000278559202
5,2026-09-24 17:00:00+00:00,1890,0.06347378956629068,0.09341173089088183
5,2026-09-24 18:00:00+00:00,1719,0.21786662922779276,0.28130363624291005
5,2026-09-24 19:00:00+00:00,1865,0.07866986771196803,0.16182283530928346
5,2026-09-24 20:00:00+00:00,1902,0.08410036675276056,0.16622936118309273
5,2026-09-24 21:00:00+00:00,1667,0.09180459147175761,0.14130208053147644
5,2026-09-24 22:00:00+00:00,1840,0.10748386397875033,0.1345720436281198
5,2026-09-24 23:00:00+00:00,1645,0.26474746919152214,0.33283672474131026
5,2026-09-25 00:00:00+00:00,1757,0.07368492449516809,0.10209170819251978
5,2026-09-25 01:00:00+00:00,1904,0.14001647354435828,0.1716525455430903
5,2026-09-25 02:00:00+00:00,1857,0.09132959263046157,0.0853189101878855
5,2026-09-25 03:00:00+00:00,1811,0.04468356303529526,0.11338303276897206
5,2026-09-25 04:00:00+00:00,1796,0.1902709949710462,0.22067848235098433
5,2026-09-25 05:00:00+00:00,1753,0.239982836201715,0.30072637912383254
5,2026-09-25 06:00:00+00:00,1930,0.10006343685284176,0.1272163723761924
5,2026-09-25 07:00:00+00:00,1870,0.1309973069814253,0.19736252318785616
5,2026-09-25 08:00:00+00:00,2033,0.18061686639635297,0.18753204400761733
5,2026-09-25 09:00:00+00:00,2018,0.153357933957915,0.17614585443280847
5,2026-09-25 10:00:00+00:00,1994,0.14945992940526173,0.18827708224606768
5,2026-09-25 11:00:00+00:00,2002,0.10530068961267414,0.08979922813394706
5,2026-09-25 12:00:00+00:00,1956,-0.0033438260948190765,0.002288482815491689
5,2026-09-25 13:00:00+00:00,1917,0.10230801684024517,0.10779971204530864
5,2026-09-25 14:00:00+00:00,1822,0.12541474373299033,0.1347611306582521
5,2026-09-25 15:00:00+00:00,1757,0.05810174032858609,0.14466255423527918
6,2026-09-23 21:00:00+00:00,1662,0.11710939482472096,0.19811242196734916
6,2026-09-23 22:00:00+00:00,1704,0.1345007528423028,0.20034108387505034
6,2026-09-23 23:00:00+00:00,1666,0.09953584076591121,0.19250487617467962
6,2026-09-24 00:00:00+00:00,1784,0.0843592743907028,0.07654288592547158
6,2026-09-24 01:00:00+00:00,1913,-0.07042954581461786,-0.060567241889049266
6,2026-09-24 02:00:00+00:00,2035,-0.0008715761332759443,0.008731835802747962
6,2026-09-24 03:00:00+00:00,1922,0.16895510975713124,0.22838216757169053
6,2026-09-24 04:00:00+00:00,1816,0.07204979846190886,0.13483771158714317
6,2026-09-24 05:00:00+00:00,1800,0.1277196081389002,0.1548191467081498
6,2026-09-24 06:00:00+00:00,1968,0.016236229407019544,0.051042856967734224
6,2026-09-24 07:00:00+00:00,2058,0.03449571513886378,0.10737602938720356
6,2026-09-24 08:00:00+00:00,2224,-0.018152548779005157,0.04906597358986816
6,2026-09-24 09:00:00+00:00,2095,0.060938442184523774,0.12018141354887102
6,2026-09-24 10:00:00+00:00,2036,-0.030397056714686115,-0.02545498683640998
6,2026-09-24 11:00:00+00:00,1908,0.02388920290117238,0.06234760727931598
6,2026-09-24 12:00:00+00:00,1911,0.04284439231344163,0.07227397715716805
6,2026-09-24 13:00:00+00:00,1983,0.0019527304414579984,0.03064583119160913
6,2026-09-24 14:00:00+00:00,1933,0.08417527386227391,0.13293390947842845
6,2026-09-24 15:00:00+00:00,1742,0.07907906225076695,0.16006219351627832
6,2026-09-24 16:00:00+00:00,1943,0.02701003189310159,0.03821372981385825
6,2026-09-24 17:00:00+00:00,1681,0.17743604663367066,0.2314870761689617
6,2026-09-24 18:00:00+00:00,1835,0.029182536864723246,0.0445821417718518
6,2026-09-24 19:00:00+00:00,1854,0.16865066266590187,0.1961579673917743
6,2026-09-24 20:00:00+00:00,1761,0.09343475913004921,0.1718803816419145
6,2026-09-24 21:00:00+00:00,1673,0.21089207331777035,0.23190982923401318
6,2026-09-24 22:00:00+00:00,1724,0.029816312545460397,0.05608355220333157
6,2026-09-24 23:00:00+00:00,1579,0.21688786809488206,0.27441401263475007
6,2026-09-25 00:00:00+00:00,1856,-0.010110325287063099,0.08233371628678522
6,2026-09-25 01:00:00+00:00,1794,0.13502195044124554,0.19852866918069717
6,2026-09-25 02:00:00+00:00,1840,0.12361864884762039,0.15512358469163037
6,2026-09-25 03:00:00+00:00,1869,0.045435439197816084,0.09743721959147367
6,2026-09-25 04:00:00+00:00,1764,0.1912701762254061,0.2860646031393825
6,2026-09-25 05:00:00+00:00,1697,0.052655904714810506,0.11160362580719958
6,2026-09-25 06:00:00+00:00,1867,0.0757552226367557,0.09706037313596273
6,2026-09-25 07:00:00+00:00,1882,0.004757896936525043,0.0731682799101785
6,2026-09-25 08:00:00+00:00,1972,0.13870869185843912,0.1759684942505924
6,2026-09-25 09:00:00+00:00,1945,0.0878879478408464,0.11685192078083038
6,2026-09-25 10:00:00+00:00,1949,0.11113855265381034,0.1749473364085791
6,2026-09-25 11:00:00+00:00,1918,0.00875486726142819,0.07606873415446898
6,2026-09-25 12:00:00+00:00,1877,0.06660418604204132,0.08561801041387339
6,2026-09-25 13:00:00+00:00,1800,0.14448170900134816,0.15265455636686925
6,2026-09-25 14:00:00+00:00,1735,0.06563807770548573,0.1118858239088713
7,2026-09-23 21:00:00+00:00,1626,0.06515547135730924,0.11328270501858304
7,2026-09-23 22:00:00+00:00,1749,0.17449861667993785,0.2534277106378561
7,2026-09-23 23:00:00+00:00,1728,0.03392556446482671,0.09670301818915378
7,2026-09-24 00:00:00+00:00,1761,0.13273687642815485,0.20362203581148527
7,2026-09-24 01:00:00+00:00,2072,0.12523815097719748,0.14336901045478093
7,2026-09-24 02:00:00+00:00,1957,0.14512240327789044,0.24104403734977223
7,2026-09-24 03:00:00+00:00,1830,0.0388493640660494,0.08411363506711561
7,2026-09-24 04:00:00+00:00,1761,0.027365624980204794,0.047059033525279244
7,2026-09-24 05:00:00+00:00,1797,0.04487075762603656,0.1382775996514928
7,2026-09-24 06:00:00+00:00,1947,0.09609740606194443,0.15221338454262986
7,2026-09-24 07:00:00+00:00,1934,0.12986527134018738,0.1973689831093327
7,2026-09-24 08:00:00+00:00,2059,-0.09794332764447271,-0.03651758674496519
7,2026-09-24 09:00:00+00:00,2125,-0.04218462447789106,-0.018340461795692337
7,2026-09-24 10:00:00+00:00,1948,0.08895034429098435,0.14706081215454556
7,2026-09-24 11:00:00+00:00,1826,0.024606858382489345,0.10419685150997411
7,2026-09-24 12:00:00+00:00,1865,0.06463647999847562,0.09150781883645188
7,2026-09-24 13:00:00+00:00,1990,0.11322486340702458,0.1149197208695239
7,2026-09-24 14:00:00+00:00,1713,0.22644195257000466,0.2511877000055944
7,2026-09-24 15:00:00+00:00,1818,0.06600264805164376,0.09645081750358292
7,2026-09-24 16:00:00+00:00,1704,0.040336473370624154,0.026274939787328293
7,2026-09-24 17:00:00+00:00,1815,0.09674939954461909,0.14974363231486623
7,2026-09-24 18:00:00+00:00,1835,0.12538365697411175,0.08747920396849204
7,2026-09-24 19:00:00+00:00,1738,0.017626857828259377,0.11749424585912283
7,2026-09-24 20:00:00+00:00,1769,0.08061170804206204,0.1257494905901625
7,2026-09-24 21:00:00+00:00,1627,0.1478987217673294,0.3079187283961835
7,2026-09-24 22:00:00+00:00,1659,0.06733859742115104,0.07294079562912999
7,2026-09-24 23:00:00+00:00,1669,0.06974359929779768,0.12999402127784618
7,2026-09-25 00:00:00+00:00,1744,0.18069346719121118,0.2074748739231957
7,2026-09-25 01:00:00+00:00,1832,0.17734659279633969,0.17022102651169177
7,2026-09-25 02:00:00+00:00,1854,0.14954683285123574,0.18448356515647057
7,2026-09-25 03:00:00+00:00,1803,0.04721949843146935,0.08563369717468865
7,2026-09-25 04:00:00+00:00,1726,0.14318750726584498,0.234097405531986
7,2026-09-25 05:00:00+00:00,1693,0.06717009632883629,0.1435314647977171
7,2026-09-25 06:00:00+00:00,1869,0.060096209478708244,0.05677419648159348
7,2026-09-25 07:00:00+00:00,1836,0.203375631946241,0.19133368756741106
7,2026-09-25 08:00:00+00:00,1875,0.103829502153882,0.17114308480779597
7,2026-09-25 09:00:00+00:00,1916,0.16683212868704683,0.14491263986770905
7,2026-09-25 10:00:00+00:00,1865,0.07667142452178437,0.06631085650727092
7,2026-09-25 11:00:00+00:00,1849,0.04741631173554696,0.0690780286884689
7,2026-09-25 12:00:00+00:00,1779,0.12256321919366206,0.18053068949838325
7,2026-09-25 13:00:00+00:00,1731,0.06631057881455299,0.0834780091175625
8,2026-09-23 21:00:00+00:00,1648,0.18193381285730698,0.2682193074489536
8,2026-09-23 22:00:00+00:00,1710,0.07503615167010384,0.1206613715391984
8,2026-09-23 23:00:00+00:00,1645,0.1502269687836117,0.207170052820433
8,2026-09-24 00:00:00+00:00,1834,-0.09468220088989056,-0.07748502213404865
8,2026-09-24 01:00:00+00:00,1978,0.005525709342581881,0.025913172362294692
8,2026-09-24 02:00:00+00:00,1853,0.18191669416579176,0.22316590553968782
8,2026-09-24 03:00:00+00:00,1724,0.03808344557245254,0.07468676331908553
8,2026-09-24 04:00:00+00:00,1779,0.07649476066636691,0.16212680423571454
8,2026-09-24 05:00:00+00:00,1883,0.047939505545114856,0.1441580424950658
8,2026-09-24 06:00:00+00:00,1860,0.08000225595803062,0.12663453345544196
8,2026-09-24 07:00:00+00:00,1849,0.1946740214187782,0.26037456295048705
8,2026-09-24 08:00:00+00:00,2106,-0.00721902524811194,-0.013908420935214404
8,2026-09-24 09:00:00+00:00,1940,0.14393698342108738,0.17342087848524904
8,2026-09-24 10:00:00+00:00,1890,0.13234865948312505,0.1611610573676627
8,2026-09-24 11:00:00+00:00,1758,0.022228981321308197,0.05999686548801812
8,2026-09-24 12:00:00+00:00,1849,0.007481874605349677,0.1131402778775549
8,2026-09-24 13:00:00+00:00,1793,0.14161090006714203,0.18844699660237077
8,2026-09-24 14:00:00+00:00,1877,0.03110523413370242,0.10467494922367926
8,2026-09-24 15:00:00+00:00,1641,0.17761151097614117,0.2677284441356489
8,2026-09-24 16:00:00+00:00,1907,-0.05789533247016606,-0.019551022278948307
8,2026-09-24 17:00:00+00:00,1807,0.1105901944359184,0.17377141952245523
8,2026-09-24 18:00:00+00:00,1741,0.0853631363241207,0.12486762748594962
8,2026-09-24 19:00:00+00:00,1737,0.021649267260153936,0.07796499014316065
8,2026-09-24 20:00:00+00:00,1692,0.08162523365655817,0.1713512395741422
8,2026-09-24 21:00:00+00:00,1601,0.13590115494518534,0.1829649312724113
8,2026-09-24 22:00:00+00:00,1799,-0.014584647654461038,0.025680533486177735
8,2026-09-24 23:00:00+00:00,1565,0.23074282030658033,0.2671892547578514
8,2026-09-25 00:00:00+00:00,1802,0.07555191501639927,0.07740627487027613
8,2026-09-25 01:00:00+00:00,1888,0.21846470991688688,0.23111676837753958
8,2026-09-25 02:00:00+00:00,1865,0.09192386664624137,0.14591492464288916
8,2026-09-25 03:00:00+00:00,1791,0.08125428829437178,0.09198925631329323
8,2026-09-25 04:00:00+00:00,1681,0.08791706973430763,0.11549029370735565
8,2026-09-25 05:00:00+00:00,1706,0.11461114185336792,0.17881459689975654
8,2026-09-25 06:00:00+00:00,1808,0.044531685288177976,0.06173377586207381
8,2026-09-25 07:00:00+00:00,1803,0.09828822388004602,0.12103114686915654
8,2026-09-25 08:00:00+00:00,1836,0.1775910948487628,0.17110561277045983
8,2026-09-25 09:00:00+00:00,1827,0.03606421276340662,0.08213269488236453
8,2026-09-25 10:00:00+00:00,1844,0.15425813862015297,0.24319208072365464
8,2026-09-25 11:00:00+00:00,1692,0.1619109879021002,0.19659024885968646
8,2026-09-25 12:00:00+00:00,1696,0.016364692622893116,0.09383298668263503
9,2026-09-23 21:00:00+00:00,1688,0.1129723667623898,0.1617861315112342
9,2026-09-23 22:00:00+00:00,1695,0.12515456381946388,0.2084141556151153
9,2026-09-23 23:00:00+00:00,1699,-0.06836776462523424,0.01351426302127522
9,2026-09-24 00:00:00+00:00,1781,0.16215325761480237,0.1741591460409303
9,2026-09-24 01:00:00+00:00,1909,-0.026267671742310456,0.017960543804513344
9,2026-09-24 02:00:00+00:00,1756,-0.027355708476003538,0.03781461274685942
9,2026-09-24 03:00:00+00:00,1808,0.10635303420153049,0.14091260469972908
9,2026-09-24 04:00:00+00:00,1799,0.05742379119064408,0.1121379586871847
9,2026-09-24 05:00:00+00:00,1825,0.16251849759762077,0.18751297646386972
9,2026-09-24 06:00:00+00:00,1813,0.1295310301797572,0.15386307726037024
9,2026-09-24 07:00:00+00:00,1849,-0.02889576095991273,-0.03972017569601197
9,2026-09-24 08:00:00+00:00,1942,-0.015947557310656953,0.09876611731491824
9,2026-09-24 09:00:00+00:00,1910,0.08756652133007135,0.1368963569669557
9,2026-09-24 10:00:00+00:00,1835,0.010626134413364548,0.04744909498080214
9,2026-09-24 11:00:00+00:00,1804,0.0857484197716599,0.0868440481317214
9,2026-09-24 12:00:00+00:00,1735,0.012250184494619747,0.04453063121168483
9,2026-09-24 13:00:00+00:00,1931,0.14270642961820074,0.15237643417077495
9,2026-09-24 14:00:00+00:00,1624,0.12278102638804844,0.20083259555309038
9,2026-09-24 15:00:00+00:00,1824,0.0875476203124968,0.13643376815310207
9,2026-09-24 16:00:00+00:00,1876,0.011703007490806265,-0.01918506148187396
9,2026-09-24 17:00:00+00:00,1734,0.05974430214946123,0.14424357760786335
9,2026-09-24 18:00:00+00:00,1730,0.0900231161688296,0.16459472925828658
9,2026-09-24 19:00:00+00:00,1662,0.1175608174578571,0.21235859509237826
9,2026-09-24 20:00:00+00:00,1678,0.17548096339691407,0.25075228230839486
9,2026-09-24 21:00:00+00:00,1708,0.0135071622955587,0.07211628077662655
9,2026-09-24 22:00:00+00:00,1705,0.07696032809830095,0.054881947438968286
9,2026-09-24 23:00:00+00:00,1632,0.2968890832405138,0.3561133616547091
9,2026-09-25 00:00:00+00:00,1867,0.06953082808685078,0.15951679750044717
9,2026-09-25 01:00:00+00:00,1847,0.17064126328679147,0.1764998926022411
9,2026-09-25 02:00:00+00:00,1882,0.15601843849384056,0.18398992927900332
9,2026-09-25 03:00:00+00:00,1794,0.052937826976068844,0.09023751909754761
9,2026-09-25 04:00:00+00:00,1693,0.09899369129322196,0.1198030065516027
9,2026-09-25 05:00:00+00:00,1644,0.15500356568745946,0.19455552977111623
9,2026-09-25 06:00:00+00:00,1769,0.044022691491346376,0.06722619921485379
9,2026-09-25 07:00:00+00:00,1730,0.11730624195375024,0.1331548878476572
9,2026-09-25 08:00:00+00:00,1772,0.014121034818753191,0.051500119510180783
9,2026-09-25 09:00:00+00:00,1820,0.10927006164537445,0.15833415357975933
9,2026-09-25 10:00:00+00:00,1737,0.20032982253481307,0.30366509807279574
9,2026-09-25 11:00:00+00:00,1698,0.14547497478599267,0.16350588384143344
10,2026-09-23 21:00:00+00:00,1618,0.23544158352549938,0.31764179291810923
10,2026-09-23 22:00:00+00:00,1804,-0.10447497715611118,-0.0181788050121493
10,2026-09-23 23:00:00+00:00,1675,0.11772506917495074,0.10212025928876388
10,2026-09-24 00:00:00+00:00,1761,0.1043676368882122,0.11933042984619897
10,2026-09-24 01:00:00+00:00,1833,-0.07665592845573142,-0.010353568464433246
10,2026-09-24 02:00:00+00:00,1821,0.09833535458683164,0.16776342816504505
10,2026-09-24 03:00:00+00:00,1861,0.03606093875863977,0.1414921375222626
10,2026-09-24 04:00:00+00:00,1736,0.06111580918404136,0.16817388091277016
10,2026-09-24 05:00:00+00:00,1751,0.08353028535402925,0.21873351753316742
10,2026-09-24 06:00:00+00:00,1820,0.03884049186979994,0.07106954555968271
10,2026-09-24 07:00:00+00:00,1734,0.16767470199584378,0.2321966425582067
10,2026-09-24 08:00:00+00:00,1907,-0.04953169785732106,-0.017870844233699404
10,2026-09-24 09:00:00+00:00,1830,0.026526918282559406,0.11776462607288533
10,2026-09-24 10:00:00+00:00,1840,0.08594330465977622,0.0835743086507724
10,2026-09-24 11:00:00+00:00,1722,0.09883033594603026,0.12711384659115882
10,2026-09-24 12:00:00+00:00,1819,0.027269074902128623,0.05882474566357228
10,2026-09-24 13:00:00+00:00,1673,0.015093061570406019,0.05589061787906459
10,2026-09-24 14:00:00+00:00,1881,0.028418228563420612,0.07064978846091732
10,2026-09-24 15:00:00+00:00,1816,0.19324785240070966,0.24664979343066035
10,2026-09-24 16:00:00+00:00,1847,0.08788765284877632,0.10272652784824575
10,2026-09-24 17:00:00+00:00,1746,0.0494291137055825,0.08794227066019651
10,2026-09-24 18:00:00+00:00,1645,0.13729641588866817,0.21852803222452383
10,2026-09-24 19:00:00+00:00,1606,0.014003961919756986,0.17850671904708387
10,2026-09-24 20:00:00+00:00,1785,-0.025748217778668668,0.013193793833903606
10,2026-09-24 21:00:00+00:00,1594,0.15358818685267392,0.18133355033825646
10,2026-09-24 22:00:00+00:00,1766,0.054358437535170084,0.07156179784636937
10,2026-09-24 23:00:00+00:00,1667,0.16236942328602036,0.2480055359414775
10,2026-09-25 00:00:00+00:00,1819,0.12764276963694243,0.19146565025836038
10,2026-09-25 01:00:00+00:00,1886,0.14398877568456445,0.19218048019900175
10,2026-09-25 02:00:00+00:00,1798,0.026826539165281542,0.047577021880921284
10,2026-09-25 03:00:00+00:00,1791,0.13300790035164978,0.14967453149292256
10,2026-09-25 04:00:00+00:00,1648,0.09239802796521385,0.15353976263790103
10,2026-09-25 05:00:00+00:00,1609,0.05290171113400063,0.10680341200064969
10,2026-09-25 06:00:00+00:00,1773,0.1903052289050342,0.18759565294356692
10,2026-09-25 07:00:00+00:00,1682,0.08195652792853968,0.12053117688798744
10,2026-09-25 08:00:00+00:00,1744,0.17933492311469854,0.22934205355933118
10,2026-09-25 09:00:00+00:00,1660,0.1081018893368432,0.16904353064167396
10,2026-09-25 10:00:00+00:00,1678,0.1515961925446857,0.19894552020742415
11,2026-09-23 21:00:00+00:00,1709,-0.044836494607457957,0.02230946065808456
11,2026-09-23 22:00:00+00:00,1797,0.11616296334203127,0.20156194403542116
11,2026-09-23 23:00:00+00:00,1669,0.026068819044191362,0.07127297942323868
11,2026-09-24 00:00:00+00:00,1712,0.1060791501961645,0.10140540123189301
11,2026-09-24 01:00:00+00:00,1875,-0.015901632526695218,-0.0022944433033341752
11,2026-09-24 02:00:00+00:00,1979,0.1600445637203577,0.2391186461893321
11,2026-09-24 03:00:00+00:00,1764,0.23999819244554552,0.2626022232909964
11,2026-09-24 04:00:00+00:00,1714,0.03594643184595547,0.09669143974435511
11,2026-09-24 05:00:00+00:00,1771,-0.026683141911550443,-0.06369291182235738
11,2026-09-24 06:00:00+00:00,1754,0.044207805371786396,0.11835529239596894
11,2026-09-24 07:00:00+00:00,1744,0.17056715543176623,0.21869594734313394
11,2026-09-24 08:00:00+00:00,1817,-0.0396272151142615,0.008830406970836369
11,2026-09-24 09:00:00+00:00,1807,0.10489770907950922,0.12718291231655512
11,2026-09-24 10:00:00+00:00,1670,0.07407413824828854,0.11892159235583886
11,2026-09-24 11:00:00+00:00,1736,0.052042947546329654,0.00973521795614428
11,2026-09-24 12:00:00+00:00,1624,-0.04340311425429708,0.0341568005017753
11,2026-09-24 13:00:00+00:00,1912,0.11653171729294293,0.15585890827261206
11,2026-09-24 14:00:00+00:00,1811,0.09788039696917182,0.15359243522344782
11,2026-09-24 15:00:00+00:00,1767,0.07762433759507971,0.07994114012106732
11,2026-09-24 16:00:00+00:00,1794,0.06555665902939135,0.016373150128155847
11,2026-09-24 17:00:00+00:00,1615,0.1385415478585662,0.2324118686151276
11,2026-09-24 18:00:00+00:00,1627,0.15892279655567773,0.22954634083696035
11,2026-09-24 19:00:00+00:00,1737,0.05125649447166939,0.06539694246519642
11,2026-09-24 20:00:00+00:00,1686,0.15885235715239007,0.18397756075526708
11,2026-09-24 21:00:00+00:00,1614,0.20312416976584852,0.23467611983383108
11,2026-09-24 22:00:00+00:00,1827,0.0838232536197777,0.09693832322956664
11,2026-09-24 23:00:00+00:00,1648,0.2373801601758212,0.33627005358594186
11,2026-09-25 00:00:00+00:00,1840,0.02662313442737849,0.11080503042584867
11,2026-09-25 01:00:00+00:00,1839,0.19427681655455184,0.16479275225543782
11,2026-09-25 02:00:00+00:00,1815,0.133210805519658,0.13892805664565955
11,2026-09-25 03:00:00+00:00,1749,0.10533271622261471,0.1566554727233237
11,2026-09-25 04:00:00+00:00,1643,0.08263171690613068,0.22968864702793565
11,2026-09-25 05:00:00+00:00,1636,0.1533937702188348,0.17477136319288417
11,2026-09-25 06:00:00+00:00,1696,0.11027105473910197,0.11522619874635608
11,2026-09-25 07:00:00+00:00,1636,0.17552373424210072,0.23430664815892988
11,2026-09-25 08:00:00+00:00,1639,0.25851015584810255,0.24990342457461673
11,2026-09-25 09:00:00+00:00,1666,0.10121215077597485,0.19070991416212182
12,2026-09-23 21:00:00+00:00,1650,0.028756385151173732,0.07234312717479276
12,2026-09-23 22:00:00+00:00,1714,0.052663284812570856,0.14795898487176928
12,2026-09-23 23:00:00+00:00,1687,0.10493812368119221,0.1465913761195154
12,2026-09-24 00:00:00+00:00,1717,0.05886901585461322,0.1754229280077814
12,2026-09-24 01:00:00+00:00,1982,0.05340413517795141,0.09992985309805823
12,2026-09-24 02:00:00+00:00,1851,0.1115915291389544,0.1874979341175713
12,2026-09-24 03:00:00+00:00,1724,0.049309682796713356,0.11291587045791614
12,2026-09-24 04:00:00+00:00,1694,0.011277087639638831,0.039702371130284554
12,2026-09-24 05:00:00+00:00,1634,0.08954520366790072,0.14101138438461633
12,2026-09-24 06:00:00+00:00,1724,0.1139894567361814,0.12511434590789108
12,2026-09-24 07:00:00+00:00,1657,0.1907220348232818,0.21508560247888642
12,2026-09-24 08:00:00+00:00,1831,-0.08343433183074925,-0.041693835891394
12,2026-09-24 09:00:00+00:00,1622,0.09353303278930297,0.161030862278142
12,2026-09-24 10:00:00+00:00,1794,0.031333624746108193,0.04097863851843278
12,2026-09-24 11:00:00+00:00,1613,0.052640309291630355,0.07613046428670893
12,2026-09-24 12:00:00+00:00,1791,0.028274526036067595,0.09615090091446123
12,2026-09-24 13:00:00+00:00,1929,0.07345067773397013,0.0986672255874559
12,2026-09-24 14:00:00+00:00,1802,0.07193018231742149,0.11468238649649946
12,2026-09-24 15:00:00+00:00,1709,0.039411868656986024,0.13696163889412943
12,2026-09-24 16:00:00+00:00,1689,0.039265589607087835,0.040008581329459995
12,2026-09-24 17:00:00+00:00,1613,0.11762123747935285,0.17280216450185767
12,2026-09-24 18:00:00+00:00,1768,0.10583892558939152,0.09938912424269955
12,2026-09-24 19:00:00+00:00,1683,0.10852306972065627,0.17910346217085696
12,2026-09-24 20:00:00+00:00,1715,0.08059707159990794,0.08452256935319089
12,2026-09-24 21:00:00+00:00,1677,0.047661802651321965,0.12711123215836548
12,2026-09-24 22:00:00+00:00,1838,0.019776977327202263,0.06386908973627815
12,2026-09-24 23:00:00+00:00,1624,0.19942318158248307,0.2524931345216313
12,2026-09-25 00:00:00+00:00,1785,0.08875376699707305,0.1830511244829475
12,2026-09-25 01:00:00+00:00,1827,0.11691736986926422,0.10754589952432857
12,2026-09-25 02:00:00+00:00,1789,0.11888497934442813,0.1871140197022039
12,2026-09-25 03:00:00+00:00,1699,0.19775087378974496,0.18603503757374099
12,2026-09-25 04:00:00+00:00,1614,0.10180508555869457,0.19235663213860404
12,2026-09-25 05:00:00+00:00,1569,0.03190111792170165,0.09331607223549492
12,2026-09-25 06:00:00+00:00,1696,0.0876462519302686,0.1568936892066272
12,2026-09-25 07:00:00+00:00,1554,0.12266351421539262,0.1474572781674737
12,2026-09-25 08:00:00+00:00,1623,0.17976221197219805,0.226298213638192
