group,t_rel_s,n_fills,share_of_group_fills,notional,share_of_group_notional
top10_heure,-60,14,0.00015695595143334418,459.9621229729166,0.0001667633262208511
top10_heure,-59,1,1.1211139388096012e-05,3.0552950001882992,1.1077241611204094e-06
top10_heure,-58,28,0.00031391190286668836,2389.8434910036167,0.0008664588447655295
top10_heure,-57,79,0.000885680011659585,623.670548006819,0.00022611726021997284
top10_heure,-56,3,3.3633418164288035e-05,5.807293000000085,2.1054853185728576e-06
top10_heure,-55,55,0.0006166126663452807,938.9752300003292,0.0003404337548095535
top10_heure,-54,54,0.0006054015269571847,796.2192120041989,0.0002886763008583286
top10_heure,-53,1,1.1211139388096012e-05,9.66,3.5023182362958966e-06
top10_heure,-52,51,0.0005717681087928966,2036.9269699975662,0.0007385058460688841
top10_heure,-51,34,0.00038117873919526444,475.0234779904836,0.00017222395337834092
top10_heure,-50,4,4.484455755238405e-05,146.86969800190298,5.324890493492089e-05
top10_heure,-49,29,0.00032512304225478433,677.2959489979663,0.00024555962252017735
top10_heure,-48,26,0.0002914896240904963,1084.7212530106092,0.0003932752614613656
top10_heure,-47,1,1.1211139388096012e-05,204.58720000000002,7.417489456239295e-05
top10_heure,-46,27,0.00030270076347859234,1288.962468038185,0.0004673247161191617
top10_heure,-45,59,0.0006614572238976647,3319.133991010503,0.001203381315261456
top10_heure,-44,0,0.0,0.0,0.0
top10_heure,-43,40,0.0004484455755238405,1931.1210330324554,0.000700144970029414
top10_heure,-42,40,0.0004484455755238405,1900.4259090351613,0.0006890161819816824
top10_heure,-41,1,1.1211139388096012e-05,25.5,9.245250002644448e-06
top10_heure,-40,36,0.0004036010179714564,2126.3132999906975,0.0007709136487200753
top10_heure,-39,64,0.0007175129208381448,3341.2684440247217,0.0012114063565080537
top10_heure,-38,2,2.2422278776192025e-05,389.30000001,0.0001411441500439975
top10_heure,-37,53,0.0005941903875690887,1519.459298008474,0.0005508933756443519
top10_heure,-36,50,0.0005605569694048006,1888.1233399960147,0.0006845557770231842
top10_heure,-35,5,5.605569694048006e-05,331.16513299979596,0.00012006684104871029
top10_heure,-34,38,0.00042602329674764846,1033.6521380063136,0.0003747597032014239
top10_heure,-33,39,0.0004372344361357445,785.4322510010172,0.00028476539296643877
top10_heure,-32,2,2.2422278776192025e-05,3.765817000000109,1.3653301815376279e-06
top10_heure,-31,72,0.0008072020359429128,1541.3429149962753,0.0005588274740762868
top10_heure,-30,69,0.0007735686177786249,1448.9738049869468,0.0005253382382112669
top10_heure,-29,1,1.1211139388096012e-05,1.54,5.58340588394998e-07
top10_heure,-28,71,0.0007959908965548168,2311.2563099827676,0.0008379663688619678
top10_heure,-27,101,0.0011323250781976972,3290.8364529938717,0.0011931217931664328
top10_heure,-26,10,0.00011211139388096013,157.9938969974358,5.728208143660195e-05
top10_heure,-25,72,0.0008072020359429128,1151.3511010080772,0.00041743250077018093
top10_heure,-24,59,0.0006614572238976647,1303.183478999277,0.0004724806691240889
top10_heure,-23,8,8.96891151047681e-05,54.29819999852039,1.968629151685919e-05
top10_heure,-22,104,0.0011659584963619853,4204.327396017778,0.0015243159948686855
top10_heure,-21,84,0.000941735708600065,1568.4366410284779,0.0005686505435143601
top10_heure,-20,15,0.00016816709082144018,269.84223101322635,9.783368184269077e-05
top10_heure,-19,101,0.0011323250781976972,2405.1452449840617,0.000872006630688203
top10_heure,-18,74,0.0008296243147191049,2091.0928129713798,0.000758144150378566
top10_heure,-17,16,0.0001793782302095362,192.49576399867277,6.979103774971664e-05
top10_heure,-16,133,0.0014910815386167697,3087.8887739700563,0.0011195413214004871
top10_heure,-15,77,0.000863257732883393,1514.0298920149116,0.0005489248965942994
top10_heure,-14,17,0.00019058936959763222,605.9255609755738,0.0002196836585965397
top10_heure,-13,77,0.000863257732883393,1931.2965170017549,0.0007002085932908896
top10_heure,-12,89,0.000997791405540545,4792.221252020215,0.0017374620997220654
top10_heure,-11,3,3.3633418164288035e-05,23.2929,8.445046423003797e-06
top10_heure,-10,75,0.0008408354541072009,2037.2343410219557,0.0007386172861459057
top10_heure,-9,94,0.001053847102481025,2742.0623660066826,0.0009941589057480204
top10_heure,-8,11,0.00012332253326905615,365.56768601149145,0.0001325397901986065
top10_heure,-7,147,0.0016480374900501138,3847.333882034026,0.0013948848463940843
top10_heure,-6,79,0.000885680011659585,2189.2367300043506,0.000793727093484786
top10_heure,-5,9,0.0001009002544928641,152.23480099770603,5.519407036574975e-05
top10_heure,-4,90,0.001009002544928641,2632.5974559724705,0.0009544714367369117
top10_heure,-3,113,0.0012668587508548495,2967.396026002904,0.0010758556124411949
top10_heure,-2,14,0.00015695595143334418,310.0349439925829,0.00011240590457910973
top10_heure,-1,115,0.0012892810296310413,3732.8360520699202,0.0013533726478537538
top10_heure,0,83,0.000930524569211969,1735.8454079715716,0.0006293460691231186
top10_heure,1,7,7.847797571667209e-05,128.80776499656312,4.670039175196473e-05
top10_heure,2,120,0.0013453367265715214,2204.6159159991685,0.0007993029530675021
top10_heure,3,209,0.0023431281321120664,5019.081362002395,0.0018197122343264838
top10_heure,4,91,0.001020213684316737,1753.7563449836973,0.0006358398373764017
top10_heure,5,421,0.0047198896823884215,8854.578996987917,0.003210305744914432
top10_heure,6,430,0.004820789936881285,10860.031835850928,0.003937400367024297
top10_heure,7,99,0.0011099027994215052,3108.7083609697156,0.001127089646371611
top10_heure,8,492,0.005515880578943238,11424.357823845941,0.004142001733377365
top10_heure,9,396,0.004439611197686021,8599.668615006065,0.003117885736691223
top10_heure,10,87,0.000975369126764353,884.1466830175752,0.0003205551813139732
top10_heure,11,518,0.005807370203033734,12592.254573104068,0.004565433004913331
top10_heure,12,454,0.0050898572821955895,13866.2896560638,0.0050273456658585305
top10_heure,13,83,0.000930524569211969,1973.3448990023164,0.0007154536052046891
top10_heure,14,506,0.005672836530376582,12765.242980058876,0.004628151478241033
top10_heure,15,357,0.004002376761550276,12529.66987012508,0.004542742368623841
top10_heure,16,82,0.000919313429823873,3344.1116059264405,0.0012124371699425392
top10_heure,17,481,0.005392558045674182,11788.028170994743,0.004273853626629881
top10_heure,18,398,0.004462033476462213,10696.585838018094,0.003878141578322484
top10_heure,19,81,0.000908102290435777,2579.3963229787296,0.000935182896542752
top10_heure,20,529,0.005930692736302791,13886.947410998011,0.005034835317186379
top10_heure,21,445,0.004988957027702725,12319.276807891214,0.004466462507479762
top10_heure,22,84,0.000941735708600065,2241.830155013805,0.0008127953037870503
top10_heure,23,480,0.005381346906286086,11274.49555299451,0.004087667844750482
top10_heure,24,408,0.004574144870343173,13408.006984939346,0.004861191239724206
top10_heure,25,120,0.0013453367265715214,4064.079662076247,0.0014734679414336342
top10_heure,26,393,0.004405977779521733,11102.649208954006,0.0040253634364095054
top10_heure,27,327,0.003666042579907396,9252.205687982812,0.0033544688102466694
top10_heure,28,63,0.0007063017814500488,1478.2663600098545,0.0005359585125015806
top10_heure,29,391,0.0043835555007455404,11137.716282957545,0.004038077313508484
top10_heure,30,296,0.0033184972588764195,7727.1730900603025,0.00280155478554173
top10_heure,31,105,0.0011771696357500813,2020.8968119913982,0.0007326939708395149
top10_heure,32,402,0.004506878034014597,9881.012502099482,0.0035824482690652963
top10_heure,33,380,0.004260232967476484,9905.227934877328,0.003591227787886999
top10_heure,34,103,0.0011547473569738893,4218.626618868425,0.001529500304284284
top10_heure,35,387,0.004338710943193156,12779.39202309616,0.004633281338640165
top10_heure,36,344,0.003856631949505028,8666.024018158418,0.0031419434735998415
top10_heure,37,93,0.001042635963092929,4663.054050951529,0.0016906313912506204
top10_heure,38,409,0.004585356009731269,11800.44079901074,0.004278353934441557
top10_heure,39,312,0.003497875489085956,11212.202170916327,0.004065082829424089
top10_heure,40,52,0.0005829792481809926,2051.1223579381585,0.000743652509221641
top10_heure,41,405,0.004540511452178885,15723.80880100366,0.005700805621923917
top10_heure,42,295,0.0033072861194883237,6928.2933659447335,0.0025119138925420413
top10_heure,43,75,0.0008408354541072009,2793.7659240163184,0.0010129044869176406
top10_heure,44,334,0.003744520555624068,7515.3349430286635,0.00272475099615332
top10_heure,45,353,0.003957532203997892,9643.11270305892,0.0034961955977825952
top10_heure,46,65,0.0007287240602262408,4510.740909939299,0.0016354089180213617
top10_heure,47,398,0.004462033476462213,8985.751778956623,0.003257863594437689
top10_heure,48,421,0.0047198896823884215,9814.036506894834,0.003558165531032242
top10_heure,49,68,0.0007623574783905289,891.6502049921838,0.00032327564941419254
top10_heure,50,339,0.0038005762525645482,8060.093940074524,0.002922258177285823
top10_heure,51,343,0.0038454208101169323,14097.43216901905,0.005111148423447188
top10_heure,52,101,0.0011323250781976972,2678.6715149822708,0.0009711759933715077
top10_heure,53,297,0.003329708398264516,9596.353438070784,0.003479242613674548
top10_heure,54,343,0.0038454208101169323,8528.028471013033,0.0030919119703602025
top10_heure,55,86,0.000964157987376257,1827.8184389997764,0.0006626917030586766
top10_heure,56,349,0.003912687646445508,11448.820505138747,0.004150870894329796
top10_heure,57,277,0.0031054856105025954,5581.26417899631,0.002023536575122549
top10_heure,58,96,0.0010762693812572171,3985.1209169035365,0.001444840751668269
top10_heure,59,355,0.0039799544827740846,10960.587566789834,0.003973857734543075
top10_heure,60,287,0.0032175970043835556,7895.803916090027,0.0028626933794553477
autres,-60,587,0.0001703234956764817,5892.129480036149,0.00016612718608909437
autres,-59,71,2.060130867637172e-05,759.7646480096902,2.1421383133462084e-05
autres,-58,1187,0.00034441906195567935,12725.348946104761,0.000358788179991801
autres,-57,3419,0.0009920545685142945,18221.79317597066,0.0005137591147781253
autres,-56,339,9.836399494774666e-05,2776.9740340064873,7.829612089738878e-05
autres,-55,2293,0.000665335222463667,18626.266319006372,0.0005251631386253274
autres,-54,1917,0.0005562353342620364,15919.535073950416,0.00044884749641750914
autres,-53,319,9.256080940510675e-05,2083.8742470019984,5.8754337628006174e-05
autres,-52,1922,0.0005576861306476965,22236.155567219386,0.0006269431054320353
autres,-51,1584,0.00045961229497708175,13314.865562023626,0.00037540946044519076
autres,-50,250,7.253981928299902e-05,2416.0708259919993,6.812054098165241e-05
autres,-49,1672,0.0004851463113646974,16750.42296607605,0.0004722741824640425
autres,-48,1485,0.00043088652654101414,14760.851743936128,0.0004161786961415121
autres,-47,401,0.00011635387012993042,5884.470344946115,0.00016591123860106057
autres,-46,1853,0.0005376651405255887,20043.44715903995,0.0005651202145741596
autres,-45,2051,0.000595116677397724,22916.592998027565,0.00064612787658699
autres,-44,413,0.00011983578145551437,4711.551952999535,0.00013284108414732048
autres,-43,2218,0.0006435732766787673,28342.083435841407,0.0007990982861207893
autres,-42,1763,0.000511550805583709,16945.150057094994,0.0004777644663751309
autres,-41,319,9.256080940510675e-05,2782.8451749959286,7.846165631798891e-05
autres,-40,2069,0.0006003395443860999,22367.491256021633,0.0006306460838692397
autres,-39,2241,0.0006502469400528032,22019.198601097425,0.0006208260554917058
autres,-38,275,7.979380121129891e-05,2872.134924011879,8.097915950607741e-05
autres,-37,2632,0.0007636992174114137,27406.890823145222,0.0007727307533425429
autres,-36,2243,0.0006508272586070672,23867.24754110015,0.0006729313548062931
autres,-35,492,0.00014275836434894207,6288.99329192556,0.00017731666665858365
autres,-34,3063,0.0008887578658553039,27606.740454076276,0.000778365466045312
autres,-33,2551,0.0007401963159637219,23446.79048901083,0.0006610766684536628
autres,-32,469,0.00013608470097490615,3748.582516989749,0.00010569039045734975
autres,-31,3066,0.0008896283436866999,29452.214883102533,0.0008303981776366447
autres,-30,2960,0.0008588714603107084,28903.288530932343,0.0008149213299935027
autres,-29,411,0.00011925546290125038,5454.849710916882,0.0001537981872401032
autres,-28,4027,0.0011684714090105482,35960.2431699872,0.0010138904837632486
autres,-27,4527,0.0013135510475765463,36259.08025404843,0.0010223161241098109
autres,-26,703,0.00020398197182379323,8107.328693048937,0.00022858419982775595
autres,-25,4612,0.001338214586132766,40595.221427204626,0.0011445725908120808
autres,-24,3433,0.0009961167983941425,29570.50070106346,0.0008337332180763833
autres,-23,626,0.00018163970748462954,5393.166332009635,0.00015205903907626047
autres,-22,4915,0.0014261328471037607,47243.81611418758,0.0013320281330804096
autres,-21,3965,0.0011504815338283644,35825.9877570644,0.001010105184400486
autres,-20,1010,0.00029306086990331604,9034.753195994865,0.00025473271260340166
autres,-19,4650,0.0013492406386637816,39352.085707983875,0.0011095226755546655
autres,-18,3920,0.0011374243663574246,37132.94680207682,0.0010469545831140173
autres,-17,847,0.00024576490773080067,8047.7200320033535,0.0002269035478394394
autres,-16,5419,0.0015723731227782866,48601.86141105133,0.0013703178964866473
autres,-15,3935,0.0011417767555144045,39892.425118000225,0.0011247574164107857
autres,-14,724,0.00021007531664356515,5854.875325017422,0.00016507681406920623
autres,-13,3987,0.0011568650379252684,36403.266700031774,0.001026381426582297
autres,-12,4469,0.0012967218095028905,38672.692385045004,0.0010903673427721853
autres,-11,656,0.00019034448579858943,7678.120244892213,0.00021648276994921467
autres,-10,4637,0.0013454685680610657,40868.740915019815,0.0011522844075678438
autres,-9,4054,0.0011763057094931121,39813.04094093189,0.0011225191984624116
autres,-8,841,0.0002440239520680087,7923.3946340139255,0.00022339822288054803
autres,-7,7426,0.002154722791982203,64511.07356796477,0.0018188743407191368
autres,-6,5137,0.0014905482066270637,43467.959440030456,0.0012255687542634998
autres,-5,1217,0.0003531238402696392,11252.295114925024,0.00031725577837693556
autres,-4,5730,0.0016626126579663374,51458.181422926995,0.001450851158315096
autres,-3,5680,0.0016481046941097376,55650.67027619931,0.0015690573821029261
autres,-2,925,0.0002683973313470964,8483.950601004652,0.00023920296474121895
autres,-1,6302,0.0018285837644858392,59728.927494040116,0.0016840428721609747
autres,0,5433,0.0015764353526581346,46331.93653397291,0.0013063179056954813
autres,1,1072,0.0003110507450854998,8126.958126900653,0.00022913764703582506
autres,2,8661,0.002513069499240218,62634.70037806718,0.0017659704459308653
autres,3,13903,0.004034084429966141,101565.81247995439,0.0028636238710158025
autres,4,3610,0.001047474990446506,22945.09931899903,0.0006469316055112758
autres,5,20966,0.00608347940434943,167286.41374198897,0.0047166005567349035
autres,6,16071,0.004663149742788308,125963.1135219052,0.003551499957921305
autres,7,3063,0.0008887578658553039,29036.065460008987,0.0008186649438566725
autres,8,19586,0.005683059601907275,147442.92063302692,0.004157117998936466
autres,9,16515,0.004791980461834915,134438.6719456292,0.003790466307224673
autres,10,2967,0.0008609025752506324,21338.62460602601,0.0006016374339399042
autres,11,17376,0.005041807599445564,147563.0552823968,0.004160505166737044
autres,12,17029,0.004941122330280761,154864.87880766517,0.004366378340380293
autres,13,2879,0.0008353685588630167,25013.103498026376,0.0007052384903559369
autres,14,18529,0.005376361245978755,159182.2976480035,0.004488106935371903
autres,15,15460,0.0044858624244606595,131154.8550588175,0.0036978798729166255
autres,16,2838,0.0008234720285006049,26050.87794607986,0.0007344982935280205
autres,17,15708,0.004557821925189394,120854.89630412581,0.0034074749911929183
autres,18,15038,0.004363415209510957,118935.38687606415,0.0033533548804526815
autres,19,2866,0.0008315964882603008,23888.638803063062,0.0006735344763379623
autres,20,18305,0.005311365567901188,149633.63254224838,0.004218884598982158
autres,21,15413,0.0044722249384354556,135585.53558788745,0.003822801854222035
autres,22,2397,0.0006955117872853945,19601.67576992723,0.0005526645755701918
autres,23,16194,0.004698839333875544,130283.93143628372,0.003673324388995187
autres,24,14820,0.004300160487096182,127961.50227885631,0.003607844052535861
autres,25,2877,0.0008347882403087527,23056.447787840978,0.0006500710490463707
autres,26,15201,0.0044107111716834724,117135.28067011743,0.003302601315095932
autres,27,13114,0.0038051487603089963,103789.8022371674,0.002926328732052648
autres,28,2097,0.0006084640041457958,17795.808729979566,0.0005017485848720873
autres,29,14103,0.00409211628539254,115967.3546429627,0.003269671919177389
autres,30,12546,0.0036403382908980226,106129.91504174123,0.0029923076547277356
autres,31,2445,0.0007094394325877304,20608.991326056966,0.0005810655975454552
autres,32,14931,0.004332368166857834,112259.75533614837,0.0031651370405611163
autres,33,14395,0.004176842794315083,114473.0010931198,0.003227538977072368
autres,34,2706,0.0007851710039191814,19757.165605034013,0.0005570485744044449
autres,35,15770,0.004575811800371578,133432.1265052124,0.0037620869984783503
autres,36,12436,0.003608420770413503,97927.31805689847,0.002761037388123469
autres,37,2690,0.0007805284554850694,26490.25213090828,0.0007468863439286519
autres,38,16059,0.004659667831462725,126037.73096411528,0.003553603778916673
autres,39,12423,0.0036046486998107872,96392.68566805546,0.002717768793754747
autres,40,2608,0.0007567353947602458,20362.307778080234,0.0005741104137161282
autres,41,14182,0.004115038868285968,114646.20145387317,0.0032324223199552875
autres,42,11636,0.003376293348707906,87813.9766688742,0.0024758941385660035
autres,43,2545,0.00073845536030093,23347.1382429323,0.0006582669971311679
autres,44,13766,0.0039943326089990575,110614.13547285076,0.003118739180807994
autres,45,12206,0.003541684136673144,95315.87093695436,0.0026874082591087887
autres,46,2136,0.0006197802159539436,16446.055113994204,0.00046369260343159585
autres,47,13341,0.0038710149162179595,109653.9054900872,0.0030916657253492537
autres,48,12027,0.0034897456260665166,119997.05070477286,0.0033832882390174477
autres,49,1887,0.0005475305559480766,12495.06892197521,0.00035229548960697657
autres,50,12869,0.0037340597374116574,110785.33029989449,0.003123565978146061
autres,51,11390,0.003304914166533435,89540.46605302604,0.002524572095181458
autres,52,2266,0.0006575009219811031,19745.061412948355,0.0005567072995940584
autres,53,13436,0.0038985800475454992,102299.92708414857,0.002884322057278495
autres,54,11546,0.0033501790137660265,92881.48596920865,0.002618771355266223
autres,55,2711,0.0007866218003048413,23932.12387987601,0.0006747605277124747
autres,56,13648,0.003960093814297482,103068.17813907164,0.00290598271263184
autres,57,10741,0.0031166007956747697,82211.10344398393,0.0023179224636361378
autres,58,2049,0.0005945363588434599,17453.583701990254,0.0004920996317895462
autres,59,13003,0.003772941080547345,103467.81779999158,0.002917250457603022
autres,60,11062,0.0032097419236341404,86186.35835596058,0.0024300038282346424
