wallet,n_hours_top10,pnl_in_top10_hours,n_hours_active,pnl_48h,pnl_incl_rebate_48h,volume_48h,markets_per_active_hour,name,pseudonym,taker_share_48h,pnl_outside_top10_hours
0x32ed2e546b187ca15e2841edc82b22c713cf8ec3,11,8860.159796013688,48,6179.114536027494,6937.567938641018,158904.4543739725,20.208333333333332,mo-money,Amazing-Mail,0.11692011494056019,-2681.0452599861937
0xc2ad03f79ca3f3c17d8c7de2612ce0c89b7d40ed,11,8844.658781088152,48,3620.9424040292383,4319.33825936927,144949.94858797075,19.270833333333332,bosona,Impolite-Sister,0.11188729991261437,-5223.716377058914
0xf3326d8fc30f7ed01bfade12c706cb52c397b1c0,10,5716.615340990791,48,2530.366812998105,3102.685669901746,118870.6274770019,10.125,0xf3326D8Fc30F7Ed01BfAde12c706cb52c397B1c0-1780211395335,Friendly-Diam,0.0,-3186.248527992686
0x8ac8617241fbd47d189a512516206c2b9a1b47ab,10,14876.262900057518,31,1492.3953638592561,1492.3953638592561,118926.26326509095,8.387096774193548,Oussou931,Enchanted-Troop,1.0,-13383.867536198262
0xa8278bd8002eddb9b26deb70d8331c23da45f959,10,13576.956996245532,22,-5138.586524967659,-5138.586524967659,218663.75053599683,4.681818181818182,JeroHJ,Imperfect-Deposition,1.0,-18715.543521213192
0x3725d52f3c252e8374999cc8617292ea2608ad88,9,8342.453215003923,48,8078.493687106226,8783.621311671088,149435.26718889378,19.583333333333332,almach,Rural-Wharf-Parable,0.12369561688965572,-263.9595278976967
0x502b532f55778c0985846dc53a9bc71eb4f33b15,9,6296.181171024844,46,6174.07754904694,6613.773420713545,136112.07076295305,24.67391304347826,0x502b532F55778c0985846Dc53a9bc71eB4F33b15-1761320484518,Stimulating-Power,0.13260830247352842,-122.10362197790437
0xe9076a87c5ed90ef16e6fe6529c943baeca0cff6,9,24902.631123778086,48,-791.0989468005446,-781.5369926662422,233975.0921535339,17.6875,suntori,All-Peasant-Drug,0.9941183480971102,-25693.730070578633
0xb55fa1296e6ec55d0ce53d93b9237389f11764d4,9,9401.313700913091,46,-4285.8144811500115,-4212.757539838874,541658.62527215,29.869565217391305,0xb55fa1296E6ec55D0cE53d93B9237389f11764d4-1777575277609,Lively-Authenticity,0.975427212212657,-13687.128182063103
0x280e296e5f14091642208ac24614826d9902fbd8,8,5515.471911033511,48,923.3531340647623,1481.006568799617,116497.15471593523,10.104166666666666,0x280E296e5f14091642208Ac24614826D9902fbd8-1780260958670,Blissful-Cormorant,0.0,-4592.1187769687485
0x0cb038487586d1119b165466072e9baf666f3a90,8,7129.273837939083,48,-9226.10428990713,-7908.337272379533,651655.6223620129,15.75,,,0.551958694588402,-16355.378127846214
0x9e3ed7b661a903fc97afcf49e0f014ebe869f882,8,11068.554924706037,48,-30195.389643951938,-30185.06693555195,212271.89183640515,19.020833333333332,0x9e3ed7b661a903fc97afcf49e0f014ebe869f882-1783406009396,Favorable-Pepper-Brushing,0.9923947133789558,-41263.94456865797
0x21f4c1a1be34a39a7bc20985df4b7e5a39fb691d,7,5514.308858052394,47,918.9091942670633,4290.495435049467,1030716.100921733,14.0,CrouchPredictions,Vague-Hourglass,0.24253347830928249,-4595.399663785331
0x71246529fd8c3887724b178844ba1bb94defcc9c,7,16644.85310680294,24,-22085.75327652182,-22078.953167155592,196795.91938153486,2.8333333333333335,Understandable98,Pointed-Dose-Formamide,0.9954758351097648,-38730.60638332476
0x664a25f165a0150ce687410470f3352f5783fc5f,7,6013.138106969575,46,-59522.11949800846,-58688.098963405726,196790.3659439693,6.391304347826087,itsonlyamatteroftime,Satisfied-Fan,0.0,-65535.25760497804
0x3708cef9f92678df15a0473e36c45d68a16cdaf9,6,5242.171942015767,48,4701.765042021005,5210.473401793542,107446.794135979,10.25,0x3708CEF9f92678DF15A0473e36c45d68A16cdAf9-1780222715877,Hearty-Prospect,0.0,-540.4068999947622
0xf03b3be0a0e7026bc41bbfcdc286129962833ba1,6,4844.924569048628,35,963.8434820546962,963.8434820546962,31359.517963980186,5.228571428571429,GameMaster2026,Powerful-Mastoid,1.0,-3881.0810869939314
0x8bf4e27a45614d084e9b90bd6bc489c866a811d8,6,4473.646125191839,28,718.8300535643639,718.8300535643639,280628.11065243563,6.964285714285714,Paulkao1982,Caring-Adobe,1.0,-3754.816071627475
0x64071a44d1f42709c82934bbefe3f292661493aa,5,7572.083202037213,6,7696.191849021899,7699.650268311517,79560.4861509781,3.5,smash-to-net,Rotten-Democracy,0.9937618278116214,124.10864698468595
0xd5b3b6a854543589560a40de153a78eedf3cb230,5,4493.019981752939,12,3788.0518639423635,3788.0518639423635,56352.422752242106,2.8333333333333335,,,1.0,-704.9681178105757
0x21d0a97aac03917e752857a551bbe5103a00e8d7,5,4719.864209018216,48,2982.832347005577,3279.3811042341863,40224.74888599442,17.229166666666668,PBot-6,Tangible-Friendship,0.004143854333868498,-1737.0318620126386
0x7743aea53acd19e496c1c515eb0a143fb437fb42,5,3059.1213969867476,48,1872.1921480516135,2444.6564181235817,118524.60373594839,10.1875,0x7743AEa53ACd19E496C1C515EB0a143fb437fB42-1780258394212,Disgusting-Tennis,0.0,-1186.9292489351342
0xdb1d1d4bcfbeb5f6134a8b86c851ab21536ab6c2,5,2824.942910004204,48,11.671474184803287,216.73073563622444,28548.083816815197,7.5625,nahoism,Watchful-Milk,0.0,-2813.2714358194007
0xefd1144fefbeaa6f181392a9ef73c2d5e275c520,5,6124.3516553908685,19,-472.31235835284275,-447.2695973961028,103227.13010595957,6.421052631578948,benzeau,Marvelous-Installation,0.9382918324622467,-6596.664013743712
0xc5e6250906f3a43348374632092a64ee2cf22d79,5,3613.1766389949144,31,-2257.90866120532,-2168.55605666141,204115.32048818158,6.612903225806452,peipeipei,Embellished-Doorknob,0.7201164993234415,-5871.085300200235
0xf518944dcdaa9968e9414bd6e7ac2d49f98bbb10,5,5239.200597009329,36,-3717.6682110572274,-3619.001641444912,41849.92415905723,3.861111111111111,woshsfq20,Linear-Turret,0.6802090940927306,-8956.868808066556
0x5e60d871c2d646de185e541290689b727ef0e468,5,3174.7249659641566,43,-4581.453345012171,-4581.453345012171,120763.91769703223,10.511627906976743,0x3664555C090fBEFHSVE94a7d216FCe860d746HD5,Victorious-Recess,1.0,-7756.178310976327
0x28cc505fb60501dbb2199a9662ba175919af904f,5,3198.0981200065053,48,-4675.388178965341,-4090.770671062679,122415.65998896534,10.375,0x28cC505fb60501Dbb2199A9662ba175919Af904F-1780262286739,Threadbare-Sneeze,0.0,-7873.486298971846
0xe8ade1c67a880380ec861c476052c2f00057a859,5,3768.6439698856375,23,-6618.689549313665,-6610.718511898787,104743.63270451064,4.130434782608695,suanlimao6,Careful-Rations,0.7756047408968834,-10387.333519199303
0x8ec422e3b8d0c4b86b57c97074d5fff43e0854f2,5,3991.85302888092,29,-8068.325043386588,-7931.69022040991,64717.17960725615,4.655172413793103,maroon6jdjdjdj,Accomplished-Landing,0.6530044055780402,-12060.178072267508
0x9547dd1651c3c1f9d12c538361bce4338b727117,5,14973.071985035303,23,-13769.79201367149,-13769.79201367149,120185.96541667149,4.782608695652174,asdaf54123,Stylish-Conservation,1.0,-28742.863998706795
0x4a86dfe0f05e34b133b29b7626368e78912c501e,5,5557.9162436415145,22,-25864.519690405985,-25864.519690405985,292289.2033215413,7.136363636363637,komsa,Perfumed-Praise-Retrospective,1.0,-31422.4359340475
0x941743de228c1339b996ae09cc84bd8179d86e5e,4,3319.293815020223,48,4723.668920065652,5328.286740186661,125248.80919693435,10.104166666666666,0x941743De228c1339B996ae09cc84BD8179D86e5e-1780214631894,Agitated-Destination,0.0,1404.3751050454289
0x4c9497941333332d29f1c235dd23200f3623ffad,4,2182.2935400446845,48,2245.2676673440155,4063.7238730810677,361339.065799656,12.0,,,0.0,62.97412729933103
0x44ccbd392120677fb8c589f4048f3fab13f3038d,4,2433.051627058852,25,195.50663404623296,195.50663404623296,17552.896483961045,3.72,Anson41,Lumpy-Resume,1.0,-2237.5449930126188
0x6d0194729138692c6db1ca949b54ed6567f17137,4,3557.8594889359765,14,-754.7094631728403,-754.7094631728403,17966.82897911253,3.4285714285714284,Lion1123,Regal-Virus-Smock,1.0,-4312.568952108817
0x0d2d845a6ff64e31e04a70afce8a573940767ff5,4,3252.3204589652714,42,-1728.706945060861,-1222.1338078035124,69391.01151004009,18.714285714285715,38791873984189,Sympathetic-Back,0.0,-4981.027404026132
0x855e484854d1411b959ddffdda11a698566c5189,4,2530.1797099937803,48,-5418.260299890411,-4862.207425212998,117975.81948389042,10.020833333333334,0x855e484854D1411B959dDffddA11A698566C5189-1780249997359,Jaunty-Harmony,0.0,-7948.440009884192
0x074a3a0ffc6e1077a9d7fcbd774029e0cc6ef0e0,3,39214.43482243978,5,39206.325178439554,39320.185492381,47024.98651362176,3.0,ox123bs,Colorless-Discussion-Steamroller,0.6766748521336283,-8.10964400022931
0x5b6331e7ff0831a3fe2ed12004747db1a9c911a4,3,49980.657897123565,48,38629.69706900835,38821.115390004314,71407.51337891676,17.145833333333332,neutralwave23,Monstrous-Dew,0.7107971079677663,-11350.960828115218
0x66b5b67787fddbedfffaab6cf83ac4698b730c9e,3,9331.379355973695,3,9331.379355973695,9366.460283409491,12739.286440022444,2.6666666666666665,DambraVictoria,Back-Luck-Fork,0.4188040456659679,0.0
0x48ac40fc545cf327edd5365435c3a9f385614a7e,3,1135.9833311850607,48,5096.039731142378,5138.953297251175,763316.0049848576,13.145833333333334,BoneOhio,Warlike-Fallingout,0.6367826307133446,3960.056399957317
0x22a60c995b7bcf2516fccf2f228e35aefedbb5cc,3,4690.372381916367,24,4441.729379981759,4450.803525191126,10964.672709018749,1.9166666666666667,rwpo,Gregarious-Maternity-Turn,0.8848578700438663,-248.64300193460804
0x0ca4e9d27ff826a109ecbf74754fb66b93f277a6,3,1584.387146997436,48,4081.7629100579943,4219.239530799356,159986.594124942,11.5625,GoodFallen,Blue-Smith,0.856249016670626,2497.3757630605583
0xc53375ff94e96100f2b30a4b5775db35218d69a9,3,1397.6780329939345,48,2676.01406004622,2913.0148128337487,251298.65723195378,11.833333333333334,dangerously-skip-permissions,Lone-Easel-Election,0.8432158138608655,1278.3360270522855
0xc387c2a40d389f17b723b6bba9b18b7dbd2de4f4,3,1869.382128007585,46,2098.170233998447,2464.6145679759243,68037.95791700155,14.543478260869565,flippingsharks,Ambitious-Membership,0.035008242060080935,228.78810599086228
0x5380555499c258e06330d364f3828079951ed4b3,3,4479.612119123953,42,1370.5949960649848,1375.2634260972495,23488.103478923254,2.8095238095238093,rear,Jittery-Cofactor,0.9661167991825707,-3109.0171230589676
0x2106587a1e6f51b16880a5fd4ab253fd78d24c18,3,1886.9738199764001,11,1319.9096049570976,1329.9499952463575,4381.886769042902,1.5454545454545454,wuhua2000003,Winged-Logistics,0.6363764622450694,-567.0642150193025
0x672c9e0698b0d668f8fd8baf0e1e19c76142881b,3,9565.920065914257,47,1278.08479281885,1278.08479281885,34266.66389118115,5.085106382978723,Antonio1729-2,Descriptive-Spectrograph,1.0,-8287.835273095407
0x0bf96a1c55e6f47ea84335bc3fc08a89653efd90,3,1334.3026429970969,48,1036.9215950392545,1269.8815334346727,33104.73457896074,7.166666666666667,alboto,Polite-Promenade,0.0,-297.3810479578424
0xf4fc574838313646c777ce1d99c1d2e208423303,3,2657.04302717683,6,821.0899962125736,821.0899962125736,20500.94279987038,3.1666666666666665,cs2bettor,Zigzag-Living-Sculpting,1.0,-1835.9530309642564
0xb27bc932bf8110d8f78e55da7d5f0497a18b5b82,3,3418.6311350612255,19,562.5048401201709,3092.91454124099,562612.7651378799,42.31578947368421,,,0.05669154646733716,-2856.1262949410548
0xb129a54d3b23214728dcc544034fc83067cd890c,3,1678.3923719959473,48,-3231.3151579589166,-2634.8037170176704,122966.54256695892,10.333333333333334,0xB129a54d3b23214728Dcc544034fc83067CD890C-1780260877658,Excited-Conviction,0.0,-4909.707529954864
0x322b2e7c44237c9fed01d534cd1c96687d52aa0c,3,1938.6026559663742,43,-3947.1002090408474,-1843.309953702329,431114.16393704084,11.581395348837209,yguaihdkjls,Gloomy-Drawing,0.0,-5885.702865007222
0x3c58ef422754ff22c7e806336feba0064d8b776b,3,2114.5299209892028,48,-4497.1959990969435,-4424.604014945109,97055.22664909695,35.916666666666664,antsaslyku,Periodic-Scrap,0.8855424086623589,-6611.725920086146
0x10d57bd3327bcdf43bf0656e717aa56f9dbd5388,3,6866.284321847175,45,-15318.528532089185,-15318.452859113342,86827.26509108918,4.111111111111111,maxmaxi04,Quaint-Dreamer-Custody,0.9998640979882573,-22184.81285393636
0xae3985e1b18b258e940365d8140fec972516ff04,2,6783.057565971757,21,7505.083597903427,7554.632223771158,29805.514387045765,3.2857142857142856,alwayslaugh,Lumbering-Politics-Pneumonia,0.747409686031575,722.0260319316703
0x3663ed135115e034de3a9ad8cdca8493e8d68950,2,6660.674298688681,7,5609.810494835223,5610.498455266041,18290.7019651803,3.857142857142857,Nikos888,Several-Morning,0.9970478778177339,-1050.8638038534582
0xaae20e7083e9ba59cdc9349f692399382f432383,2,3567.5009849779176,5,4051.569547983078,4056.8255689499274,8045.938421014522,3.8,120x,Wobbly-Schnitzel,0.8117298991446026,484.0685630051603
0xa6657ab4eb9d92c8bbfb1d1d52ce7205e4ca01e3,2,1717.3511279985132,33,3784.3116800145076,3796.8586806346757,19272.069287985494,2.1515151515151514,MikeAddon,Funny-Keyboarding,0.6808438686014782,2066.9605520159944
0x0c7c5204404e9d5402d258fedac59c7212bae4cb,2,898.7665939922883,48,3735.9272610213498,3735.9272610213498,121195.27195697866,35.6875,OhioRiskManagement,Palatable-Patent,1.0,2837.160667029061
0x9412cdfc1e3171e1aabb013d0f494986445d0cd0,2,2829.5074310099535,48,3297.262323121159,3541.5441872973533,61974.54384187884,4.104166666666667,gansinimen,Svelte-Chicory,0.2589891204498281,467.75489211120566
0x44832d0d2ec11187c1e77d786feb15f6a50254c6,2,1690.6798620029076,48,3243.6339740061603,3268.0100479322987,54772.92893799384,4.854166666666667,NIULAI4,Utter-Paramecium,0.6803742084374964,1552.9541120032527
0x239e726f1f4131ca78a7e5abf1fec86bfc151c10,2,810.3985109838816,46,3043.7377280531787,3727.435478697559,176057.50362294682,11.369565217391305,EZTRADENL2,Fluid-Boy-Catamaran,0.13335200037983738,2233.339217069297
0xbc5887953750f812be60e57ba6e178c847d65e72,2,940.708070999195,48,2858.192946001135,3464.0474217779933,126651.84092999887,11.979166666666666,1000monkeys,Ill-Informed-Full,0.0,1917.48487500194
0x7cf89836b082aab85b137d45bfc6b991cf2104ae,2,1067.5566340062373,48,2613.5162070434635,3378.664712722789,118606.03934897471,32.125,Alpharo28,Thin-Saint,0.004200753188746575,1545.9595730372262
0xbd0f6c867e2a852807ef8fcdd76d696053da48fd,2,2377.7329139953254,48,2150.1709589887314,2478.1860653377435,44738.87952601127,17.770833333333332,FatSlag,Tidy-Set,0.0,-227.56195500659396
0x90c7c48c0363f46320a091e4acdbf0933cbcf260,2,1502.6556520031286,5,2120.004535900371,2127.41898391444,23597.080006161817,9.4,fg0018,Striking-Neighbor-Grandmom,0.6567955442834075,617.3488838972426
0x071a80774cef3eea0c610a1d1f8a788e795d7400,2,1423.3523399838082,44,2067.139838963311,2072.186083298276,36951.38602203669,2.340909090909091,CnR89,Fixed-Garbage-Skyscraper,0.95895819385242,643.7874989795027
0x7e5d2991c2647de2348287e2f499329fc6a6c4c3,2,1825.9460999926262,48,1891.8507959985066,2284.6201922228015,102369.32429000149,7.416666666666667,aswfadq1555,Big-Hearted-Warning-Fingernail,0.2972040801383297,65.9046960058804
0x41e2e1ccf1e4940029af02259a31c6b89b9fa354,2,904.8644960110703,48,1558.057273008965,1649.6740568395844,300558.57865299104,39.208333333333336,norm1e69,Improbable-Harmonica,0.9488746095358088,653.1927769978947
0xbadb9af986ee66437bd39e6cd3d3036cbbdc31a7,2,3701.461536971076,14,1488.6563549761913,1509.4210675649906,29302.70619501236,3.857142857142857,0xBadB9af986EE66437BD39E6cd3D3036CbbDc31a,Swift-Census,0.7250336729522577,-2212.8051819948846
0xc9def225cd0f39976dfb61396346f6416564bfb4,2,1228.4644170211895,6,761.5656800872583,761.5656800872583,7305.772895912742,4.833333333333333,Superopa,Different-Hyphenation-Diplomacy,1.0,-466.8987369339312
0xe29042f5d913dcc4015aab3455c13c58514ca33f,2,1905.4015920027641,48,649.6534590624495,1484.0525589131514,173775.14301193756,11.979166666666666,stepahead,Windy-Turban,0.0,-1255.7481329403145
0xdf0d2ccfe3d7c2ef120395534e43afe283509f79,2,1805.7270390009353,47,518.6376110034553,593.1135782544304,8647.032400996544,5.48936170212766,0xdf0D2CcfE3d7C2EF120395534e43Afe283509F79-1774320078733,Slow-Minute,0.0,-1287.08942799748
0x03f1a9997a7207f03b32c7e203fc88ff67c4e633,2,1030.5527540056773,40,402.71203596203696,402.71203596203696,10922.808699002808,1.875,pipi5673,Late-Sniffle-Antiquity,1.0,-627.8407180436404
0x610f7cf3247925d19e21a1f98c57fb1b811e6718,2,1159.0165899571443,22,331.629953918859,353.76840537619876,10068.606746081141,2.5,microwaveshepard,Fussy-Diarist,0.6510779758717814,-827.3866360382854
0x568b079891fcc8bef2e557fa2a8a7ecca1700b3b,2,788.1671700001752,48,322.8245890278847,857.1959740672868,129097.22468197212,11.979166666666666,,,0.0,-465.34258097229053
0x70018e544f223dee25aafd71047e872732c52aba,2,1925.931793055444,20,201.8574870560051,233.49212536125944,35349.95776113116,7.0,Bplnt,Visible-Rack,0.6824610236918247,-1724.0743059994388
0x36223d8d3540f862c6a2210218c9383349bd3fac,2,979.3843200379747,7,167.2128691411799,189.52832447896617,18346.161397979755,1.7142857142857142,Lorolorota09,Sweet-Number,0.5443572680591333,-812.1714508967948
0x55aeeb3eb4e8cc0da6d9e4939caf533bf6c3f5df,2,1835.7272959999996,35,-29.129291999998905,40.93510404115426,176923.207902,10.6,animal00,Artistic-Design,0.2486671766904056,-1864.8565879999985
0xcb43452d00c374e826641e9e3bddff3394ec98b0,2,1084.59985,23,-185.0639680321214,-158.5308124961881,15614.329100044337,1.9565217391304348,f0008,Popular-Civilization-Strudel,0.6094977849551798,-1269.6638180321215
0x1b414826a2c991d5ae1669a754291626d0df0b56,2,1009.1319559983942,41,-318.8955030603269,-246.7811207797002,81816.38979006033,37.41463414634146,Kathod-Shi-14,Compassionate-Restriction-Junker,0.7673226870331339,-1328.0274590587212
0x9783f45ce35f794be38ca47dd0816a5c241383b9,2,1451.864486001074,25,-471.6383010078242,-471.6383010078242,7863.6880860078245,1.32,0x9783F45CE35F794BE38cA47dD0816A5C241383B9-1766113722324,Acidic-Colonisation,1.0,-1923.5027870088984
0xd84c2713e2b58beb1d9dc4421aabd778573ee0a5,2,3519.999199999904,8,-473.1503299895702,-403.6079847343681,12047.01638296653,1.75,0x66666666666,Prize-Snowstorm,0.22466584372350298,-3993.149529989474
0x6f8bfc48625a6d2adde508abad216ca33110a588,2,2019.5573720721302,5,-687.9157649067033,-676.3586033165152,16227.19495585328,2.8,Sufix,Warmhearted-Crow,0.921789454588585,-2707.4731369788333
0x2f8b35dc9eaee0c4550ccd9afde7ac54d91dba14,2,1026.7547149776049,48,-1155.2746499465043,-1121.8406591808834,20139.216882946504,3.875,Robotron.4,Muffled-Bit-Spreadsheet,0.7569758937794734,-2182.0293649241094
0xaa1a4f31c010d4a63fc49770d4ca2d69ea370602,2,1380.0748789973834,43,-1834.458795963133,-190.5458901874521,352436.4212359631,11.604651162790697,hdueilqhsdn,Downright-Scheduling,0.0,-3214.5336749605167
0xf2086f01a60d6f31c64bf32cec920a7f483e314e,2,1987.149529970426,5,-2170.382875952346,-2170.382875952346,48154.01968892968,8.4,spacezeus,Rotten-Congregation,1.0,-4157.532405922771
0x04714bc0feb1dc76688370dc363e6166f9807225,2,1233.8286929626584,35,-2837.734306337617,-2834.24263298773,101109.93977507197,5.257142857142857,lyfanshen,Famous-Algebra-Shirt,0.9828436907008304,-4071.5629993002754
0x9595b9d67a821bebac4627a1f5c9a5540dc42008,2,3746.9986739889787,11,-3770.59235699002,-3633.4496440337884,73924.53065399002,3.272727272727273,ghuhkhh6769vggvuyyug.,Mundane-Junker-Penicillin,0.7856436398881947,-7517.591030978999
0xb4077d7ecb09e5478305fb0c71bc176a5eda252c,2,1133.7414070505538,6,-3821.754718866144,-3821.754718866144,57989.847357120365,4.666666666666667,0xB4077D7ecB09E5478305fB0c71Bc176a5EDa252c-1772320937442,Expensive-Arrest,1.0,-4955.496125916698
0x03571aa3cdff1f00df80e4f8340c3f8783bca7d7,1,10032.65009003909,3,9950.171293060303,9982.669804089648,9041.885468939698,2.0,FennMeazell4035,Easy-Theme-Advertisement,0.5505837822307815,-82.4787969787867
0xa82365c8e854728c472812fba6202ca125386215,1,3976.8195700011556,33,3925.884001063664,3953.630084875856,22527.773343928704,4.090909090909091,mihaXd,Monthly-Lollipop,0.8068206022604907,-50.93556893749155
0xb0f85baa97990910a3e8ac2b4a58a322f01ecef5,1,536.3277550001366,48,3450.2410490102598,3586.5866366010996,74815.09427798975,22.625,pspspsps5,Fearless-Omega,0.0,2913.913294010123
0xa7614974faca5be9a1b809c978d0a8fc532a866b,1,2954.155400075907,5,3087.9896301236267,3089.4490375424984,48533.096219876374,1.0,0xA7614974FAca5Be9A1b809c978d0A8FC532a866B-1777736641378,Humongous-Fly,0.19548858900106125,133.83423004771976
0xac2a98a39ed9ed2ebfbc7bc3bb053882edfb207b,1,1266.0418440468418,4,2976.500770939305,2976.500770939305,6999.999996060696,1.5,finrevpol,Bad-Wastebasket-Reject,1.0,1710.458926892463
0xe327cb5bfe38700dfc6f5453035907b3061eca95,1,2905.3970570310953,2,2904.648107031095,2916.660193405044,2036.4859369689048,1.5,DambrosiSearl28,Improbable-Pasta-Mousse,0.2530087198819028,-0.7489500000001499
0x143d5d9aaba4691b2c648238380cbfe41b445dc3,1,2828.5824810024833,1,2828.5824810024833,2838.7921114395303,1610.2130289975164,1.0,PaciusMarkovi,French-Instant-Bit,0.2551997733218154,0.0
0x361528e242bc6cc789ac8da6fd5cb98046178fdf,1,501.66710700668165,48,2706.3275280965827,2712.7695141161994,30037.247650903417,16.145833333333332,ohioism,Lumpy-Pagoda,0.9588856405767562,2204.660421089901
0x04c2b85b8388e6255146b030f1231bcde3ffb374,1,2219.406464904887,30,2558.1388339419527,2558.1388339419527,5951.601335058048,1.4333333333333333,moneyforll,Boring-Line-Photo,1.0,338.73236903706584
0xce06d636db3468feae41ad365599d19f0c8e9b85,1,2448.270043911607,3,2383.1153819104306,2387.3205864476877,3320.421278089569,2.6666666666666665,weg8ef,Impish-Dirndl,0.8999281566383084,-65.15466200117635
0x5bae7577f470244ce8e678d20693eee2b8ffed25,1,2602.2119249953685,29,2315.4035100203596,2315.4035100203596,4293.11438197964,3.0689655172413794,makerabi,Beloved-Pathway-Administration,1.0,-286.8084149750089
0xe3eeb127d5763a6e4ad597f773f9d259c94d5176,1,658.229671984939,48,2288.59636200823,2357.980485393773,53766.61303196656,9.854166666666666,0xe3EeB127d5763a6E4aD597f773F9d259C94d5176-1780742904507,Unwilling-Entirety,0.6683246731314029,1630.3666900232906
0xfc1cc1371716470b3ba6f53a234f737842c1511a,1,580.3396150049543,12,2269.4078019527524,2269.4078019527524,12873.407685047248,8.583333333333334,GAMLL,Rusty-Email-Robotics,1.0,1689.068186947798
0x747abbf12e38ce77ae9ad50e6b234be4f45a766d,1,537.8763879791543,15,2259.0939450687843,2273.2027890365976,39944.13866903377,4.266666666666667,0xNOP,Wiggly-Galley,0.7424759914034036,1721.21755708963
0xee65685de42f8de9a03b4c53ee77d56a20d2cfc9,1,1829.5240859691835,48,2129.4025931155934,2185.523748972472,431892.9569418844,12.9375,0x50f7,Haunting-Cheese,0.1164693165548141,299.8785071464099
0x0100f1a36f952615e6e36e13ebe92d2b9929a303,1,865.4354299329862,24,2071.7133957683236,2088.3390843611783,120228.21935223168,2.3333333333333335,Szgboy,Bleak-Opinion,0.5476978985054679,1206.2779658353375
0x42811a04202d471323a87c33885677187aff1a5a,1,467.3670350026474,46,2037.4871950360837,2047.2993788328763,41035.58373596391,3.152173913043478,traderoffical,Blank-Relation-Leisure,0.9050463234283856,1570.1201600334362
0xd0ab6d24421752c73e44fbdd31f0bc931056ad59,1,1917.2813389716066,1,1917.2813389716066,1925.1864900811531,5863.562372028394,4.0,minger649568,Stormy-Estuary,0.8324885778158214,0.0
0x6ba25c9f2fe6e9e5dd47983b629c00cd59958d0e,1,981.38031,47,1829.1944680458678,1829.1944680458678,1425.0446999541323,4.574468085106383,Vega7,Worse-Rectangle,1.0,847.8141580458678
0x0093ab0b05cae7311654d83c1a66890ab64ec0b8,1,2191.7148940022657,10,1794.281313028323,1797.3594962564675,4273.7668429845535,1.7,sbl999,Quick-Witted-Hydraulics-Nobody,0.88083932144335,-397.43358097394275
0x409a9bf06267b54426dba8f6f62738d8ff838470,1,1242.2937100295915,2,1748.9953100295916,1754.4265724854808,4993.405144970409,1.5,erwgrwegr,Electric-Incentive,0.8018329544110145,506.7016000000001
0x89df6d298d61bf73cf9bd8bf2273466c990aab14,1,1742.0425650475777,1,1742.0425650475777,1750.7515805558187,3815.3041329524226,3.0,gerwew,Short-Term-Adrenaline,0.5100102461440845,0.0
0x84389cfc4a652ea14d8d8be969769b1f69de3680,1,695.0202699877984,36,1705.6187020365344,1705.6187020365344,26850.592241963466,2.611111111111111,Atomforge,Sardonic-Mink,1.0,1010.598432048736
0xe8d68fd271ad704a55f9bb0e4fc6276ee9adc964,1,535.8723989965576,48,1628.3448639527314,1628.3448639527314,18906.67608104727,11.166666666666666,Little-big,Rubbery-Chiffonier,1.0,1092.4724649561738
0x31393e2f8333d4a6e2e31ca6424defe8b6cb9e2e,1,668.0081670020476,48,1620.7925820143105,2104.430592589521,116766.70869998568,20.833333333333332,hot-garbage,Wooden-Hearsay,0.27151740896843557,952.7844150122629
0x86b14772a4da70f3e6d5eee06933ebef143efc87,1,478.5166260017393,48,1439.7634220430125,1850.8180310675446,108085.103147957,10.729166666666666,machinelearned,Fitting-Entree,0.0037416913915175767,961.2467960412732
0xd9013df863c1ba932780857b020dfdeacedf8e14,1,976.8123630072806,48,1415.0040760124634,1418.6728609740078,10349.378091987537,6.729166666666667,PoopStreet,Dear-Colonial,0.9261289632857324,438.1917130051828
0x3387ac6178b871d26dc701ba458105b513acbe96,1,429.7513439974722,48,1308.43418302735,1575.602657997646,41796.54300097265,13.333333333333334,sfkjbsr457,Even-Bladder,0.0,878.6828390298778
0xc1b4bfdc36eaa5c09e7231c61e5e44c5463f624f,1,391.0815369955369,48,1299.7339431400085,2119.052230446261,158991.82627586,11.9375,sir-upalot,Nice-Trapdoor,0.0,908.6524061444716
0x9f1a9b421e58a34435f4cb697fffe6c9ed487dd7,1,1109.4418939936875,4,1267.0888939963793,1279.0035186027483,6821.1561979922635,2.75,RTBnew,Fluid-Bite,0.11424945821255111,157.6470000026918
0x32055cfcbcfcd9339df067891918d3a041233467,1,1146.2792619568777,4,1249.6397669782657,1249.7974208490646,2443.0533890221686,1.75,Wuwux,Mortified-Miracle-Wax,0.9531298003904661,103.36050502138801
0xb4125e29809f36749a67cc04880da9db1f59e794,1,1443.9504979910585,48,1244.450457885375,1244.450457885375,12493.925541085297,5.979166666666667,paperispols,Medical-Promotion-Supporter,1.0,-199.5000401056834
0xcd9bf7f6f56f4c3ba15416a8adb39c3a3e9a9b52,1,1380.5363200517002,12,1228.0574599536362,1228.0574599536362,339.907600046364,1.0,0xCd9bf7F6F56F4c3BA15416a8ADb39C3A3E9A9b52-1774948389102,Favorite-Crew,1.0,-152.47886009806393
0x89b49405e761b7357398a8a2b91a9fbaa96f4f46,1,630.6429999593887,44,1187.8207839704187,1187.8207839704187,7229.412679029581,3.590909090909091,0x89B49405e761b7357398A8A2B91a9FBaA96F4F46-1770905549748,Pure-Light,1.0,557.17778401103
0xa9642d9fd27ef5fad95048d98ee9bc4b7bd54c98,1,1116.191993957133,1,1116.191993957133,1116.191993957133,4377.861193019187,4.0,ric88888,Icy-Intuition-Outcome,1.0,0.0
0x80ba7656a65e35b069984891291e8cf5bac8d2df,1,929.91363003148,1,929.91363003148,929.91363003148,65.19069996852,1.0,wsdsg99,Nutty-Dagger,1.0,0.0
0xa4f844fc93bb479ea3f356b43839b0be4055e6a0,1,1022.7630999998644,40,908.3533219904975,910.2577591676388,686.4083580095025,2.175,netts,Enraged-Unit,0.7379869345999844,-114.40977800936685
0xcd30457c790d8b35a08bcf3f894ad6bb52bc2dd0,1,503.8156019961567,48,895.9913600361164,1584.430966228688,148764.88544596388,11.791666666666666,,,0.003264943636023673,392.17575803995965
0x9faaee843209aaf70510055c56c39c868f2a9f4e,1,494.21620406400905,4,817.3587279406969,817.3587279406969,5633.166960110737,3.0,0x9FaAEe843209aAf70510055c56c39C868f2a9F4E-1783106180420,Unlucky-Host,1.0,323.14252387668785
0x47bc998acdacbed22ccc5927402a47a271b01ff6,1,619.720863069879,17,811.0216221517081,811.0216221517081,20969.023548059555,7.9411764705882355,saskatoonrider,Legal-Normalisation,1.0,191.30075908182914
0xa0ad5b5b7f0d1ef5eed2be79d3202481d22ed732,1,589.1567009625754,3,798.08097893361,798.08097893361,6801.718699078609,3.3333333333333335,wwwjjjyyy,Hideous-Cushion,1.0,208.9242779710346
0x6daae04265d65cb2aae7fe6db4210568de7d954a,1,1299.2976429981804,25,782.0972909803586,782.0972909803586,3072.275684014577,1.72,0x6daae04265d65cb2aae7fe6db4210568de7d954a-1783406213213,Well-Made-Birch-Allergist,1.0,-517.2003520178218
0x409934d776f3163b075c24c0495369ad9265bbf5,1,522.1903490096993,5,686.1748590134243,693.7506314202866,3448.563854007154,4.0,0x409934d776f3163b075c24c0495369AD9265BBF5-1757874734409,Purple-Teapot,0.3998910440371592,163.98451000372506
0xbd0d0c4bfc88dad382674c9d5ae483dae8261fb4,1,1283.3504632321387,26,684.5214665178048,687.3605999815395,36479.547375071896,3.0384615384615383,Perfectly-Spherical-Gum-Boat,Spherical-Casement-Violence,0.7625924576035817,-598.8289967143339
0xb588f6e481fbb374f60b170edf5b0bf8a54d2c11,1,543.6094400026568,8,622.5287600321532,626.855380414526,3472.606280967847,1.375,wuhua2000001,Complicated-Jicama,0.8022487361260026,78.91932002949636
0xc15bf33ebcd06607caa8ccc5ea50b43e7a867823,1,1210.5359901332079,4,586.2842201131529,586.2842201131529,9192.797597983807,3.25,publictrader,Unsteady-Pilgrimage-Citizenship,1.0,-624.251770020055
0x66b23cd8bcb651e11b70f6f340ce154864870fdf,1,571.972389991595,1,571.972389991595,572.6302527131356,708.823900008405,2.0,donaldbush,Grimy-Vibrissae,0.845836603423355,0.0
0x09a7987daa6b37e117f2cfef385f51789667ba39,1,413.30009000052434,48,568.2380230894828,908.6301753730229,50174.359894910514,10.666666666666666,yoyoyoyoyoyoyoyoyoyoyoyoyoyoyo,Naive-Likeness-Downstairs,0.0,154.93793308895846
0xe349bbbc5c179ed7f8f13ab5502381980f532147,1,540.735285994342,47,559.5161530265032,568.3944927299252,23266.719297965254,5.617021276595745,noisyduck,Clean-Felony,0.9461196161373422,18.780867032161154
0xcc1b7ab9a04f80d051b2c25cc1f0e7729fc35f73,1,561.1663730243054,2,554.8468030244014,554.8468030244014,603.6399999755986,1.5,linalla3,New-Criticism,1.0,-6.319569999903933
0x14e3bfabbe01a8c76f1eb7b756620b50bc0fea3a,1,488.16059902702216,37,539.5242450642721,646.1129912660043,16459.58106496493,5.054054054054054,gudwin,Spiffy-Sitar,0.08678984564558782,51.363646037249964
0xad5c4c9f52ebf51d4a78ca9aed2a1098163c664a,1,493.0383580228745,1,493.0383580228745,493.0383580228745,1699.9999989771254,3.0,Orubin25,Athletic-Entrepreneur,1.0,0.0
0x61228f69f8fe2b61eec3e42c63035d4656042c55,1,541.1903800321039,9,474.16184996415586,474.43131814557677,5227.325400035844,1.2222222222222223,hhhh22222,Scared-Chauvinist,0.6523435675178096,-67.02853006794805
0xc6e3fec2e1a29e7a03e1f2d57f4e4eee39dc8b84,1,577.2931529956944,19,445.82782100442927,533.8418052686482,14922.12931500157,6.631578947368421,Parad0X,Remarkable-Boutique,0.05576919878017007,-131.46533199126515
0x49f25611eeeff52d582180ade9acda9113f5b3c3,1,905.1555230000081,19,438.5284928437074,438.5284928437074,24466.019824112616,5.631578947368421,ethyydsz,Humble-Heating,1.0,-466.6270301563007
0x5e3038ffeada3119a345dcb3bd31d49c077d1613,1,1518.2213250212158,32,395.28027308010155,397.54372795733,46391.953093013006,4.875,ROBERTSIMON1987,Virtuous-Reef,0.7886091801236599,-1122.9410519411142
0x12390f4098dcd87de380db7c11c65cf7af2143b6,1,3379.5939060188716,2,394.12329205559445,414.951609914684,4746.832448944406,1.0,BlagmanDepend,Fine-Force,0.5122932873890897,-2985.470613963277
0xd406af105f5a98b9164eefa087c6668139f1e83a,1,725.8404440192685,3,386.423546021209,386.423546021209,1404.999992978791,2.0,ballam,Agile-Valuable,1.0,-339.4168979980595
0xba17aaa8ed37ad40567a3f62fb49a41dccf392b4,1,383.800684,48,363.3174459999998,371.5669023168145,3609.236944,8.729166666666666,0xbA17aAa8ED37Ad40567A3f62fB49a41dCCf392b4-1760057257023,Past-Misrepresentation,0.060291137261505326,-20.4832380000002
0xce7dcb6660be8984aabd0fdd85abcc295a7f9bc1,1,1093.5268159198345,13,318.5467248724192,338.95672807178795,18077.07235514069,2.3846153846153846,babadok,High-Front,0.7717883750231254,-774.9800910474153
0xf971c6a47d0306fa2c2a33dab11180dad66bc417,1,1000.0,2,296.48759999970684,309.9023783412907,1999.9869660002933,3.0,George003,Enormous-Ape,0.0520003388862009,-703.5124000002932
0xfaac0e43b72980b38d6a090b5df321e5c1586968,1,1723.8546610303138,11,285.6556110075269,285.6556110075269,10379.035935745189,1.9090909090909092,Alexjwross,Intrepid-Misunderstand-Kiss,1.0,-1438.1990500227869
0x71ebf9ee9f173b02e3ee5db7ee4047d1079bb6f1,1,484.7977759976476,47,176.28437600347036,176.28437600347036,10949.59079199653,4.382978723404255,0x71ebf9ee9F173B02E3Ee5dB7ee4047d1079Bb6f1-1774061299286,Bulky-Stepsister,1.0,-308.51339999417723
0x084569e774264b145bba800ae1c0caa64a12a670,1,492.50112602368864,2,167.135246030828,167.835024971696,2642.867383969172,7.0,Rainbowl,Darling-Excellence,0.9614055549594729,-325.36587999286064
0xa17ee7df121d43e1be5947b09c3e7c1a93f6efbc,1,714.2142020494629,3,153.900873053669,153.900873053669,19071.213161072086,8.333333333333334,jmanfrm4,Deadly-Blank,1.0,-560.3133289957939
0x4715177a5cd9a181a07014ac00de39d5e0ce4e3b,1,757.2276810602323,5,116.4822500614157,116.4822500614157,12878.174973871533,5.0,,,1.0,-640.7454309988166
0x2ed94d1a460379292d2e3b46f2cf7d94b033f271,1,286.13334299910457,48,112.45374202719371,196.75537244952332,126330.5278009728,28.1875,Hsilverbasher,Peppery-Digging,0.7281756310312366,-173.67960097191087
0xb1f15179b4f230b83e28e35462123f9f77ff4341,1,475.7258909585776,9,111.66267792770391,116.98987377460797,10374.431145102963,4.888888888888889,Hero266,Disloyal-Codling-Lawyer,0.8378672238050342,-364.0632130308737
0xe2dcc25c3ee0127b7f0f6501d2950f2f47a9282c,1,313.65270302163754,5,81.3421710569001,81.3421710569001,1890.0966929275799,2.0,xamarin111,Jubilant-Tummy,1.0,-232.31053196473744
0x9e39feb80804711a5716265bdd5c52e409072a11,1,433.54168199523815,13,72.65387292946912,72.65387292946912,9727.139292073363,4.615384615384615,0xcEFd4A721AFD6F2B348DD6fcaF4B68E2c9B56541-1774645803929,Growling-Leading,1.0,-360.88780906576903
0x94463d93504c83310605800d63897e53e9c4bcaa,1,556.9859070245192,19,59.50553399957411,59.50553399957411,39940.98587001403,6.315789473684211,eason1024,Difficult-Boyfriend-Junker,1.0,-497.48037302494504
0x61fc08ca58fd4f391346e5f7732d0ec8d1077efe,1,919.9887839901008,4,35.125658990177726,42.90365367491279,3897.715388010024,1.0,zy999999999,Triangular-Psychology-Pouch,0.20153705999581817,-884.8631249999231
0x4646370c2935618a1a14a32114686591c27b9faa,1,730.1878000597287,4,15.602039990421872,15.602039990421872,3675.823599144626,2.5,,,1.0,-714.5857600693068
0x87ccad87a668a921d1e30ebf71850887ccd5da77,1,431.3714560137561,36,-26.73197294967835,-26.73197294967835,4378.183178949678,1.9444444444444444,blockbunny,Hairy-Heel,1.0,-458.10342896343445
0xcfee842b3f5f3bd2f5ae78c010a96f71dcf50e19,1,588.3580999839951,6,-97.20534301017284,-97.20534301017284,4960.506929957271,3.5,,,1.0,-685.5634429941679
0x9cd5100cbc931825db7e9e3278bfa3f73208fe6e,1,980.4687370433295,9,-209.14605287326387,-209.14605287326387,16266.57704482906,3.888888888888889,Fakhar00777,Pertinent-Reactant-Polyester,1.0,-1189.6147899165933
0x2ccee10e7b6258e11f380018e0f9961d18016e85,1,346.33766500150756,8,-270.0719169891701,-262.6564572528921,4042.2022739907466,3.25,SingW,Rash-Consul,0.5485356124447177,-616.4095819906777
0xf363b411bcfadc7a20d89a08bc9a17b0b5d1c197,1,525.72308996814,14,-308.31911001110427,-308.31911001110427,6999.999986011104,1.0,Telawin,Remote-Kingdom,1.0,-834.0421999792443
0x3c319770716acf1dc41465ff650f83d5326480cc,1,582.8295830531025,37,-474.75800889770557,-474.75800889770557,4640.999979897705,3.054054054054054,20260904-liu,Wild-Path,1.0,-1057.587591950808
0xac37a8cd31274e19d0d2b177825057e7ecb5b46b,1,319.2883000066239,36,-493.21043501435474,-493.21043501435474,22151.593950029855,3.5,,,1.0,-812.4987350209786
0xf58a0c4bf10146c27f222728131e74b37cb1b6e6,1,1247.1560930233868,2,-566.0210469159622,-566.0210469159622,4123.079997915962,1.0,Jimmi67,Pleasing-Redhead-Digit,1.0,-1813.177139939349
0x8759a2e469644c09e9ed119d230de3a0cf28d94f,1,665.674016985884,20,-827.4515049077258,-804.5458078356621,29746.484316907725,8.3,klpo,Joyous-Internet,0.857107156876476,-1493.1255218936099
0x21a1e624a7153831c2c36848c67a21da33ecca28,1,523.5301139543158,7,-835.326821954186,-835.326821954186,12058.180897842227,2.7142857142857144,Nat26,Barren-Quiver,1.0,-1358.8569359085018
0x987d5f59b2c190a860ff80d62105c6af3953c90b,1,894.113437042335,29,-1084.8483469002674,-1084.580280932054,6655.269070900267,10.275862068965518,greatrise,Nice-Laundry,0.9958903883962383,-1978.9617839426023
0x13308675338f4aa9d31b3da39c7cea6dc57bfbf7,1,464.2933590060493,15,-1097.9832510507035,-1097.9832510507035,13995.360739050704,4.133333333333334,pendantquetudorsjsuisreveille,Lucky-Cleric,1.0,-1562.2766100567528
0x3089fcf3fe5b67ec287654b4d627bcd1d51135e4,1,482.4790329844511,48,-1339.98469289379,-1339.98469289379,114181.36625489379,11.375,13897651,Favorable-Idea-Chance,1.0,-1822.4637258782411
0xdfddd5c3b996c4176d72c3ca7859f10a7c825585,1,407.6961360156341,14,-1424.577753998358,-1422.124168948153,6725.180686999948,2.5,thismonth,Virtuous-Plaster-Licensing,0.7092565997846044,-1832.273890013992
0xae7327b1dd33a76918d12489128942e8a2b5a5e9,1,468.2523229945307,43,-1515.6167360483187,-1515.6167360483187,37344.87347304832,10.813953488372093,BottleUp,Optimal-Milk-Hole,1.0,-1983.8690590428494
0x3048d65321be3497164cdfc2996f94f98a2e7537,1,426.5870220008008,48,-1540.3079459834926,-1034.9431038880116,405703.8496489835,11.875,x-MoneyForWhiskas,Flashy-Gold,0.7952703022886789,-1966.8949679842933
0x3dc09f1dda5f7ca9438ca070356259913bdeadd1,1,1563.0312670445926,6,-1577.5550318898097,-1577.5550318898097,47046.90039788981,11.0,0x3dc09f1DDA5f7ca9438ca070356259913Bdeadd1-1788677722175,Unripe-Shadowbox,1.0,-3140.5862989344023
0xf95d1eb4da78e0e84302f9987659fc16b2c7a6ea,1,774.4490240017907,34,-1642.267296970367,-1586.605870514707,4042.088475970367,10.617647058823529,0xF95d1eB4da78E0e84302f9987659FC16B2c7A6eA-1788839897918,Bad-Main-Verification,0.0,-2416.7163209721575
0x9152315d078354c5d27f93d26515a69fb41cabfb,1,371.44411497775616,16,-1799.6941701109201,-1799.6941701109201,41698.566971907596,7.625,0x9152315D078354C5d27F93d26515A69Fb41caBfb-1772811069668,Total-Museum,1.0,-2171.138285088676
0x629da223adfc9957329e02de95ae3d263f92756c,1,433.209775994012,48,-2007.0695699699318,-1957.2674198519694,38052.66651996016,11.291666666666666,jackinv1lvl2,Near-Failure,0.6983544156106419,-2440.279345963944
0xddb6e6246546230503f153506ac1e9914978b9b3,1,423.95386999883846,39,-2318.944115065907,-2285.883905287808,28715.23721404346,10.820512820512821,baseinv3,Physical-Enjoyment,0.6970922019845853,-2742.8979850647456
0x29313474cc4e8dd00406bd2dbd69a0d92e5d365b,1,1651.3517391389043,3,-2351.929858908926,-2351.929858908926,33905.31651022174,7.666666666666667,gndzk,Measly-Tie,1.0,-4003.28159804783
0x1b7d3c861b413522b31fbedd91af6367db8de31c,1,554.2460130417794,2,-2624.995546218135,-2624.995546218135,16410.22990000934,6.5,annonnn,Hilarious-Meridian,1.0,-3179.2415592599145
0x8b785dada86cdd3b9f729c61ef9313161d58c095,1,396.11545000234815,39,-3532.234472045854,-3357.0671087540986,29946.57334904117,19.307692307692307,simon8445,Slushy-Teriyaki,0.11698757454546772,-3928.349922048202
0xb945945d5bcaf7b56834d4da8cdf8f8f94b2db68,1,593.1145849900365,43,-3754.598916959835,-2828.053198230367,212853.64517595983,15.116279069767442,l5Zn1bWoM8eTsK,Noisy-Colonisation,0.12664133515649068,-4347.713501949872
0x32442e90e903184469e9c0cd1921b2b8be613e5e,1,471.42221999759676,42,-3765.053987032896,-3765.053987032896,16199.0879940288,4.476190476190476,0x32442E90E903184469E9C0Cd1921B2B8bE613E5e-1779673335842,Quintessential-Surname,1.0,-4236.476207030493
0xcfddfb6e1b321fcfdcb6f9aa09b11990142ce5da,1,606.936238007209,43,-3893.997740938712,-2912.875750528812,225117.27961893872,11.55813953488372,trdyugiolkw,Deadly-Champion,0.1325479859231811,-4500.933978945921
0x140284c868108be70fc65fe92d71899bcc804853,1,634.1166280526372,11,-3957.6695860067994,-3957.6695860067994,12377.819394075359,2.1818181818181817,Eth15,Rubbery-Wealth,1.0,-4591.786214059437
0xc8008c1143351e21a58287163734737632ab4117,1,745.11372,37,-4113.53681700404,-4104.651966948195,20763.04192500404,2.5675675675675675,moon-k58-lad,Selfish-Livestock,0.9064421758614001,-4858.65053700404
0x90e33303022844d772e3f67df0f9d3b2de4034ad,1,472.00720000399997,41,-5064.347756016118,-5055.9094829823025,22351.25516701612,2.341463414634146,tlfd1,Adorable-Feed,0.932860203340412,-5536.354956020118
0x21e38bf9e464ad267172161489a9727be8a3feb2,1,1399.2223150118002,4,-5323.868450908611,-5321.329463617046,16541.304898816612,8.0,Letsrock,Knowing-Snowman,0.942300344148649,-6723.090765920411
0xce25e214d5cfe4f459cf67f08df581885aae7fdc,1,1181.5221079805995,46,-5332.31279311365,-5203.369822732443,330086.47753011365,30.434782608695652,0xcE25E214D5cfE4f459cf67F08DF581885AAE7Fdc-1777575398144,Agile-Spacing,0.925359709160617,-6513.834901094249
0x56991cfb6c8062e5a06ae10ccf240463bdfac4b4,1,1798.5056169880127,19,-5444.665453953995,-5414.07707202562,52914.16122488908,5.578947368421052,hil.bilyhim,Adept-Pouch,0.7146308728997418,-7243.171070942008
0xae3db1cc155e1b2a5420e256c42cd1649b5a6b95,1,446.1332240350614,47,-5705.675683004315,-5702.23588738146,154209.81061802176,32.723404255319146,suspiciouslyLucky,Agitated-Conscience,0.9948715385562317,-6151.808907039376
0x21fe8f1e749083b1d9eb5c8e96845cc94fe4c3cc,1,621.6661340209971,19,-6613.905372343903,-6613.905372343903,19484.953190340224,4.368421052631579,CGonion,Another-Hectare,1.0,-7235.5715063649
0x5f3017816537dcc354da8f2494ed98c047153aee,1,1304.480133941904,13,-9433.759538173375,-9433.759538173375,28636.39454504721,3.6923076923076925,0x5f3017816537Dcc354da8f2494Ed98C047153aEE-1772028862815,Immense-Sitar,1.0,-10738.23967211528
