half,model,label,n_orders,n_markets,n_crossing,fill_rate,share_traversal,share_queue,delay_median_s,delay_p75_s,n_scored,pnl_per_placed_c,pnl_per_executed_c,rebate_per_executed_c,pnl_total_usd,win_rate_executed,win_rate_not_executed,adverse_selection_pts,fill_rate_ic_lo,fill_rate_ic_hi,pnl_per_placed_ic_lo,pnl_per_placed_ic_hi,pnl_per_executed_ic_lo,pnl_per_executed_ic_hi,pnl_per_placed_ic_lo_adj,pnl_per_placed_ic_hi_adj,adverse_selection_ic_lo,adverse_selection_ic_hi,strategy,config,duration
1re moitié,hgb_m0,0.47/S+0,3584,3584,250,0.2709263392857143,0.9814624098867147,0.018537590113285273,18.0,24.0,3584,0.1291852678571437,0.476828012358397,0.34857403561267875,463.0,0.4747682801235839,0.5621890547263682,-8.742077460278425,0.2569288005500776,0.2851925463181705,-0.7066954977699129,0.9538697756840697,-2.56943278483787,3.5028752855494987,-1.451990849139581,1.5328765050670474,-12.15550745545068,-5.13941554752541,signal,,
1re moitié,hgb_m0,0.48/S+0,3405,3405,429,0.3077826725403818,0.9770992366412213,0.022900763358778626,16.0,24.0,3405,0.20440528634361282,0.6641221374045818,0.3492859209089585,696.0,0.4866412213740458,0.563852354688163,-7.721113331411717,0.2922290630512594,0.32311343332314446,-0.727655566221917,1.117827662801728,-2.3844938231219213,3.644340478215384,-1.3894142338813344,1.7882505759252996,-11.407067406237559,-4.112273882146887,signal,,
1re moitié,hgb_m0,0.49/S+0,3061,3061,773,0.36099313949689643,0.7981900452488688,0.20180995475113123,15.0,22.0,3061,0.24665142110421456,0.683257918552036,0.3497136932418054,755.0,0.4968325791855204,0.565439672801636,-6.860709361611561,0.3432563551466294,0.37748980755576234,-0.8062699239531064,1.2957413266088615,-2.2407724505327247,3.6076457405536013,-1.4452311338603143,2.2664548244989677,-10.445878638250823,-3.2055185472743584,signal,,
1re moitié,hgb_m0,0.50/S+0,2065,2065,1769,0.398547215496368,0.8578371810449574,0.1421628189550425,13.0,21.5,2065,0.4116222760290557,1.0328068043742407,0.3498034827931112,850.0,0.5103280680437424,0.573268921095008,-6.294085305126562,0.37680404155512226,0.42017791440000946,-0.9927313972856233,1.7833249905064372,-2.5243892766497464,4.512195121951219,-1.778220728644396,2.6798801248483035,-10.842887981172478,-1.9491794830060394,signal,,
1re moitié,hgb_m2,0.47/S+0,2605,2605,139,0.24683301343570058,0.9766718506998445,0.02332814930015552,18.0,24.0,2605,0.8748560460652598,3.5443234836702997,0.3484893757074821,2279.0,0.505443234836703,0.5626911314984709,-5.724789666176799,0.23106508439338286,0.2626077468348665,-0.06662142612835224,1.834957512568051,-0.26050537239136384,7.313568188109008,-0.7069562338710896,2.348961765199556,-10.040017029575932,-1.334365143743878,signal,,
1re moitié,hgb_m2,0.48/S+0,2499,2499,245,0.2781112444977991,0.9769784172661871,0.02302158273381295,16.0,24.0,2499,0.8163265306122455,2.935251798561153,0.3492076620325014,2040.0,0.5093525179856115,0.5637472283813747,-5.439471039576316,0.26092136616362194,0.29555516152472694,-0.2679184057485998,1.8676630250696618,-0.9506863581233687,6.62578268078998,-0.7543999031438011,2.401432440142204,-9.871706752678424,-1.2148026454672634,signal,,
1re moitié,hgb_m2,0.49/S+0,2296,2296,448,0.32926829268292684,0.8002645502645502,0.19973544973544974,16.0,22.0,2296,1.026132404181185,3.116402116402117,0.349646152158988,2356.0,0.5211640211640212,0.564935064935065,-4.377104377104379,0.3093267666897218,0.3484519872124214,-0.18315299008675473,2.2477920355905914,-0.5732953148720489,6.78734220521584,-0.8334275503828581,3.0095168544982,-8.448710999992342,-0.21680644277781774,signal,,
1re moitié,hgb_m2,0.50/S+0,1662,1662,1082,0.3712394705174489,0.8703403565640194,0.12965964343598055,13.0,22.0,1662,1.1732851985559567,3.1604538087520258,0.3497378708893524,1950.0,0.5316045380875203,0.5751196172248804,-4.3515079137360075,0.3471789920643269,0.3936520738112065,-0.2686647456084788,2.6465464011745916,-0.7272774298288197,7.142857142857143,-1.1132724798071136,3.844233627269971,-9.33920663114312,0.5668585521934238,signal,,
1re moitié,hgb_m5,0.47/S+0,1211,1211,60,0.23699421965317918,0.9721254355400697,0.027874564459930314,18.0,24.0,1211,1.578034682080926,6.658536585365857,0.3481784967941149,1911.0,0.5365853658536586,0.5584415584415584,-2.1856192587899836,0.2125170002478662,0.2609070576295902,0.26544426046215974,2.950703893180638,1.1468665897731642,12.451055789438787,-0.33907928481708444,4.018711077920793,-8.974168123491937,4.730864029270133,signal,,
1re moitié,hgb_m5,0.48/S+0,1174,1174,97,0.25894378194207834,0.9835526315789473,0.01644736842105263,16.0,22.0,1174,1.6252129471890975,6.276315789473685,0.3489088326071989,1908.0,0.5427631578947368,0.5540229885057472,-1.1259830611010324,0.23341729638958858,0.28520552386780346,0.26377990673154905,3.0338201320131986,1.013157894736842,11.782798723016112,-0.48412407143464753,4.237543230709229,-7.572012312527509,5.540176158542646,signal,,
1re moitié,hgb_m5,0.49/S+0,1102,1102,169,0.29945553539019965,0.7696969696969697,0.23030303030303031,16.0,22.0,1102,2.114337568058077,7.0606060606060606,0.3493700940369543,2330.0,0.5606060606060606,0.5518134715025906,0.8792589103469917,0.27109368167123316,0.3270444478257929,0.5451624594917278,3.6744797895335966,1.8239297347603536,12.213068181818178,-0.2097677764918022,4.887061758405158,-5.37155228845992,6.897615243086779,signal,,
1re moitié,hgb_m5,0.50/S+0,819,819,452,0.34554334554334554,0.833922261484099,0.16607773851590105,13.0,21.5,819,1.8925518925518925,5.477031802120141,0.34942850296371164,1550.0,0.5547703180212014,0.5634328358208955,-0.866251779969418,0.3124206841545551,0.3786262520382017,-0.18007743962969805,3.893593410929174,-0.5120333556173252,11.461794019933555,-1.5243483661117878,5.750174927771734,-7.888298156717884,6.465258458451129,signal,,
1re moitié,gap_m30,0.47/S+0,3546,3546,288,0.27411167512690354,0.9897119341563786,0.0102880658436214,19.0,25.0,3546,-0.9261139311900726,-3.378600823045262,0.3485742063579332,-3284.0,0.43621399176954734,0.5555555555555556,-11.934156378600825,0.25899775203980685,0.2885958571721696,-1.758945491726541,-0.07220412457455541,-6.378323961244849,-0.25909293537177563,-2.342437171864171,0.4360465269629894,-15.449959156474751,-8.345945987467715,signal,,
1re moitié,gap_m30,0.48/S+0,3306,3306,528,0.30973986690865096,0.9736328125,0.0263671875,18.0,24.0,3306,-0.8626739261947967,-2.7851562499999982,0.34928230968026225,-2852.0,0.4521484375,0.5591586327782647,-10.701019527826471,0.2933189805700217,0.32596313472152894,-1.7886035627896093,0.07115941818276245,-5.780292451324609,0.22771731959065125,-2.5813132575726887,0.7374441914724826,-14.353026797308878,-6.9890296907492,signal,,
1re moitié,gap_m30,0.49/S+0,2830,2830,1004,0.3431095406360424,0.815653964984552,0.184346035015448,16.0,24.0,2830,-0.6286219081272082,-1.8321318228630283,0.34969350260782167,-1779.0,0.47167868177136973,0.5632060247444863,-9.15273429731166,0.3254810050710085,0.35994608686848234,-1.7141478290720764,0.45880987450283234,-4.991532062326688,1.3354382726544067,-2.4127252675916133,1.2221990549784285,-13.088202539390164,-5.212329250016558,signal,,
1re moitié,gap_m30,0.50/S+0,1795,1795,2039,0.37493036211699166,0.8930163447251115,0.10698365527488855,15.0,24.0,1795,-0.19498607242339833,-0.5200594353640415,0.3497596825241166,-350.0,0.4947994056463596,0.5677361853832442,-7.293677973688462,0.3523284764767521,0.3973865085987931,-1.6668526785714286,1.2051693167226711,-4.38111871074058,3.172461829696132,-3.1666830707799964,2.0870320462546954,-11.909681368867986,-2.715608547440193,signal,,
1re moitié,hgb_m0,0.47/S+30,3584,3584,250,0.5611049107142857,0.9786176031824962,0.02138239681750373,33.0,39.0,3584,-0.8138950892857122,-1.4505221282943763,0.348659865032278,-2917.0,0.4554947787170562,0.6446280991735537,-18.91333204564975,0.5431201738710372,0.5789768001265972,-2.1451785278901685,0.5218476383759867,-3.8264764199923094,0.9270517751982837,-3.251351537045621,1.3162886377125587,-22.300840206169102,-15.456278823371216,signal,,
1re moitié,hgb_m0,0.48/S+30,3405,3405,429,0.5982378854625551,0.9783996072655866,0.021600392734413353,31.0,37.0,3405,-0.6977973568281927,-1.1664212076583196,0.3493607290685266,-2376.0,0.4683357879234168,0.6469298245614035,-17.859403663798666,0.5800899473391775,0.6156338659389512,-2.1121136183654063,0.7655383963515917,-3.533876771717597,1.272542457085325,-3.189732192379075,1.601017906152563,-21.4532298171569,-14.354085669500352,signal,,
1re moitié,hgb_m0,0.49/S+30,3061,3061,773,0.6478275073505391,0.8461926374180535,0.15380736258194655,28.0,37.0,3061,-0.6752695197647828,-1.042360060514373,0.3497784725326247,-2067.0,0.4795763993948563,0.6530612244897959,-17.348482509493955,0.62912386470404,0.6649063411094605,-2.2481815601686668,0.8808200599748635,-3.48632049346373,1.3591866731994109,-3.236527995145232,1.839903936333274,-21.17300346452312,-13.780676624438975,signal,,
1re moitié,hgb_m0,0.50/S+30,2065,2065,1769,0.6803874092009685,0.8683274021352313,0.13167259786476868,27.0,36.0,2065,-0.26634382566585957,-0.3914590747330961,0.34988488707382953,-550.0,0.49608540925266903,0.6590909090909091,-16.300549983824002,0.6577692462539451,0.7023963816538205,-2.213628483677852,1.6354607178306597,-3.225123040482756,2.4291847041847006,-3.0875020817394336,2.890168702995988,-20.771468647292057,-11.832554013022559,signal,,
1re moitié,hgb_m2,0.47/S+30,2605,2605,139,0.5339731285988484,0.9769949676491733,0.023005032350826744,33.0,39.0,2605,0.047216890595011315,0.08842559309849417,0.3486241470739835,123.0,0.47088425593098493,0.6375617792421746,-16.66775233111897,0.513069834830484,0.5545274733607197,-1.5323376889073073,1.5679309266352663,-2.8507609422418363,2.9628953880142705,-2.5591411170991814,2.538576011608223,-20.498510313317134,-12.691441646863533,signal,,
1re moitié,hgb_m2,0.48/S+30,2499,2499,245,0.5702280912364946,0.9803508771929824,0.019649122807017545,33.0,39.0,2499,-0.16006402561024322,-0.2807017543859632,0.34932668428953584,-400.0,0.47719298245614034,0.6433891992551211,-16.61962167989807,0.5497029110096638,0.5911323499387505,-1.7891844686282412,1.5042577145102296,-3.05221751382652,2.6430863319933313,-2.8930850609303853,2.4692697859549275,-20.733466124600493,-12.511407644365292,signal,,
1re moitié,hgb_m2,0.49/S+30,2296,2296,448,0.6206445993031359,0.8498245614035088,0.15017543859649124,30.0,37.0,2296,-0.054442508710800926,-0.08771929824561428,0.34974654809276834,-125.0,0.48912280701754385,0.6509758897818599,-16.18530827643161,0.6000864446759622,0.6410158158447434,-1.8408963818526778,1.6339894833589654,-2.956453478115091,2.664571675923255,-2.972785021840575,2.719269376756001,-20.536261478828273,-12.014264497363417,signal,,
1re moitié,hgb_m2,0.50/S+30,1662,1662,1082,0.6564380264741275,0.8799266727772685,0.12007332722273144,27.0,36.0,1662,0.15042117930204574,0.229147571035747,0.3498517564974614,250.0,0.5022914757103575,0.6672504378283712,-16.495896211801377,0.6308152339862989,0.6817115585514936,-1.7990740100878602,2.19538429635944,-2.7759471365638766,3.339493186556159,-3.2720240293182856,3.700819723717612,-21.61682393903072,-11.498503070647525,signal,,
1re moitié,hgb_m5,0.47/S+30,1211,1211,60,0.49793559042113955,0.9800995024875622,0.01990049751243781,33.0,40.0,1211,0.37902559867877916,0.7611940298507501,0.3484727505471161,459.0,0.47761194029850745,0.6282894736842105,-15.067753338570306,0.46744221496220445,0.5281671295737229,-1.6186918753193664,2.347291323448653,-3.216807569319725,4.702193576055293,-2.8803550506908144,4.271019843479153,-20.673775048140953,-9.608706251536187,signal,,
1re moitié,hgb_m5,0.48/S+30,1174,1174,97,0.5221465076660988,0.9820554649265906,0.01794453507340946,33.0,39.0,1174,-0.020442930153321087,-0.03915171288743712,0.34917658256539724,-24.0,0.4796084828711256,0.6292335115864528,-14.962502871532719,0.492665774521743,0.552365685819692,-2.1302084585068792,2.08592872244035,-4.1208672658252485,4.00714185319231,-3.279137508896751,3.7299498640302247,-20.814866309567872,-9.197032453157396,signal,,
1re moitié,hgb_m5,0.49/S+30,1102,1102,169,0.573502722323049,0.8401898734177216,0.15981012658227847,30.5,37.5,1102,-0.15245009074410154,-0.2658227848101261,0.34960419467119447,-168.0,0.4873417721518987,0.6446808510638298,-15.733907891193105,0.5416217112457654,0.6033902447643054,-2.3584148626674857,2.086389797363362,-4.126786230040298,3.648877662438296,-3.981103307385642,3.5284404879825595,-21.633071705571304,-9.989843310880683,signal,,
1re moitié,hgb_m5,0.50/S+30,819,819,452,0.6153846153846154,0.8452380952380952,0.15476190476190477,28.0,36.0,819,0.6105006105006106,0.992063492063492,0.3496790998784335,500.0,0.5099206349206349,0.6412698412698413,-13.134920634920643,0.5802110903437803,0.6525857298416609,-2.12043238283069,3.3292250472468448,-3.4483608787322315,5.51077895947111,-3.774583703981148,4.952126769371685,-20.412911667309267,-6.116006659720576,signal,,
1re moitié,gap_m30,0.47/S+30,3546,3546,288,0.5741680767061478,0.980844793713163,0.019155206286836934,33.0,40.0,3546,-1.7743936830231226,-3.090373280943021,0.34866084900781497,-6292.0,0.43909626719056977,0.6357615894039735,-19.666532221340375,0.5553341415158242,0.591784175652765,-3.0843565224800704,-0.48772897700770257,-5.303847728163089,-0.8460585027268225,-3.722199711555051,0.23042825514757925,-22.918717410943234,-16.190770467432273,signal,,
1re moitié,gap_m30,0.48/S+30,3306,3306,528,0.6082879612825166,0.9791148682247638,0.0208851317752362,31.0,39.0,3306,-1.8838475499092553,-3.096966683242166,0.34935970418328627,-6228.0,0.44903033316757834,0.6455598455598456,-19.652951239226724,0.5894770579175193,0.6264134316622562,-3.2654078549848946,-0.5155424342743318,-5.350872181064832,-0.8347749597865803,-4.19475133957165,0.3403373770083323,-23.171785740015654,-16.12145440101095,signal,,
1re moitié,gap_m30,0.49/S+30,2830,2830,1004,0.6406360424028269,0.8659680088251517,0.13403199117484832,30.0,37.0,2830,-1.885865724381625,-2.943739658025374,0.34977082792729997,-5337.0,0.46056260341974625,0.6588003933136677,-19.823778989392142,0.620858517781426,0.6596812099492245,-3.44642451202598,-0.3792536628824974,-5.370719939254098,-0.5783389730018945,-4.252559902301534,0.5018858844784487,-23.597886324302372,-15.760499269427257,signal,,
1re moitié,gap_m30,0.50/S+30,1795,1795,2039,0.6713091922005571,0.8929460580912864,0.10705394190871369,28.0,37.0,1795,-1.2534818941504178,-1.8672199170124482,0.34986578119396716,-2250.0,0.48132780082987553,0.6610169491525424,-17.968914832266687,0.6474730613739097,0.6964189787485242,-3.25499508743437,0.7307616943064534,-4.833869464692762,1.0952486236018018,-4.7595632913640245,1.8409124557366168,-23.010599259545412,-12.992820505669917,signal,,
1re moitié,hgb_m0,0.47/S+60,3584,3584,250,0.6462053571428571,0.9771157167530224,0.022884283246977548,34.0,46.5,3584,-0.9631696428571405,-1.4905008635578545,0.34867041821239686,-3452.0,0.45509499136442144,0.6908517350157729,-23.575674365135146,0.6279262586448711,0.663053635959148,-2.4440946091248246,0.49936531228119874,-3.8157051548563414,0.7718629462644743,-3.5630704947552934,1.224200444570924,-26.82561152408367,-20.016777387947382,signal,,
1re moitié,hgb_m0,0.48/S+60,3405,3405,429,0.6754772393538914,0.9769565217391304,0.023043478260869565,33.0,43.0,3405,-0.910425844346548,-1.34782608695652,0.3493697935272125,-3100.0,0.46652173913043476,0.6932126696832579,-22.669093055282314,0.6575503273206246,0.6926456959690894,-2.475818831068353,0.6559284417778385,-3.66831365528109,0.9645500943677693,-3.5398749331507275,1.3923627709713637,-26.031413808942922,-19.021735347207215,signal,,
1re moitié,hgb_m0,0.49/S+60,3061,3061,773,0.7128389415223783,0.8551787351054079,0.14482126489459213,31.0,40.0,3061,-1.0839594903626268,-1.5206232813932172,0.34978590789743125,-3318.0,0.4747937671860678,0.7042093287827076,-22.94155615966398,0.6946950635259174,0.7302791506114927,-2.7444979711418904,0.5084370422338648,-3.8476802771603733,0.7222605893186002,-3.659025659342196,1.377816169459208,-26.70642753578358,-18.95823160175787,signal,,
1re moitié,hgb_m0,0.50/S+60,2065,2065,1769,0.7360774818401937,0.8697368421052631,0.13026315789473683,30.0,39.0,2065,-1.1138014527845037,-1.513157894736842,0.3498935962754806,-2300.0,0.48486842105263156,0.7247706422018348,-23.99022211492033,0.7144971508576091,0.7574907247540376,-3.135605404773046,0.8609219522893888,-4.291427076560469,1.1617695326733632,-4.109234753595102,2.007719320236392,-28.404906292311058,-19.286288328732383,signal,,
1re moitié,hgb_m2,0.47/S+60,2605,2605,139,0.6211132437619962,0.9752781211372065,0.024721878862793572,34.0,49.0,2605,-0.36314779270633196,-0.5846724351050638,0.34864040085284986,-946.0,0.4641532756489493,0.6869300911854104,-22.277681553646104,0.6001511042231693,0.6416069267158321,-2.0620964909964616,1.2428929534274797,-3.3132784904257297,2.0173679155117834,-3.1474458570870505,2.31284416491352,-26.165328681395106,-18.10794110101949,signal,,
1re moitié,hgb_m2,0.48/S+60,2499,2499,245,0.6510604241696679,0.9778733866011063,0.022126613398893668,34.0,45.0,2499,-0.5186074429771897,-0.7965580823601704,0.3493407529886838,-1296.0,0.47203441917639827,0.6915137614678899,-21.947934229149162,0.6306336946125234,0.6720159043206196,-2.30940642340676,1.2112368633791417,-3.5210557157749522,1.8513720218781833,-3.3707729153055923,2.198566572685321,-26.016278074248866,-17.76814697629106,signal,,
1re moitié,hgb_m2,0.49/S+60,2296,2296,448,0.6898954703832753,0.8598484848484849,0.14015151515151514,33.0,42.0,2296,-0.6602787456445985,-0.9570707070707075,0.34975793625769874,-1516.0,0.48042929292929293,0.7064606741573034,-22.60313812280105,0.6695464362850972,0.7097631872076605,-2.5180115203662297,1.0971215195644324,-3.6574788330009174,1.6070481726997519,-3.7579519260438037,2.254292216542685,-26.760160036061176,-18.126755649289507,signal,,
1re moitié,hgb_m2,0.50/S+60,1662,1662,1082,0.7166064981949458,0.8816120906801007,0.11838790931989925,31.0,39.0,1662,-0.9927797833935018,-1.385390428211587,0.3498642034750045,-1650.0,0.48614609571788414,0.7430997876857749,-25.695369196789073,0.6923986445353056,0.740720013162118,-3.119312833830417,1.1000389338440324,-4.363045111250888,1.5235143424299842,-4.359638393464652,2.687934384703827,-30.592099651866793,-20.659353371626292,signal,,
1re moitié,hgb_m5,0.47/S+60,1211,1211,60,0.5887696118909992,0.9775596072931276,0.02244039270687237,34.0,51.0,1211,-0.009083402146984375,-0.015427769985971871,0.3485139811779958,-11.0,0.46984572230014027,0.6726907630522089,-20.28450407520686,0.5582083097918207,0.6193201498481143,-2.237472313166641,2.1952437284226325,-3.799268211395662,3.7185469765117434,-3.387158383635351,3.878435437407129,-25.85842953992493,-14.473087446755638,signal,,
1re moitié,hgb_m5,0.48/S+60,1174,1174,97,0.6115843270868825,0.979108635097493,0.020891364902506964,34.0,48.0,1174,-0.4804088586030654,-0.7855153203342605,0.34921510461363303,-564.0,0.47214484679665736,0.6754385964912281,-20.32937496945707,0.582668080232774,0.6415618285504047,-2.7714387849165787,1.8049664021149303,-4.548034716679968,2.935662597301366,-4.168382957839461,3.5797488792395447,-26.218291766556465,-14.392336474444463,signal,,
1re moitié,hgb_m5,0.49/S+60,1102,1102,169,0.6442831215970962,0.852112676056338,0.14788732394366197,33.0,43.0,1102,-0.5353901996370233,-0.8309859154929593,0.3496322972284435,-590.0,0.48169014084507045,0.6862244897959183,-20.453434895084786,0.6133491921741663,0.6744405132082796,-3.01036386299218,1.8389413833872108,-4.6431818930583475,2.8631488981562194,-4.669267076143116,3.6882389894536205,-26.229614919451322,-14.26515531483369,signal,,
1re moitié,hgb_m5,0.50/S+60,819,819,452,0.6800976800976801,0.8491921005385996,0.15080789946140036,31.0,40.0,819,-0.7936507936507936,-1.1669658886894074,0.3497096343603778,-650.0,0.4883303411131059,0.7137404580152672,-22.541011690216127,0.6476399022258434,0.7149850933348441,-3.6932337072440955,2.1192912032987627,-5.3798441298441295,3.102456048169501,-5.6576980222062385,3.4761844147444263,-29.78446630229598,-15.292176389633564,signal,,
1re moitié,gap_m30,0.47/S+60,3546,3546,288,0.6604624929498026,0.9790777113578139,0.020922288642186166,34.0,48.0,3546,-2.1641285956006744,-3.276686592655846,0.34867119068313884,-7674.0,0.4372331340734415,0.6893687707641196,-25.213563669067813,0.6429169940125701,0.6779334282051672,-3.562820115719253,-0.7426725930565411,-5.39746022206332,-1.1318994090668726,-4.430450203487076,0.0932056279346968,-28.475541805739667,-21.642065233344788,signal,,
1re moitié,gap_m30,0.48/S+60,3306,3306,528,0.6878402903811253,0.976693051890941,0.023306948109058926,33.0,45.0,3306,-2.1330913490623096,-3.101143359718556,0.34936899081468276,-7052.0,0.4489885664028144,0.6957364341085271,-24.674786770571274,0.669740648157164,0.7057593489055956,-3.586111778032906,-0.6428699086481421,-5.194362290785459,-0.9435399776571676,-4.651792309111789,0.2357516199026523,-28.17911894205032,-20.939998119909344,signal,,
1re moitié,gap_m30,0.49/S+60,2830,2830,1004,0.7148409893992933,0.8729609490855166,0.12703905091448345,33.0,42.5,2830,-2.2003533568904596,-3.0781018289668816,0.34978008454384324,-6227.0,0.4592189817103312,0.7137546468401487,-25.453566512981745,0.696255894160306,0.7341356006136849,-3.8538075298352386,-0.5903691375994216,-5.401101092861575,-0.8219503912203106,-4.885591850975443,0.4888994145560355,-29.320634148151097,-21.21565429620685,signal,,
1re moitié,gap_m30,0.50/S+60,1795,1795,2039,0.7353760445682451,0.896969696969697,0.10303030303030303,31.0,40.0,1795,-1.8384401114206128,-2.5,0.3498774744990382,-3300.0,0.475,0.7221052631578947,-24.710526315789473,0.7123197633521774,0.759657815960178,-3.922736767806473,0.14137203416287245,-5.299988717258012,0.1958864116108802,-5.607830797543903,1.3253392637676842,-29.713661882848292,-19.60482663050254,signal,,
1re moitié,hgb_m0,0.47/E,3584,3584,250,0.8451450892857143,0.977550346649059,0.022449653350940905,39.0,85.0,3584,-1.3568638392857102,-1.605480356553314,0.34868679715414697,-4863.0,0.45394519643446685,1.0,-54.605480356553315,0.8322565481243049,0.8576269681539141,-2.998631386861314,0.3029916476012292,-3.5333688061190553,0.35976956170595703,-4.0941484585714,1.4531627443533823,-56.53336880611906,-52.64023043829404,signal,,
1re moitié,hgb_m0,0.48/E,3405,3405,429,0.8584434654919236,0.9774204584331166,0.02257954156688334,37.0,76.0,3405,-1.3521292217327447,-1.5750940814231937,0.3493847571373893,-4604.0,0.46424905918576803,1.0,-53.5750940814232,0.8459241760483623,0.8710443469079459,-3.061148115761968,0.33358978982588977,-3.548298771315431,0.38933445499707453,-3.986508356825454,1.5863782229633074,-55.54829877131543,-51.610665545002924,signal,,
1re moitié,hgb_m0,0.49/E,3061,3061,773,0.8699771316563215,0.8742020277882088,0.1257979722117912,34.0,63.0,3061,-1.5638680169879127,-1.797596695456253,0.349799290661733,-4787.0,0.4720240330454375,1.0,-52.79759669545625,0.8567681640232754,0.8828909937845208,-3.380796243614666,0.2388522048361127,-3.8827425195349727,0.2781428871228857,-4.49213824784357,1.671149067308342,-54.88274251953498,-50.72185711287712,signal,,
1re moitié,hgb_m0,0.50/E,2065,2065,1769,0.876997578692494,0.8768636112644947,0.12313638873550524,33.0,55.0,2065,-1.331719128329298,-1.5184980673660962,0.3499106937265216,-2750.0,0.484815019326339,1.0,-51.5184980673661,0.8608255566848378,0.8928110230570787,-3.5754699534346854,0.8428900578783859,-4.107668518820554,0.9578652049398073,-4.892612741941111,2.025489150524448,-54.10766851882055,-49.04213479506019,signal,,
1re moitié,hgb_m2,0.47/E,2605,2605,139,0.8291746641074856,0.9763888888888889,0.02361111111111111,40.0,93.0,2605,-1.197696737044143,-1.4444444444444404,0.34866539286106996,-3120.0,0.45555555555555555,1.0,-54.44444444444445,0.8142412181471779,0.8441313468568773,-3.1504704087562962,0.6293414635276963,-3.804725289947868,0.7632971718320122,-4.083639680449803,2.3550650668712696,-56.804725289947875,-52.23670282816798,signal,,
1re moitié,hgb_m2,0.48/E,2499,2499,245,0.8427370948379351,0.9786324786324786,0.021367521367521368,39.0,81.0,2499,-1.3157262905162053,-1.5612535612535596,0.3493633262642871,-3288.0,0.46438746438746437,1.0,-53.561253561253565,0.8277225107720037,0.8579759940245618,-3.308521959978208,0.6265458260946817,-3.9249753100763933,0.7345352026335622,-4.352991365869636,2.3695714881570273,-55.9249753100764,-51.265464797366434,signal,,
1re moitié,hgb_m2,0.49/E,2296,2296,448,0.8562717770034843,0.8789420142421159,0.12105798575788403,36.0,69.0,2296,-1.2778745644599296,-1.4923702950152602,0.34977776756469725,-2934.0,0.4750762970498474,1.0,-52.492370295015256,0.8412415260081265,0.8710551196593066,-3.3866175697602667,0.7233848935034071,-3.941907672774373,0.8470018983077433,-4.664951627375105,2.1767488644610395,-54.94190767277436,-50.15299810169226,signal,,
1re moitié,hgb_m2,0.50/E,1662,1662,1082,0.8628158844765343,0.8863319386331938,0.11366806136680614,34.0,60.0,1662,-0.9626955475330927,-1.1157601115760112,0.3498872150200353,-1600.0,0.4888423988842399,1.0,-51.115760111576016,0.8444270198269834,0.8810812520300186,-3.3473538916375607,1.3802495686904717,-3.8671485091836604,1.5992102262266064,-4.76231388537963,2.8760568473217756,-53.867148509183664,-48.40078977377339,signal,,
1re moitié,hgb_m5,0.47/E,1211,1211,60,0.815028901734104,0.9807497467071935,0.019250253292806486,45.0,99.0,1211,-1.4772914946325322,-1.812563323201617,0.348576726018147,-1789.0,0.4518743667679838,1.0,-54.812563323201616,0.7921332406094325,0.8372655615238783,-4.02192366811932,1.0365561505547147,-4.9108775360050725,1.2526043985397513,-5.629447196537655,3.228360560997101,-57.910877536005074,-51.74739560146025,signal,,
1re moitié,hgb_m5,0.48/E,1174,1174,97,0.8245315161839863,0.9793388429752066,0.02066115702479339,42.0,94.0,1174,-2.0136286201022138,-2.442148760330577,0.34927318709978156,-2364.0,0.4555785123966942,1.0,-54.442148760330575,0.8018174335398074,0.8464270343420002,-4.594492732800007,0.5854474542273105,-5.582580304592159,0.7235287114997504,-6.469581037239022,2.7938043986808183,-57.582580304592156,-51.276471288500254,signal,,
1re moitié,hgb_m5,0.49/E,1102,1102,169,0.8312159709618875,0.8755458515283843,0.12445414847161572,37.0,78.0,1102,-2.1633393829401095,-2.6026200873362457,0.3496835054936625,-2384.0,0.46397379912663755,1.0,-53.60262008733625,0.8086229521428816,0.8531103418303886,-4.944659724505654,0.5867512274526112,-5.925206363910524,0.7118592513087167,-7.1134563257838686,2.890903224866576,-56.925206363910526,-50.28814074869129,signal,,
1re moitié,hgb_m5,0.50/E,819,819,452,0.8498168498168498,0.8577586206896551,0.14224137931034483,34.0,69.25,819,-1.465201465201465,-1.7241379310344827,0.3497676240499001,-1200.0,0.4827586206896552,1.0,-51.72413793103448,0.8245398773006135,0.8750039013732833,-4.682307133379667,1.6120611479769784,-5.522827687776141,1.904851106521589,-6.659014175552964,3.6990337280562375,-55.52282768777614,-48.09514889347842,signal,,
1re moitié,gap_m30,0.47/E,3546,3546,288,0.8446136491821771,0.9792988313856428,0.020701168614357262,39.0,78.0,3546,-2.9230118443316377,-3.460767946577626,0.34868619318194033,-10365.0,0.4353923205342237,0.9981851179673321,-56.27927974331084,0.8316830981766354,0.8569005118849555,-4.476573766299875,-1.393978700825406,-5.2618210205430485,-1.6512584038342222,-5.437735779722727,-0.3555588871463466,-58.15447906672149,-54.45967385446323,signal,,
1re moitié,gap_m30,0.48/E,3306,3306,528,0.8563218390804598,0.9766866831508301,0.023313316849169905,37.0,70.0,3306,-2.8396854204476694,-3.3161427057576804,0.349382961890706,-9388.0,0.4468385729424232,0.9978947368421053,-55.105616389968205,0.8428871502052027,0.8687176981059428,-4.512168824788574,-1.2784856499419606,-5.253527962693208,-1.4809741197818946,-5.347268721678726,-0.009823969430525215,-57.07744871158045,-53.216027489937346,signal,,
1re moitié,gap_m30,0.49/E,2830,2830,1004,0.8646643109540636,0.886800163465468,0.11319983653453208,36.0,63.0,2830,-2.686572438162545,-3.107069881487536,0.3497939317663241,-7603.0,0.45892930118512465,0.9973890339425587,-53.84597327574341,0.8509354556472741,0.8779012602878513,-4.488634015853515,-0.9477029461417388,-5.209265396299365,-1.0955326470636295,-5.59187482045146,0.5817990630849986,-55.916496784874965,-51.77499391747017,signal,,
1re moitié,gap_m30,0.50/E,1795,1795,2039,0.8713091922005571,0.9008951406649617,0.09910485933503836,34.0,58.0,1795,-2.395543175487465,-2.749360613810742,0.34989658973064613,-4300.0,0.4725063938618926,1.0,-52.74936061381075,0.8544410769675769,0.8879176138816148,-4.727079540649126,-0.16300285043463503,-5.394752121619771,-0.18673709358319002,-6.182605732183749,1.3106670176451813,-55.394752121619774,-50.1867370935832,signal,,
2e moitié,hgb_m0,0.47/S+0,3986,3986,238,0.3183642749623683,0.983451536643026,0.016548463356973995,18.0,25.0,3986,-0.1864024084295022,-0.5855003940110287,0.34871746738749076,-743.0,0.4641449960598897,0.5598086124401914,-9.566361638030173,0.30393139357990173,0.3325792139144814,-1.043187231793296,0.7295241558492402,-3.2501214063714063,2.3335796387520515,-1.8311304716598231,1.213963766741625,-12.885661573563944,-6.335234927528911,signal,,
2e moitié,hgb_m0,0.48/S+0,3787,3787,437,0.34935304990757854,0.9674981103552532,0.03250188964474679,17.0,24.0,3787,-0.5819910219170842,-1.6659108087679497,0.3494183437039573,-2204.0,0.4633408919123205,0.5673701298701299,-10.402923795780945,0.33342132011313214,0.36438100657867906,-1.5269332134011606,0.44855343458821345,-4.31941832303875,1.3009637269822987,-2.4007785295392465,0.9710941095683318,-13.797747509872245,-7.176725728097479,signal,,
2e moitié,hgb_m0,0.49/S+0,3356,3356,868,0.39451728247914186,0.8617824773413897,0.13821752265861026,15.0,23.0,3356,-0.5887961859356375,-1.4924471299093653,0.34983833405113385,-1976.0,0.47507552870090636,0.5762795275590551,-10.120399885814873,0.3779844261968879,0.4100872739053538,-1.6946896421211992,0.5480664551756438,-4.261509131045555,1.4139551450960866,-2.47112250154069,1.2234656384720024,-13.59074223236483,-6.5097000244896375,signal,,
2e moitié,hgb_m0,0.50/S+0,2324,2324,1900,0.42168674698795183,0.7979591836734694,0.20204081632653062,13.5,22.25,2324,-0.5593803786574871,-1.3265306122448979,0.34993478686235435,-1300.0,0.48673469387755103,0.5803571428571429,-9.362244897959188,0.40043538512451393,0.442801022125848,-1.9213997950835313,0.8536530879435672,-4.526974056945598,2.0247594793435177,-2.5274896566539597,1.7891549565825495,-13.540530356006048,-5.052460135451172,signal,,
2e moitié,hgb_m2,0.47/S+0,2984,2984,113,0.27982573726541554,0.9832335329341317,0.016766467065868262,18.0,25.0,2984,-0.24966487935656764,-0.8922155688622712,0.3487057558260189,-745.0,0.46107784431137727,0.563983248022336,-10.290540371095874,0.2637502835666043,0.2951420569826152,-1.2095554445554444,0.6559775465498352,-4.360142416241068,2.3393745133432367,-1.9799964590037273,1.6530719462127095,-14.321207278391183,-6.50404665680447,signal,,
2e moitié,hgb_m2,0.48/S+0,2884,2884,213,0.30859916782246877,0.9707865168539326,0.029213483146067417,18.0,24.0,2884,-0.4576976421636611,-1.4831460674157286,0.3494078075509387,-1320.0,0.4651685393258427,0.5697091273821464,-10.454058805630373,0.2920230449284872,0.3243841771653811,-1.4612213309872237,0.5580182031708746,-4.684613239235088,1.821764620978328,-2.240337012375356,1.5219377951809536,-14.402898668072162,-6.755835589701321,signal,,
2e moitié,hgb_m2,0.49/S+0,2616,2616,481,0.3532110091743119,0.8560606060606061,0.14393939393939395,16.0,23.0,2616,-0.3730886850152903,-1.056277056277057,0.3498289548524904,-976.0,0.47943722943722944,0.574468085106383,-9.50308556691536,0.3350866430986937,0.37020255733322627,-1.5311974665007166,0.763683022220166,-4.31025341057041,2.206206622325043,-2.3669170407605,1.6657839447234974,-13.616250851736329,-5.576731087376369,signal,,
2e moitié,hgb_m2,0.50/S+0,1927,1927,1170,0.3985469641930462,0.796875,0.203125,14.0,23.0,1927,-0.4151530877010898,-1.0416666666666665,0.34991678531915005,-800.0,0.4895833333333333,0.5772217428817946,-8.763840954846131,0.3745546332963892,0.4214044429792185,-1.8172384537844728,1.0407308662875694,-4.5209266517357225,2.6170624581255097,-2.6163025963907254,1.9691718330703594,-13.409695268567848,-4.053318766278955,signal,,
2e moitié,hgb_m5,0.47/S+0,1576,1576,44,0.24619289340101522,0.9819587628865979,0.01804123711340206,18.0,24.0,1576,-0.022842639593907862,-0.09278350515463582,0.34866630441939633,-36.0,0.4690721649484536,0.5791245791245792,-11.005241417612554,0.22391809496375245,0.2681161684782609,-1.2831027153991825,1.1897585558335262,-5.158102096214749,4.861813426329551,-2.0229388595862754,2.4987780145579115,-16.611131829818444,-5.510258482174598,signal,,
2e moitié,hgb_m5,0.48/S+0,1541,1541,79,0.27125243348475014,0.9784688995215312,0.0215311004784689,17.0,24.0,1541,-0.1713173264114206,-0.6315789473684194,0.34937145626874505,-264.0,0.47368421052631576,0.5823686553873553,-10.86844448610395,0.24822479248485896,0.2946317673378076,-1.521282837210177,1.1259875119113296,-5.5350963662938915,4.184481618289365,-2.258753141884886,2.7567237881552416,-16.55624658472077,-5.620040180416997,signal,,
2e moitié,hgb_m5,0.49/S+0,1433,1433,187,0.3098394975575715,0.8378378378378378,0.16216216216216217,16.0,23.0,1433,0.1702721563154223,0.5495495495495489,0.34979539253085845,244.0,0.4954954954954955,0.5935288169868554,-9.803332149135995,0.2845762897535959,0.3333333333333333,-1.3039432682646257,1.66699232379623,-4.218112838655618,5.382022471910112,-2.313382081084298,3.037062757547883,-15.593777771611977,-4.054899910016424,signal,,
2e moitié,hgb_m5,0.50/S+0,1088,1088,532,0.3704044117647059,0.7741935483870968,0.22580645161290322,14.0,23.0,1088,-0.3216911764705882,-0.8684863523573202,0.34984141718388884,-350.0,0.4913151364764268,0.5970802919708029,-10.576515549437616,0.33840803964939775,0.3994378454792947,-2.172258709308966,1.5727880572541126,-5.8748656120411615,4.342566619915847,-3.3345095611378124,2.8502711550719644,-16.6725242021225,-4.0997404259461225,signal,,
2e moitié,gap_m30,0.47/S+0,3884,3884,340,0.28398558187435635,0.9882139619220308,0.011786038077969175,19.0,26.0,3884,-0.8601956745623061,-3.029011786038074,0.34874000000000005,-3341.0,0.4397098821396192,0.5667026249550522,-12.6992742815433,0.26903220754454654,0.29844203261228114,-1.6849528186254101,-0.022811830344949505,-5.8982697519282885,-0.0817700387434999,-2.3829477035161344,0.550899119920241,-16.17317884966518,-9.256808181205372,signal,,
2e moitié,gap_m30,0.48/S+0,3598,3598,626,0.31545302946081155,0.973568281938326,0.02643171806167401,19.0,25.0,3598,-0.8560311284046687,-2.7136563876651967,0.3494147565817934,-3080.0,0.452863436123348,0.5680064961429151,-11.514306001956708,0.29955440850424875,0.33103662012389684,-1.775151861144785,0.09203476861422775,-5.584224355620265,0.2980183652107688,-2.4377065301282266,0.8759773973167772,-15.146305391536536,-7.796564890191233,signal,,
2e moitié,gap_m30,0.49/S+0,3042,3042,1182,0.3533859303090072,0.8874418604651163,0.11255813953488372,17.0,24.0,3042,-0.9122287968441811,-2.5813953488372094,0.34986,-2775.0,0.4641860465116279,0.5856634468734113,-12.14774003617834,0.33552546489356455,0.3713247736407602,-1.9204232562159522,0.18464684516550525,-5.464101256250936,0.5274768324402686,-2.617187889165629,0.8332638436122038,-15.91555403943462,-8.15508358416865,signal,,
2e moitié,gap_m30,0.50/S+0,2019,2019,2205,0.3684992570579495,0.8440860215053764,0.15591397849462366,16.0,24.0,2019,-0.8915304606240713,-2.4193548387096775,0.34995267247350015,-1800.0,0.47580645161290325,0.5890196078431372,-11.321315623023398,0.3456859125297134,0.391877451896133,-2.2066854448566624,0.4963149697329756,-6.032199469756407,1.3123767983358925,-3.016883847303733,1.2522542906727896,-16.002844573542724,-6.523763316435491,signal,,
2e moitié,hgb_m0,0.47/S+30,3986,3986,238,0.5915704967385851,0.9826123833757422,0.017387616624257845,31.0,39.0,3986,-1.5368790767686884,-2.5979643765903275,0.34871299457042276,-6126.0,0.4440203562340967,0.652948402948403,-20.892804671430625,0.5734698447943528,0.6089693013847243,-2.8134983797823474,-0.2401045330560256,-4.747797655740521,-0.41019929154065204,-3.6670735740449625,0.6797275179569195,-24.255437783395603,-17.708936938488097,signal,,
2e moitié,hgb_m0,0.48/S+30,3787,3787,437,0.6242408238711381,0.9699661590524534,0.03003384094754653,29.0,38.0,3787,-1.65619223659889,-2.6531302876480525,0.3494130090437002,-6272.0,0.45346869712351945,0.6598735066760365,-20.640480955251704,0.6062830502875929,0.6420720342841154,-2.990611203619047,-0.23941803688892305,-4.77651806373363,-0.39080804353841925,-3.80321208678622,0.6185729922480888,-23.97704565175792,-17.22207676322249,signal,,
2e moitié,hgb_m0,0.49/S+30,3356,3356,868,0.6576281287246722,0.8903488898957861,0.10965111010421387,26.0,36.0,3356,-1.3834922526817637,-2.103760761214317,0.3498310542313807,-4643.0,0.4689623923878568,0.6657963446475196,-19.683395225966276,0.6387030465334093,0.6761157397386338,-2.786676607688063,0.10021739130434665,-4.252387448840382,0.15360476468430712,-3.86761847313835,1.1193542531658134,-23.327657597131623,-16.119827010256675,signal,,
2e moitié,hgb_m0,0.50/S+30,2324,2324,1900,0.6820137693631669,0.7936908517350157,0.20630914826498423,24.0,36.0,2324,-1.0111876075731498,-1.4826498422712935,0.3499596789432854,-2350.0,0.48517350157728706,0.6603518267929634,-17.517832521567637,0.6599196212373644,0.7043493292247567,-2.80285299075203,0.8242013307074884,-4.082102961973092,1.219665496466403,-3.8185602752940633,1.8046102013239402,-21.851023676474334,-13.153969245586602,signal,,
2e moitié,hgb_m2,0.47/S+30,2984,2984,113,0.561662198391421,0.9826968973747017,0.017303102625298328,33.0,39.0,2984,-1.532171581769435,-2.72792362768496,0.34870200548750413,-4572.0,0.44272076372315033,0.6536697247706422,-21.09489610474919,0.5413518123292183,0.5814540842621501,-2.8836982625977265,-0.054332251598620936,-5.129934935920767,-0.0968129885748647,-4.014806753563181,1.1077011331323312,-24.73707071393037,-17.411056090696658,signal,,
2e moitié,hgb_m2,0.48/S+30,2884,2884,213,0.59500693481276,0.972027972027972,0.027972027972027972,31.0,39.0,2884,-1.5839112343966701,-2.66200466200466,0.349402816654608,-4568.0,0.4533799533799534,0.660958904109589,-20.75789507296356,0.5749467214708055,0.6143452705091093,-3.047769004782946,-0.07884300229433039,-5.118750922949349,-0.12817014886214387,-4.202525271716272,0.973293873243839,-24.311324483056556,-17.06855097809932,signal,,
2e moitié,hgb_m2,0.49/S+30,2616,2616,481,0.6326452599388379,0.8900302114803625,0.10996978851963746,29.0,38.0,2616,-1.2213302752293573,-1.9305135951661636,0.34982139981187743,-3195.0,0.4706948640483384,0.6618106139438086,-19.11157498954702,0.6119177756353854,0.6529598719635307,-2.7914509070709532,0.40705588986257457,-4.391779767832149,0.6584813935901479,-4.2421833368177335,1.7070516905985387,-22.978050215609827,-15.042884702575947,signal,,
2e moitié,hgb_m2,0.50/S+30,1927,1927,1170,0.6689154125583809,0.7897595034910784,0.21024049650892165,26.0,37.0,1927,-0.908147379346134,-1.3576415826221877,0.34995041980225544,-1750.0,0.4864235841737781,0.6551724137931034,-16.87488296193253,0.6441814570070652,0.6926453613953614,-2.838050591049817,1.10897234336336,-4.221602111272534,1.650922245121452,-3.965925512657004,2.2149444728015193,-21.60562774116632,-12.13539726551289,signal,,
2e moitié,hgb_m5,0.47/S+30,1576,1576,44,0.5260152284263959,0.9843184559710495,0.015681544028950542,33.0,41.0,1576,-1.5628172588832472,-2.971049457177317,0.3486631860036874,-2463.0,0.44028950542822676,0.6760374832663989,-23.574797783817214,0.49697928365153216,0.5538286836988487,-3.482070108656304,0.3845794018855231,-6.633110925771477,0.7089160815762758,-4.360394568747476,1.6182552849919738,-28.753930240996347,-18.32059580399084,signal,,
2e moitié,hgb_m5,0.48/S+30,1541,1541,79,0.5593770279039585,0.9733178654292344,0.02668213457076566,33.0,40.0,1541,-1.6716417910447752,-2.9883990719257523,0.34936597839826816,-2576.0,0.45011600928074247,0.6833578792341679,-23.324186995342544,0.5316034128974185,0.5872318035593846,-3.644470650594274,0.3848204802778798,-6.463295660786196,0.6787156492552953,-4.61267238432336,1.9039631362104572,-28.419943110447935,-18.390940485216206,signal,,
2e moitié,hgb_m5,0.49/S+30,1433,1433,187,0.5994417306350314,0.8777648428405123,0.12223515715948778,31.0,39.0,1433,-0.4822051639916256,-0.8044237485448201,0.34978563060379175,-691.0,0.4819557625145518,0.6846689895470384,-20.271322703248657,0.5719086186478466,0.6273053931192693,-2.5834876536416953,1.7797411616161616,-4.254460302988288,2.967706722093322,-3.962098585639724,3.465383336888378,-25.473278200894175,-15.054166828213,signal,,
2e moitié,hgb_m5,0.50/S+30,1088,1088,532,0.6424632352941176,0.7625178826895566,0.2374821173104435,27.0,37.0,1088,-0.9650735294117647,-1.502145922746781,0.34990857099443096,-1050.0,0.48497854077253216,0.6889460154241646,-20.39674746516324,0.6107472154806275,0.6745522891963109,-3.4563166428616343,1.6290614228400289,-5.438321700177101,2.6015117830146712,-5.05618681452997,3.1838580129871974,-26.22993105823093,-14.188583893379457,signal,,
2e moitié,gap_m30,0.47/S+30,3884,3884,340,0.576725025746653,0.9848214285714286,0.015178571428571428,33.0,40.0,3884,-1.7456230690010281,-3.026785714285711,0.34871157196297187,-6780.0,0.43973214285714285,0.6545012165450121,-21.47690736878693,0.5580600424734754,0.5956791510878975,-2.9746763000174408,-0.470332053451983,-5.187376397943357,-0.8122270978124634,-3.7324768784535016,0.12475932804000535,-24.753669819819798,-18.239576658105033,signal,,
2e moitié,gap_m30,0.48/S+30,3598,3598,626,0.6070038910505836,0.9725274725274725,0.027472527472527472,31.0,39.0,3598,-1.7042801556420222,-2.807692307692306,0.34941078451433477,-6132.0,0.4519230769230769,0.6548797736916548,-20.29566967685779,0.5876000547476902,0.6257603309186192,-3.0219034546548524,-0.3408769883128234,-4.961190790003011,-0.5616233575498036,-3.9506055002040283,0.3709342037649049,-23.789562689319467,-16.95529483016344,signal,,
2e moitié,gap_m30,0.49/S+30,3042,3042,1182,0.6341222879684418,0.9072058061171592,0.09279419388284085,29.0,37.0,3042,-1.1574621959237343,-1.8252980819077242,0.3498417534499512,-3521.0,0.47174701918092277,0.6657681940700808,-19.402117488915806,0.6132669057862363,0.6540275960051231,-2.641449640621537,0.345280020322605,-4.1725017144665815,0.5438065636590356,-3.684525191057654,1.0408434355274319,-23.189495699200233,-15.613829848063371,signal,,
2e moitié,gap_m30,0.50/S+30,2019,2019,2205,0.6523031203566122,0.8428246013667426,0.1571753986332574,28.0,37.0,2019,-0.9162951956414067,-1.404707668944571,0.34997326372079285,-1850.0,0.4859529233105543,0.6623931623931624,-17.64402390826081,0.6272592816311666,0.6778287735953212,-2.79048170560506,0.9439242160278744,-4.217284240150094,1.4476742014775381,-3.739430912078774,2.1637983783188734,-22.448796526829184,-13.02763687902667,signal,,
2e moitié,hgb_m0,0.47/S+60,3986,3986,238,0.6746111389864525,0.9840089252510227,0.015991074748977315,33.0,45.0,3986,-1.3253888610135451,-1.9646708813685343,0.34871631877912124,-5283.0,0.4503532911863146,0.6931380107941403,-24.278471960782568,0.6577542177503685,0.6909373954216155,-2.6961202750632105,0.06351006360380333,-3.972892300708783,0.09385665337483846,-3.6199540951951903,0.808433536680003,-27.605911694963073,-20.869456831590274,signal,,
2e moitié,hgb_m0,0.48/S+60,3787,3787,437,0.7031951412727753,0.9680811115283515,0.03191888847164852,33.0,43.0,3787,-1.5114866649062568,-2.1494555013143053,0.34941603957165124,-5724.0,0.4585054449868569,0.702846975088968,-24.43415301021111,0.6863893965385406,0.7197575438028271,-2.935773836430783,0.03680884026046271,-4.160884026803992,0.05356927056508042,-3.791382867642669,0.7394131754803374,-28.035406821565136,-20.85288917939304,signal,,
2e moitié,hgb_m0,0.49/S+60,3356,3356,868,0.7303337306317044,0.8947368421052632,0.10526315789473684,30.0,41.0,3356,-1.2213945172824792,-1.6723786209710323,0.3498339358174857,-4099.0,0.47327621379028967,0.7071823204419889,-23.390610665169927,0.7124614535232054,0.7471412114916205,-2.716998158114688,0.36514914151049244,-3.7109740025876934,0.5029714092287026,-3.7108138679358564,1.2665160586960116,-27.082051251267508,-19.63960393196297,signal,,
2e moitié,hgb_m0,0.50/S+60,2324,2324,1900,0.7530120481927711,0.7914285714285715,0.20857142857142857,28.0,40.0,2324,-0.5593803786574871,-0.7428571428571429,0.34996348064291855,-1300.0,0.49257142857142855,0.6881533101045296,-19.55818815331011,0.7327373057899014,0.7735853086489406,-2.4355819338545786,1.39509706579448,-3.241723981277942,1.8879409094479118,-3.525643076907861,2.3725380078216536,-24.43100418449968,-14.865636450528187,signal,,
2e moitié,hgb_m2,0.47/S+60,2984,2984,113,0.6511394101876675,0.9845599588265569,0.01544004117344313,34.0,48.0,2984,-1.481568364611258,-2.2753474009263983,0.3487072265553562,-4421.0,0.447246525990736,0.6993275696445725,-25.208104365383655,0.6320654491456561,0.669821449071046,-2.976773725530007,0.07144714279540769,-4.577453175399271,0.1095952322978756,-4.227875866893011,1.2430182327251305,-29.08672141273568,-21.560829706060247,signal,,
2e moitié,hgb_m2,0.48/S+60,2884,2884,213,0.6789181692094314,0.9703779366700716,0.0296220633299285,34.0,46.0,2884,-1.624133148404992,-2.392236976506638,0.3494074123489822,-4684.0,0.4560776302349336,0.7095032397408207,-25.342560950588716,0.6595125566162233,0.6972028652281571,-3.199947969635723,0.019620098682849633,-4.716789285630517,0.02956755199668283,-4.5280443899187945,0.87450047512264,-29.34904371491719,-21.565185592396332,signal,,
2e moitié,hgb_m2,0.49/S+60,2616,2616,481,0.709480122324159,0.8960129310344828,0.10398706896551724,33.0,43.0,2616,-1.2400611620795108,-1.7478448275862084,0.34982558011242293,-3244.0,0.47252155172413796,0.7078947368421052,-23.53731851179673,0.6902518339191687,0.7284525116932326,-2.8642470179224095,0.47762930688524863,-4.053326025876329,0.672193378613847,-4.301738583078575,1.5509891121269153,-27.535319920790343,-19.424736199916126,signal,,
2e moitié,hgb_m2,0.50/S+60,1927,1927,1170,0.7400103788271926,0.788218793828892,0.211781206171108,30.0,42.0,1927,-0.5708354955889984,-0.7713884992987377,0.349955183117186,-1100.0,0.49228611500701264,0.6846307385229541,-19.234462351594146,0.717604905232474,0.761612376889971,-2.6144861822335583,1.6031898858272624,-3.554212058894473,2.165331194961684,-3.7853811409953115,2.688174760911347,-24.58995574109975,-13.953483529908763,signal,,
2e moitié,hgb_m5,0.47/S+60,1576,1576,44,0.623730964467005,0.9857578840284842,0.014242115971515769,36.0,50.0,1576,-1.2696700507614194,-2.035605289928785,0.34867521993596834,-2001.0,0.4496439471007121,0.7217537942664418,-27.210984716572973,0.5964780359718715,0.6495240231259968,-3.3588187791347894,0.8326249210711867,-5.358670407606578,1.333542713567838,-4.328103502350729,2.1678233063577976,-32.14316675742577,-22.212646009997467,signal,,
2e moitié,hgb_m5,0.48/S+60,1541,1541,79,0.6515249837767684,0.9721115537848606,0.027888446215139442,34.0,48.0,1541,-1.552238805970148,-2.3824701195219107,0.34937644758895137,-2392.0,0.45617529880478086,0.7337057728119181,-27.753047400713722,0.6250802969187564,0.6769441195036853,-3.6919391811108397,0.6580888497802595,-5.637607356542015,1.0218270603371091,-4.7488722752308945,2.2890850292479668,-32.666537973572474,-22.718954554749406,signal,,
2e moitié,hgb_m5,0.49/S+60,1433,1433,187,0.6810886252616888,0.8842213114754098,0.11577868852459017,34.0,45.25,1433,-0.4354501046755055,-0.6393442622950826,0.3497945457875585,-624.0,0.48360655737704916,0.7330415754923414,-24.943501811529224,0.6530408526427381,0.7070717636617219,-2.669163593069438,1.952081863091037,-3.9339857830023988,2.8806418701621257,-4.005199114922185,3.5269228315093852,-30.18925499682653,-19.567139329513797,signal,,
2e moitié,hgb_m5,0.50/S+60,1088,1088,532,0.7141544117647058,0.752895752895753,0.2471042471042471,30.0,43.0,1088,-0.5974264705882353,-0.8365508365508365,0.34991774919576224,-650.0,0.49163449163449163,0.7234726688102894,-23.183817717579775,0.6841045838896306,0.7427785963257589,-3.3337004405286343,2.0977032131697984,-4.635415112387169,2.9343739401948197,-4.960451888292836,3.8275162130580664,-29.34650362638174,-16.644402446638033,signal,,
2e moitié,gap_m30,0.47/S+60,3884,3884,340,0.6629763130792997,0.9860194174757282,0.013980582524271845,34.0,48.0,3884,-1.8087023686920678,-2.7281553398058214,0.3487152703677892,-7025.0,0.44271844660194176,0.7035905271199389,-26.08720805179971,0.6447105929906789,0.6804505330057885,-3.1213383376083077,-0.45612291182554476,-4.673122852098244,-0.6921582828700181,-3.8871055163718267,0.21318862154535484,-29.47214097822734,-22.798913983214003,signal,,
2e moitié,gap_m30,0.48/S+60,3598,3598,626,0.6873262923846581,0.9700768297614234,0.029923170238576626,34.0,45.0,3598,-1.752084491384101,-2.549130610594418,0.34941419869765766,-6304.0,0.4545086938940558,0.7013333333333334,-24.682463943927758,0.6689944134078212,0.7048589089893134,-3.1205454692795476,-0.32016527416521945,-4.506787612446034,-0.45702014164534993,-4.195221300662917,0.5329876115183161,-28.222649252091678,-21.23281487557566,signal,,
2e moitié,gap_m30,0.49/S+60,3042,3042,1182,0.710387902695595,0.9106894956038871,0.0893105043961129,33.0,43.0,3042,-1.2126890203813279,-1.7070800555298467,0.3498437123576844,-3689.0,0.4729291994447015,0.713961407491487,-24.103220804678543,0.6913207167992216,0.7292766809232326,-2.7146187205854466,0.28985168125993266,-3.8419784079390893,0.4055914723098957,-3.9177279592673715,1.1466430976577846,-27.860936759845195,-20.313406353972706,signal,,
2e moitié,gap_m30,0.50/S+60,2019,2019,2205,0.7270926201089648,0.8351498637602179,0.164850136239782,32.0,43.0,2019,-0.8915304606240713,-1.226158038147139,0.34997601384215543,-1800.0,0.4877384196185286,0.705989110707804,-21.825069108927543,0.7038278578185259,0.7495110619490198,-2.803305036078452,1.079357967314204,-3.888362737711012,1.4779704367333217,-3.8509403952375294,2.406764870441627,-26.674688435392852,-17.130418305771812,signal,,
2e moitié,hgb_m0,0.47/E,3986,3986,238,0.8469643753135976,0.9828199052132701,0.017180094786729858,37.0,76.0,3986,-1.8243853487205186,-2.154028436018953,0.3487211377953368,-7272.0,0.4484597156398104,0.9770491803278688,-52.85894646880585,0.8334587361969225,0.8608462066465679,-3.4116302741882976,-0.2246450307043809,-4.035621340563233,-0.26600006986167407,-4.253548005626744,0.8221322934169947,-55.19348138627768,-50.41445044339216,signal,,
2e moitié,hgb_m0,0.48/E,3787,3787,437,0.8571428571428571,0.9695009242144177,0.030499075785582256,36.0,67.0,3787,-1.9561658304726683,-2.2821934688847803,0.3494203430004027,-7408.0,0.4571780653111522,0.9741219963031423,-51.69439309919901,0.8434861352289994,0.8708673965555103,-3.5820644306367866,-0.28734103865188376,-4.18311922706521,-0.3349333537701876,-4.571601291053268,0.8262496824003078,-54.1617646767904,-49.06201143177518,signal,,
2e moitié,hgb_m0,0.49/E,3356,3356,868,0.8682955899880811,0.9032258064516129,0.0967741935483871,34.0,60.0,3356,-1.6644815256257446,-1.9169526424159231,0.34983807710660847,-5586.0,0.4708304735758408,0.9683257918552036,-49.74953182793628,0.8541407215972069,0.8819992182836248,-3.4029282811590376,0.13238595576474632,-3.944478874912354,0.15267346807977508,-4.314607268838453,1.2195205500775388,-52.606053871392824,-46.69063940622616,signal,,
2e moitié,hgb_m0,0.50/E,2324,2324,1900,0.8825301204819277,0.7986348122866894,0.20136518771331058,33.0,56.0,2324,-1.355421686746988,-1.5358361774744027,0.34996884013900903,-3150.0,0.48464163822525597,0.9633699633699634,-47.872832514470744,0.86681121059676,0.8981834729252852,-3.4027845222093593,0.8735395330223351,-3.869370866360465,0.9800791841777684,-4.809521250951108,1.880947957247025,-51.33338742595102,-44.190535699500565,signal,,
2e moitié,hgb_m2,0.47/E,2984,2984,113,0.8314343163538874,0.9834744054816607,0.01652559451833938,39.0,81.0,2984,-1.9795576407506676,-2.3808948004836723,0.34871433341275976,-5907.0,0.44619105199516323,0.974155069582505,-52.79640175873417,0.8154052313972483,0.8463590983443653,-3.7686509022259247,-0.1626975160713621,-4.516122735190969,-0.19546684675345566,-4.728954757664987,1.1063953378388378,-55.54926089288173,-49.934264110140525,signal,,
2e moitié,hgb_m2,0.48/E,2884,2884,213,0.8425797503467406,0.9707818930041152,0.029218106995884775,37.0,73.0,2884,-1.990291262135921,-2.3621399176954716,0.3494137421314022,-5740.0,0.45637860082304527,0.9713656387665198,-51.498703794347456,0.8266141987095179,0.8579272949893271,-3.830814858998575,-0.07875628387676703,-4.529757074004055,-0.09300443682565401,-4.897985286140816,1.2106388475361223,-54.417349108323954,-48.424967885442314,signal,,
2e moitié,hgb_m2,0.49/E,2616,2616,481,0.8574159021406728,0.9041462327240303,0.09585376727596968,36.0,64.0,2616,-1.6846330275229355,-1.964779313419527,0.3498315188090313,-4407.0,0.4703522068658047,0.9651474530831099,-49.47952462173052,0.8409860553373637,0.8729339541703026,-3.5881111225451527,0.2892335984251029,-4.174610107527875,0.3458866345496697,-4.962275472249182,1.6529384936737108,-52.70909333362579,-46.02165571696971,signal,,
2e moitié,hgb_m2,0.50/E,1927,1927,1170,0.8764919564089257,0.7969212551805802,0.2030787448194198,34.0,58.0,1927,-1.4789828749351324,-1.6873889875666075,0.34996216170817485,-2850.0,0.48312611012433393,0.9621848739495799,-47.905876382524596,0.8593852939194488,0.8934601011386044,-3.7334159646852747,0.8933957036979596,-4.263140762780992,1.0173124709382744,-5.228518851963211,2.257477663884122,-51.639375193510595,-43.90347821178225,signal,,
2e moitié,hgb_m5,0.47/E,1576,1576,44,0.8083756345177665,0.9843014128728415,0.015698587127158554,42.0,86.0,1576,-1.3819796954314691,-1.7095761381475634,0.3486900166381922,-2178.0,0.45290423861852436,0.9701986754966887,-51.729443687816435,0.7864726595201349,0.829927708895784,-3.8051124678741814,1.104007165353354,-4.692454268292683,1.3563517272878227,-5.341638725762107,2.5812371762051596,-55.543935563807175,-47.594172247327954,signal,,
2e moitié,hgb_m5,0.48/E,1541,1541,79,0.8195976638546398,0.9730799683293745,0.026920031670625493,39.0,78.0,1541,-1.5081116158338725,-1.840063341250988,0.34938948011029863,-2324.0,0.4615993665874901,0.9676258992805755,-50.60265326930854,0.7977907961603614,0.8398195225671622,-3.944484805821537,1.134951796959386,-4.8415389393477515,1.3791394317799948,-5.609430802197938,2.6263805749557214,-54.530478676991784,-46.40286524765298,signal,,
2e moitié,hgb_m5,0.49/E,1433,1433,187,0.8325191905094208,0.8910310142497905,0.10896898575020955,37.0,71.0,1433,-0.5980460572226097,-0.7183570829840737,0.3498064515412047,-857.0,0.48281642917015927,0.9625,-47.96835708298408,0.810419133192389,0.853577011836522,-3.2215532050811686,2.100705031097256,-3.865771812080537,2.5207250519750493,-4.8849625786275,3.7889412762583445,-52.09622221081715,-43.3331688523888,signal,,
2e moitié,hgb_m5,0.50/E,1088,1088,532,0.8529411764705882,0.7586206896551724,0.2413793103448276,34.0,60.25,1088,-1.0110294117647058,-1.1853448275862069,0.34993113267791737,-1100.0,0.48814655172413796,0.9625,-47.435344827586206,0.8301512821462981,0.875,-3.9763756648771165,2.107089056328033,-4.6488203920814914,2.4487156261806526,-5.951479308691357,4.009266967984597,-52.00637101118304,-42.41881362563784,signal,,
2e moitié,gap_m30,0.47/E,3884,3884,340,0.8414006179196705,0.9856181150550796,0.01438188494492044,39.0,78.0,3884,-1.9299691040164744,-2.2937576499387964,0.348720514442184,-7496.0,0.447062423500612,0.974025974025974,-52.696355052536205,0.8274879640988533,0.8551136363636364,-3.351918005428876,-0.44230586075626294,-3.989943647916226,-0.5185631792712668,-4.138842700226782,0.5828356614802724,-55.11229053923088,-50.02761087414824,signal,,
2e moitié,gap_m30,0.48/E,3598,3598,626,0.8515842134519177,0.9725848563968669,0.02741514360313316,37.0,70.0,3598,-2.104502501389659,-2.4712793733681444,0.3494191753848914,-7572.0,0.4552872062663185,0.9700374531835206,-51.47502469172021,0.8374326567923844,0.8653332406373188,-3.6297703917525137,-0.4612422025468917,-4.248032370035518,-0.5384032530640283,-4.618710900228059,0.48440018221727343,-54.115875543001884,-48.525439588865204,signal,,
2e moitié,gap_m30,0.49/E,3042,3042,1182,0.8579881656804734,0.9168582375478928,0.08314176245210728,35.0,64.0,3042,-1.4431295200525969,-1.6819923371647512,0.34984651433140074,-4390.0,0.4731800766283525,0.9629629629629629,-48.97828863346104,0.8426694304447107,0.8732674222713361,-3.1008818216225884,0.33018063931311564,-3.6004948824654144,0.3846390168970813,-4.3456499638866415,1.2521652733342072,-52.07134384951324,-45.60250985033852,signal,,
2e moitié,gap_m30,0.50/E,2019,2019,2205,0.8657751362060426,0.8403890160183066,0.15961098398169338,35.0,61.0,2019,-1.2877662209014362,-1.4874141876430207,0.3499798560184692,-2600.0,0.4851258581235698,0.948339483394834,-46.32136252712642,0.848117868990423,0.8836448777890656,-3.3661222334914194,1.0211815777655764,-3.871854554012709,1.1773405136702522,-4.895742515767659,1.8798794726358359,-50.5800088529261,-41.772237311594345,signal,,
1re moitié,,0.49/S+0,6269,3833,1411,0.5685117243579518,0.7727272727272727,0.22727272727272727,31.0,45.0,6269,-0.7714148987079277,-1.3569023569023575,0.34985999999999995,-4836.0,0.4764309764309764,0.5419593345656192,-6.5528358134642755,0.5582250338455622,0.5786886699827432,-1.4388595023906876,-0.1440337978070061,-2.5406929771632525,-0.25167640990371415,-1.8426834313036284,0.25483865414429124,-9.33688245981354,-3.9812742322998926,two_sided,,
1re moitié,,0.48/S+0,6959,3839,721,0.479954016381664,0.9691616766467066,0.030838323353293413,36.0,48.0,6959,-0.7069981319155042,-1.4730538922155674,0.34944000000000014,-4920.0,0.46526946107784434,0.5390991986736667,-7.38297375958224,0.46986390570994613,0.48966585074094116,-1.3516272216938026,-0.08335069512118104,-2.8259535728729377,-0.1738474851838258,-1.778530603710403,0.3731907466028325,-10.05297912765601,-4.815627047004367,two_sided,,
1re moitié,,0.49/S+30,6269,3833,1411,0.7746052001914181,0.8084843492586491,0.1915156507413509,42.0,63.0,6269,-1.8254905088530866,-2.3566721581548604,0.3498600000000001,-11444.0,0.4664332784184514,0.6362349610757254,-16.980168265727404,0.764545837612118,0.7845618522955461,-2.484546641469756,-1.1383905097787756,-3.216402981352692,-1.4708949391331094,-2.917937120161084,-0.792102148806529,-20.081940353849202,-13.741907976089285,two_sided,,
1re moitié,,0.48/S+30,6959,3839,721,0.7161948555826987,0.9723113964686998,0.02768860353130016,48.0,64.0,6959,-1.7433539301623784,-2.4341894060995166,0.34944000000000014,-12132.0,0.4556581059390048,0.6248101265822785,-16.915202064327374,0.706390543595366,0.7261003396279104,-2.3892819566389027,-1.1028152445018566,-3.33788984511275,-1.5376618980919707,-2.7862840912423983,-0.7009684402272709,-19.875985882255108,-13.87620351302267,two_sided,,
2e moitié,,0.49/S+0,6688,4218,1760,0.5805921052631579,0.8326036569662632,0.1673963430337368,31.0,45.0,6688,-1.2510466507177032,-2.154777234097348,0.34985999999999995,-8367.0,0.4684522276590265,0.564349376114082,-9.589714845505547,0.5696103056631542,0.5913979694164951,-1.9460848507864756,-0.5936405531360264,-3.3502742566202133,-1.0100076543384635,-2.2494635895707114,-0.11100915081084003,-12.441583885699174,-6.803553079181682,two_sided,,
2e moitié,,0.48/S+0,7603,4222,845,0.5086150203866895,0.9500905094388414,0.04990949056115852,36.0,48.0,7603,-1.2516112061028535,-2.4608223429014724,0.3494400000000001,-9516.0,0.4553917765709853,0.550321199143469,-9.492942257248371,0.4996037754549131,0.5173108123103515,-1.9428266427757777,-0.6245667306326359,-3.815858578227695,-1.2329071051796572,-2.392047331762661,-0.25387909779274925,-12.283967063963894,-6.753538834580789,two_sided,,
2e moitié,,0.49/S+30,6688,4218,1760,0.7642045454545454,0.8563881823517903,0.14361181764820974,39.0,61.0,6688,-1.680472488038278,-2.198982586577969,0.34986000000000006,-11239.0,0.4680101741342203,0.6404565630944832,-17.244638896026288,0.7521378060502604,0.775962952303932,-2.361159425706374,-0.9620546007121724,-3.0995616515397466,-1.264955518395612,-2.7528793714646214,-0.5498977037176498,-20.388126646741576,-14.154204988599895,two_sided,,
2e moitié,,0.48/S+30,7603,4222,845,0.722083388136262,0.9557377049180328,0.04426229508196721,46.0,64.0,7603,-2.13336840720768,-2.9544626593806904,0.3494400000000001,-16220.0,0.45045537340619307,0.6360624704212021,-18.560709701500905,0.7115272855828623,0.7320183083181402,-2.7368235037888926,-1.513750295316859,-3.8022118226001935,-2.089733783286956,-3.2658398215953794,-1.178830012083293,-21.46983726634175,-15.757431734236652,two_sided,,
1re moitié,,,38369,960,36651,0.26226901926034035,0.9876776309251715,0.01232236907482858,7.0,12.0,38369,-0.6185722849175115,-2.358541190499851,0.29135876776309255,-23734.0,0.43525787538507404,0.38917543983607716,4.608243554899688,0.25504777987496124,0.26951268200025436,-0.9024681661931229,-0.3576327056274789,-3.448873842975349,-1.3519305828607615,,,2.184623451619417,6.907845825636923,fair_value,ewma1s,15m
1re moitié,,,38457,959,35035,0.3057180747328185,0.9858807518924896,0.01411924810751042,7.0,12.0,38457,-1.0212965129885325,-3.3406481245215613,0.2859403725440164,-39276.0,0.4102236965212214,0.5075280898876404,-9.730439336641899,0.2972374793102236,0.31418764732827487,-1.287327075088987,-0.7669785950800588,-4.2146496540437415,-2.4989373976218237,,,-12.335336478717046,-7.188215093506256,fair_value,timesfm_S,15m
1re moitié,,,39709,958,35575,0.32126218237679116,0.9863604295680802,0.013639570431919731,7.0,12.0,39709,-1.1071797325543327,-3.4463431841342014,0.28448962451987153,-43965.0,0.40495414282354786,0.5292371623627189,-12.428301953917103,0.3129750537119874,0.32952404678419894,-1.3718493575384432,-0.8395027114573852,-4.277770120426019,-2.6114529482999567,,,-14.982302193963926,-9.868116629689512,fair_value,ewma_S,15m
1re moitié,,,27609,2840,48145,0.30022818646093663,0.9570515140547714,0.04294848594522862,7.0,10.0,27609,-0.8518961208301642,-2.837495475931958,0.25400178549885394,-23520.0,0.30811919411267946,0.43856107660455484,-13.044188249187538,0.2919133732814686,0.3085702807643614,-1.2143970387159657,-0.4979242212749752,-4.047259821067909,-1.6514212328827667,,,-14.780121338029238,-11.321694465692389,fair_value,ewma1s,5m
1re moitié,,,26906,2849,49972,0.3094848732624693,0.9612105199951964,0.03878948000480365,6.0,10.0,26906,-0.9268564632423995,-2.9948360754173176,0.25699991833793684,-24938.0,0.38837516512549536,0.6036385166047689,-21.52633514792735,0.3002187949577614,0.31843296132143944,-1.2930056470300706,-0.6084864841724507,-4.169821757895453,-1.968282149290116,,,-23.38290465018884,-19.77749937643519,fair_value,timesfm_S,5m
1re moitié,,,27181,2850,50916,0.3082300136124499,0.9607304846025304,0.03926951539746956,6.0,10.0,27181,-1.042971193112836,-3.383743136786823,0.2594971854857962,-28349.0,0.4060634996419193,0.6421315747487103,-23.6068075106791,0.29927410652114494,0.3174080849386503,-1.4156183506577968,-0.6993269678751222,-4.57480306835025,-2.284995844290949,,,-25.327406246655254,-21.881918272919524,fair_value,ewma_S,5m
1re moitié,,,65978,3800,84796,0.2781533238352178,0.97384481255449,0.026155187445510025,7.0,11.0,65978,-0.7162084331140683,-2.5748692240627724,0.2744858369659983,-47254.0,0.3778334786399303,0.4092092554487045,-3.1375776808774236,0.27201743565171266,0.2843537342376572,-0.9372749920650356,-0.48812503441850896,-3.387293126341017,-1.7591941059626468,-1.1151102727212714,-0.3475906116996946,-4.7984410209641375,-1.5855197111123343,fair_value,ewma1s,toutes
1re moitié,,,65363,3808,85007,0.3072686382203999,0.9756522605058753,0.024347739494124675,7.0,11.0,65363,-0.9824212474947602,-3.1972714598685523,0.2739414100776738,-64214.0,0.4011651065524796,0.5469643764217408,-14.579926986926118,0.30027978445015036,0.3142157271638079,-1.20795327091052,-0.7726990947240395,-3.9338729117266094,-2.510554127165471,-1.3644341618147813,-0.6614796093834198,-16.42765866959766,-12.79560585129996,fair_value,timesfm_S,toutes
1re moitié,,,66890,3808,86491,0.315966512184183,0.9762006150934469,0.02379938490655311,7.0,11.0,66890,-1.081088354014053,-3.4215282706411165,0.27458251999053707,-72314.0,0.4053938963804116,0.575631078570648,-17.023718219023635,0.30908601154164317,0.32300419403580033,-1.3064438149576587,-0.8524875950783175,-4.120890771426614,-2.706521473097602,-1.474378827338299,-0.7069933538611463,-18.76140032243355,-15.234309000143348,fair_value,ewma_S,toutes
2e moitié,,,46526,1056,45041,0.2569745948501913,0.9836065573770492,0.01639344262295082,7.0,11.0,46526,-0.7248420238146412,-2.82067581130813,0.291518056206089,-33724.0,0.43208430913348944,0.37541220711599654,5.66721020174929,0.24995816086044056,0.26355701751966726,-0.9341007207396038,-0.5153683137842348,-3.654902809836873,-2.002707612371971,,,3.646821027458246,7.690638610323384,fair_value,ewma1s,15m
2e moitié,,,49987,1056,44003,0.31282133354672215,0.9823495555413443,0.017650444458655754,7.0,11.0,49987,-0.7316302238582032,-2.3388117925433263,0.28272516978960166,-36572.0,0.4105007354351858,0.5360116448326055,-12.551090939741977,0.30550317362248625,0.3196227620099091,-0.9841565801902659,-0.4816487292254356,-3.1395575908215982,-1.5417198952172433,,,-14.938738917328353,-10.295588641996662,fair_value,timesfm_S,15m
2e moitié,,,50868,1056,44374,0.3233467012660219,0.9840710116731517,0.015928988326848248,7.0,11.0,50868,-1.013466226311237,-3.134302042801556,0.28192284654669264,-51553.0,0.4008390077821012,0.571382916908774,-17.054390912667277,0.31618179783837225,0.33050072717860757,-1.2519179661210467,-0.7716323640507351,-3.873885904647364,-2.3851848278786805,,,-19.259101473402495,-14.932981034320244,fair_value,ewma_S,15m
2e moitié,,,29048,3143,57098,0.3574084274304599,0.9495280292814486,0.05047197071855134,6.0,9.0,29048,-0.8649132470393832,-2.4199576189558853,0.25052828742053557,-25124.0,0.30716624927759584,0.39729990356798456,-9.013365429038872,0.3470953114133336,0.3672330347847138,-1.2429743371276658,-0.4850745009704125,-3.477568626913842,-1.3647867495175396,,,-10.437460074444408,-7.597329340387277,fair_value,ewma1s,5m
2e moitié,,,29949,3154,61448,0.3409796654312331,0.9564238151194673,0.043576184880532706,6.0,10.0,29949,-0.9818691776019233,-2.8795534665099884,0.25990583235409326,-29406.0,0.42342342342342343,0.6780665754673962,-25.46431520439728,0.3300703190590829,0.35148365985636265,-1.356589175378809,-0.6355232387113183,-3.9792004544829056,-1.8682604519518657,,,-27.05070585784305,-23.89968600785949,fair_value,timesfm_S,5m
2e moitié,,,29698,3153,61756,0.3472287696141154,0.958688906128782,0.041311093871218,6.0,10.0,29698,-0.8581049228904304,-2.471295577967417,0.259952738557021,-25484.0,0.43376648564778897,0.687867533271433,-25.410104762364405,0.3370232360265927,0.35774648496079925,-1.2317301729349799,-0.48108679524392584,-3.537740455365296,-1.3908808339509435,,,-26.995640111543388,-23.866611839005632,fair_value,ewma_S,5m
2e moitié,,,75574,4199,102139,0.29557784423214334,0.967767929089444,0.032232070910556,7.0,10.0,75574,-0.7786804985841692,-2.634434595756111,0.27246730056406127,-58848.0,0.37402632285791027,0.3830866331054174,-0.9060310247507142,0.2885285183749766,0.30200071151032337,-0.9810971704581045,-0.587403572225042,-3.3170172654464722,-1.9895152002683147,-1.1361068873158031,-0.4460142695984296,-2.256196229807317,0.4361326320773808,fair_value,ewma1s,toutes
2e moitié,,,79936,4210,105451,0.32337119695756605,0.9721072381910325,0.027892761808967464,6.0,10.0,79936,-0.8253853082465972,-2.552439165925181,0.27371007930674307,-65978.0,0.41560601957522536,0.5878492059089985,-17.22431863337731,0.3160290957413705,0.33043330113225466,-1.0310630939303909,-0.6129509370044631,-3.188161016156517,-1.8988013969891209,-1.2361613793985156,-0.48110953694716313,-18.9597094453932,-15.571934979492468,fair_value,timesfm_S,toutes
2e moitié,,,80566,4209,106130,0.3321500384777698,0.9742899850523169,0.02571001494768311,6.0,10.0,80566,-0.9561974033711493,-2.878811659192825,0.27345663751868465,-77037.0,0.41352765321375184,0.613351670817381,-19.98240176036291,0.3248250913468936,0.33919271688093705,-1.1693434045545246,-0.7541966190609771,-3.492560670342069,-2.274178648219002,-1.3249390076892988,-0.6383500949536545,-21.569998000688624,-18.454202432105852,fair_value,ewma_S,toutes
