duree,instant,sigma,n,brier,logloss,auc,accuracy,pente_calibration
5m,S-45,park,3168,0.249519,0.692185,0.532738,0.51673,1.43535
5m,S-45,ewma,3168,0.249549,0.692246,0.532556,0.51673,1.46324
5m,S-45,tfm,3168,0.249606,0.692358,0.532237,0.51673,1.83133
5m,S-45,park_k,3168,0.249622,0.692391,0.532738,0.51673,2.16351
5m,S-45,ewma_k,3168,0.24963,0.692408,0.532556,0.51673,2.05436
5m,S-45,tfm_k,3168,0.249661,0.692468,0.532237,0.51673,2.29052
5m,S-45,corr,3168,0.249456,0.69206,0.536626,0.525253,1.54526
5m,S-30,park,3168,0.248767,0.690814,0.540805,0.527462,0.780998
5m,S-30,ewma,3168,0.24881,0.690837,0.540376,0.527462,0.803498
5m,S-30,tfm,3168,0.248709,0.690604,0.541135,0.527462,1.03354
5m,S-30,park_k,3168,0.24876,0.690696,0.540805,0.527462,1.17737
5m,S-30,ewma_k,3168,0.248787,0.690739,0.540376,0.527462,1.12823
5m,S-30,tfm_k,3168,0.248787,0.690737,0.541135,0.527462,1.29296
5m,S-30,corr,3168,0.248619,0.690417,0.542513,0.530934,0.975042
5m,S-20,park,3168,0.247667,0.689094,0.560227,0.54577,0.708669
5m,S-20,ewma,3168,0.247752,0.688856,0.559677,0.54577,0.741105
5m,S-20,tfm,3168,0.247526,0.688292,0.560856,0.54577,0.948072
5m,S-20,park_k,3168,0.247502,0.688286,0.560227,0.54577,1.07408
5m,S-20,ewma_k,3168,0.247552,0.688285,0.559677,0.54577,1.04321
5m,S-20,tfm_k,3168,0.247606,0.688388,0.560856,0.54577,1.1883
5m,S-20,corr,3168,0.247413,0.688057,0.561317,0.547348,0.908869
5m,S-10,park,3168,0.246065,0.685362,0.57559,0.558712,0.70166
5m,S-10,ewma,3168,0.245854,0.684695,0.575525,0.558712,0.741385
5m,S-10,tfm,3168,0.245563,0.684078,0.574908,0.558712,0.925165
5m,S-10,park_k,3168,0.245463,0.683896,0.57559,0.558712,1.06504
5m,S-10,ewma_k,3168,0.245354,0.683654,0.575525,0.558712,1.04437
5m,S-10,tfm_k,3168,0.245611,0.684193,0.574908,0.558712,1.16091
5m,S-10,corr,3168,0.245222,0.683383,0.57693,0.559028,0.934303
5m,S-5,park,3168,0.245967,0.68509,0.580996,0.57197,0.652453
5m,S-5,ewma,3168,0.245758,0.68455,0.581259,0.57197,0.678985
5m,S-5,tfm,3168,0.245105,0.683113,0.580644,0.57197,0.849162
5m,S-5,park_k,3168,0.24479,0.682414,0.580996,0.57197,0.988674
5m,S-5,ewma_k,3168,0.244754,0.682381,0.581259,0.57197,0.956646
5m,S-5,tfm_k,3168,0.244975,0.682858,0.580644,0.57197,1.06558
5m,S-5,corr,3168,0.244723,0.682309,0.582298,0.570707,0.862599
5m,S-2,park,3168,0.244611,0.682908,0.594731,0.577967,0.666761
5m,S-2,ewma,3168,0.244322,0.682189,0.595089,0.577967,0.693584
5m,S-2,tfm,3168,0.24387,0.681051,0.594583,0.577967,0.857775
5m,S-2,park_k,3168,0.24354,0.679982,0.594731,0.577967,1.01109
5m,S-2,ewma_k,3168,0.243409,0.679818,0.595089,0.577967,0.979801
5m,S-2,tfm_k,3168,0.24384,0.680774,0.594583,0.577967,1.07869
5m,S-2,corr,3168,0.24337,0.679779,0.595516,0.577336,0.883151
5m,S,park,3168,0.243289,0.680302,0.602527,0.581124,0.690361
5m,S,ewma,3168,0.243164,0.679954,0.602566,0.581124,0.703421
5m,S,tfm,3168,0.242673,0.678632,0.602692,0.581124,0.879528
5m,S,park_k,3168,0.242362,0.67758,0.602527,0.581124,1.05376
5m,S,ewma_k,3168,0.242261,0.677449,0.602566,0.581124,0.995255
5m,S,tfm_k,3168,0.242721,0.678475,0.602692,0.581124,1.10906
5m,S,corr,3168,0.242251,0.677481,0.602634,0.578914,0.899025
5m,S+2,park,3168,0.241768,0.67786,0.611807,0.582702,0.685674
5m,S+2,ewma,3168,0.241558,0.676791,0.6117,0.582702,0.709333
5m,S+2,tfm,3168,0.241132,0.675722,0.611348,0.582702,0.875545
5m,S+2,park_k,3168,0.240789,0.674478,0.611807,0.582702,1.04802
5m,S+2,ewma_k,3168,0.240554,0.673906,0.6117,0.582702,1.0034
5m,S+2,tfm_k,3168,0.241205,0.675481,0.611348,0.582702,1.10032
5m,S+2,corr,3168,0.240572,0.67399,0.611443,0.57702,0.916262
5m,S+5,park,3168,0.241217,0.677071,0.616186,0.58428,0.65874
5m,S+5,ewma,3168,0.240923,0.67558,0.616473,0.58428,0.685825
5m,S+5,tfm,3168,0.240323,0.674019,0.615502,0.58428,0.848929
5m,S+5,park_k,3168,0.239776,0.672367,0.616186,0.58428,1.01108
5m,S+5,ewma_k,3168,0.239515,0.671696,0.616473,0.58428,0.972847
5m,S+5,tfm_k,3168,0.240262,0.673486,0.615502,0.58428,1.06706
5m,S+5,corr,3168,0.239538,0.671803,0.616484,0.578914,0.900041
5m,S+10,park,3168,0.236807,0.667616,0.63861,0.602273,0.705109
5m,S+10,ewma,3168,0.236571,0.666641,0.639135,0.602273,0.725309
5m,S+10,tfm,3168,0.236037,0.664887,0.638432,0.602273,0.908855
5m,S+10,park_k,3168,0.235652,0.663485,0.63861,0.602273,1.07933
5m,S+10,ewma_k,3168,0.235383,0.663006,0.639135,0.602273,1.03044
5m,S+10,tfm_k,3168,0.236252,0.664993,0.638432,0.602273,1.14528
5m,S+10,corr,3168,0.235398,0.663046,0.638467,0.599432,0.964132
5m,S+30,park,3168,0.222869,0.639541,0.694289,0.650253,0.752908
5m,S+30,ewma,3168,0.222397,0.63641,0.695172,0.650253,0.781593
5m,S+30,tfm,3168,0.222343,0.636476,0.694324,0.650253,0.977914
5m,S+30,park_k,3168,0.22257,0.636006,0.694289,0.650253,1.15764
5m,S+30,ewma_k,3168,0.221718,0.633336,0.695172,0.650253,1.11714
5m,S+30,tfm_k,3168,0.22338,0.637974,0.694324,0.650253,1.23781
5m,S+30,corr,3168,0.22164,0.633115,0.694794,0.647096,1.06977
5m,S+60,park,3168,0.206222,0.605316,0.745136,0.679924,0.740968
5m,S+60,ewma,3168,0.20579,0.602362,0.74596,0.679924,0.753498
5m,S+60,tfm,3168,0.205108,0.599036,0.745641,0.679924,0.965021
5m,S+60,park_k,3168,0.20603,0.598679,0.745136,0.679924,1.1576
5m,S+60,ewma_k,3168,0.204871,0.595769,0.74596,0.679924,1.09005
5m,S+60,tfm_k,3168,0.206583,0.600913,0.745641,0.679924,1.22854
5m,S+60,corr,3168,0.204675,0.595336,0.746223,0.681818,1.05987
5m,S+120,park,3168,0.171354,0.533739,0.825642,0.744003,0.715745
5m,S+120,ewma,3168,0.170975,0.526547,0.826787,0.744003,0.729044
5m,S+120,tfm,3168,0.17032,0.517353,0.826812,0.744003,0.967295
5m,S+120,park_k,3168,0.172342,0.521894,0.825642,0.744003,1.13123
5m,S+120,ewma_k,3168,0.170551,0.514511,0.826787,0.744003,1.07063
5m,S+120,tfm_k,3168,0.172573,0.521117,0.826812,0.744003,1.23436
5m,S+120,corr,3168,0.170076,0.513592,0.827482,0.746528,1.04843
5m,E-90,park,3168,0.0933487,0.31335,0.943902,0.873737,0.813354
5m,E-90,ewma,3168,0.0929933,0.308953,0.94508,0.873737,0.795887
5m,E-90,tfm,3168,0.0942725,0.305061,0.944474,0.873737,1.09212
5m,E-90,park_k,3168,0.0964609,0.313076,0.943902,0.873737,1.28467
5m,E-90,ewma_k,3168,0.0942094,0.304568,0.94508,0.873737,1.15863
5m,E-90,tfm_k,3168,0.0972617,0.314654,0.944474,0.873737,1.40521
5m,E-90,corr,3168,0.0937209,0.303035,0.945164,0.873422,1.10617
5m,E-60,park,3168,0.0566343,0.190508,0.978751,0.920139,0.91891
5m,E-60,ewma,3168,0.0567007,0.188986,0.979031,0.920139,0.885558
5m,E-60,tfm,3168,0.0574279,0.189046,0.979222,0.920139,1.22055
5m,E-60,park_k,3168,0.0594355,0.198573,0.978751,0.920139,1.42537
5m,E-60,ewma_k,3168,0.0580446,0.190959,0.979031,0.920139,1.2681
5m,E-60,tfm_k,3168,0.0599931,0.200045,0.979222,0.920139,1.56927
5m,E-60,corr,3168,0.0570845,0.187089,0.979278,0.918876,1.15732
5m,E-30,park,3168,0.0202926,0.0668813,0.997312,0.970328,1.02539
5m,E-30,ewma,3168,0.0204567,0.0664491,0.997365,0.970328,0.988434
5m,E-30,tfm,3168,0.0206269,0.0677588,0.99736,0.970328,1.29548
5m,E-30,park_k,3168,0.0211933,0.0716641,0.997312,0.970328,1.50532
5m,E-30,ewma_k,3168,0.0207389,0.0680863,0.997365,0.970328,1.3394
5m,E-30,tfm_k,3168,0.0215438,0.0729,0.99736,0.970328,1.64312
5m,E-30,corr,3168,0.0196508,0.0649494,0.997609,0.974432,1.33198
5m,E-10,park,3168,0.0167476,0.081131,0.998835,0.979482,0.675071
5m,E-10,ewma,3168,0.0167066,0.0828311,0.99888,0.979482,0.669254
5m,E-10,tfm,3168,0.0159013,0.0685179,0.998886,0.979482,0.71771
5m,E-10,park_k,3168,0.0157991,0.062208,0.998835,0.979482,0.748582
5m,E-10,ewma_k,3168,0.0159862,0.0675235,0.99888,0.979482,0.72159
5m,E-10,tfm_k,3168,0.0153374,0.0585489,0.998886,0.979482,0.766929
5m,E-10,corr,3168,0.0122341,0.0395008,0.999063,0.98327,1.1196
15m,S-45,park,1056,0.249637,0.692419,0.535893,0.525568,2.61503
15m,S-45,ewma,1056,0.249561,0.692268,0.536599,0.525568,3.49858
15m,S-45,tfm,1056,0.249589,0.692324,0.537464,0.525568,4.31623
15m,S-45,park_k,1056,0.249738,0.692623,0.535893,0.525568,3.93729
15m,S-45,ewma_k,1056,0.249671,0.692488,0.536599,0.525568,4.90762
15m,S-45,tfm_k,1056,0.249662,0.692471,0.537464,0.525568,5.38663
15m,S-45,corr,1056,0.249641,0.692428,0.533981,0.526515,2.74658
15m,S-30,park,1056,0.249653,0.692502,0.524739,0.523674,0.800591
15m,S-30,ewma,1056,0.249346,0.691869,0.528499,0.523674,1.122
15m,S-30,tfm,1056,0.249547,0.692266,0.527753,0.523674,1.13452
15m,S-30,park_k,1056,0.249655,0.69247,0.524739,0.523674,1.21111
15m,S-30,ewma_k,1056,0.249431,0.692019,0.528499,0.523674,1.58313
15m,S-30,tfm_k,1056,0.249584,0.692327,0.527753,0.523674,1.42074
15m,S-30,corr,1056,0.249384,0.691932,0.525091,0.515152,1.27063
15m,S-20,park,1056,0.249802,0.692867,0.528596,0.520833,0.551725
15m,S-20,ewma,1056,0.249388,0.691994,0.531878,0.520833,0.73869
15m,S-20,tfm,1056,0.249519,0.692236,0.532714,0.520833,0.79804
15m,S-20,park_k,1056,0.249613,0.692402,0.528596,0.520833,0.831634
15m,S-20,ewma_k,1056,0.249333,0.691834,0.531878,0.520833,1.03806
15m,S-20,tfm_k,1056,0.249501,0.692174,0.532714,0.520833,1.00105
15m,S-20,corr,1056,0.249315,0.691813,0.532183,0.523674,0.900932
15m,S-10,park,1056,0.249298,0.691785,0.538418,0.538826,0.629093
15m,S-10,ewma,1056,0.249,0.691172,0.540284,0.538826,0.70065
15m,S-10,tfm,1056,0.249007,0.691168,0.54127,0.538826,0.823204
15m,S-10,park_k,1056,0.249004,0.691153,0.538418,0.538826,0.944235
15m,S-10,ewma_k,1056,0.248815,0.690775,0.540284,0.538826,0.981025
15m,S-10,tfm_k,1056,0.248972,0.69109,0.54127,0.538826,1.03732
15m,S-10,corr,1056,0.248791,0.690729,0.539423,0.534091,0.885632
15m,S-5,park,1056,0.248839,0.690868,0.543828,0.541667,0.656538
15m,S-5,ewma,1056,0.248607,0.690392,0.544693,0.541667,0.701251
15m,S-5,tfm,1056,0.248529,0.690167,0.544147,0.541667,0.847708
15m,S-5,park_k,1056,0.248504,0.690141,0.543828,0.541667,0.987317
15m,S-5,ewma_k,1056,0.248363,0.689862,0.544693,0.541667,0.98382
15m,S-5,tfm_k,1056,0.248493,0.690103,0.544147,0.541667,1.05828
15m,S-5,corr,1056,0.248345,0.689832,0.544051,0.539773,0.892411
15m,S-2,park,1056,0.248716,0.690661,0.546347,0.548295,0.645645
15m,S-2,ewma,1056,0.248415,0.690035,0.547017,0.548295,0.692579
15m,S-2,tfm,1056,0.24819,0.689451,0.545654,0.548295,0.874026
15m,S-2,park_k,1056,0.248302,0.689741,0.546347,0.548295,0.971044
15m,S-2,ewma_k,1056,0.248112,0.689365,0.547017,0.548295,0.972134
15m,S-2,tfm_k,1056,0.24816,0.689413,0.545654,0.548295,1.08106
15m,S-2,corr,1056,0.248097,0.689344,0.547086,0.545455,0.882553
15m,S,park,1056,0.2482,0.689483,0.549758,0.553977,0.691202
15m,S,ewma,1056,0.247957,0.689045,0.550415,0.553977,0.717122
15m,S,tfm,1056,0.247709,0.688443,0.550569,0.553977,0.905138
15m,S,park_k,1056,0.247799,0.688669,0.549758,0.553977,1.04044
15m,S,ewma_k,1056,0.247629,0.68835,0.550415,0.553977,1.00712
15m,S,tfm_k,1056,0.247703,0.68847,0.550569,0.553977,1.13281
15m,S,corr,1056,0.247626,0.688353,0.550203,0.550189,0.919564
15m,S+2,park,1056,0.246555,0.686127,0.562548,0.552083,0.79167
15m,S+2,ewma,1056,0.246221,0.6855,0.563365,0.552083,0.818482
15m,S+2,tfm,1056,0.245892,0.684732,0.564348,0.552083,1.06886
15m,S+2,park_k,1056,0.246427,0.685866,0.562548,0.552083,1.19475
15m,S+2,ewma_k,1056,0.246123,0.685277,0.563365,0.552083,1.15094
15m,S+2,tfm_k,1056,0.246111,0.68523,0.564348,0.552083,1.33746
15m,S+2,corr,1056,0.24613,0.6853,0.562723,0.550189,1.05624
15m,S+5,park,1056,0.246899,0.686917,0.563782,0.550189,0.712463
15m,S+5,ewma,1056,0.246426,0.685928,0.564718,0.550189,0.754373
15m,S+5,tfm,1056,0.245959,0.684894,0.565862,0.550189,0.965839
15m,S+5,park_k,1056,0.246414,0.685846,0.563782,0.550189,1.07229
15m,S+5,ewma_k,1056,0.246069,0.685155,0.564718,0.550189,1.05801
15m,S+5,tfm_k,1056,0.246059,0.685134,0.565862,0.550189,1.20911
15m,S+5,corr,1056,0.246078,0.68518,0.563828,0.548295,0.987526
15m,S+10,park,1056,0.243121,0.67891,0.591692,0.572917,0.892763
15m,S+10,ewma,1056,0.242987,0.678943,0.592133,0.572917,0.906274
15m,S+10,tfm,1056,0.242356,0.677396,0.595115,0.572917,1.21323
15m,S+10,park_k,1056,0.24342,0.679651,0.591692,0.572917,1.34861
15m,S+10,ewma_k,1056,0.243247,0.679433,0.592133,0.572917,1.27781
15m,S+10,tfm_k,1056,0.242951,0.678742,0.595115,0.572917,1.51757
15m,S+10,corr,1056,0.243229,0.679395,0.591183,0.573864,1.2045
15m,S+30,park,1056,0.238163,0.670596,0.62836,0.605114,0.851419
15m,S+30,ewma,1056,0.237112,0.666969,0.629005,0.605114,0.927692
15m,S+30,tfm,1056,0.237382,0.667972,0.629264,0.605114,1.11794
15m,S+30,park_k,1056,0.238881,0.670881,0.62836,0.605114,1.3001
15m,S+30,ewma_k,1056,0.23775,0.668152,0.629005,0.605114,1.3102
15m,S+30,tfm_k,1056,0.238283,0.669574,0.629264,0.605114,1.40681
15m,S+30,corr,1056,0.237721,0.668098,0.628083,0.600379,1.2657
15m,S+60,park,1056,0.237862,0.668076,0.628083,0.577652,0.720192
15m,S+60,ewma,1056,0.236996,0.665822,0.629493,0.577652,0.740565
15m,S+60,tfm,1056,0.236015,0.663823,0.629325,0.577652,0.896909
15m,S+60,park_k,1056,0.236362,0.664657,0.628083,0.577652,1.09403
15m,S+60,ewma_k,1056,0.235518,0.662751,0.629493,0.577652,1.04637
15m,S+60,tfm_k,1056,0.235973,0.663851,0.629325,0.577652,1.12878
15m,S+60,corr,1056,0.235498,0.662678,0.629913,0.583333,1.03008
15m,S+120,park,1056,0.22783,0.650359,0.676916,0.623106,0.689211
15m,S+120,ewma,1056,0.227522,0.64813,0.677167,0.623106,0.699633
15m,S+120,tfm,1056,0.22566,0.644435,0.679714,0.623106,0.838153
15m,S+120,park_k,1056,0.22604,0.642867,0.676916,0.623106,1.06482
15m,S+120,ewma_k,1056,0.225335,0.640953,0.677167,0.623106,1.00289
15m,S+120,tfm_k,1056,0.225709,0.642909,0.679714,0.623106,1.06448
15m,S+120,corr,1056,0.225292,0.640854,0.677002,0.621212,0.992323
15m,E-90,park,1056,0.0616266,0.207239,0.976466,0.912879,0.764733
15m,E-90,ewma,1056,0.0617947,0.205768,0.976818,0.912879,0.74488
15m,E-90,tfm,1056,0.0619718,0.204424,0.97501,0.912879,0.936224
15m,E-90,park_k,1056,0.0613223,0.199305,0.976466,0.912879,1.15486
15m,E-90,ewma_k,1056,0.0605843,0.196685,0.976818,0.912879,1.01469
15m,E-90,tfm_k,1056,0.0628288,0.207115,0.97501,0.912879,1.18227
15m,E-90,corr,1056,0.0607516,0.196875,0.976664,0.910038,0.977722
15m,E-60,park,1056,0.037276,0.128824,0.990805,0.938447,0.849709
15m,E-60,ewma,1056,0.0382695,0.129584,0.990748,0.938447,0.822483
15m,E-60,tfm,1056,0.0383028,0.12842,0.99002,0.938447,1.04058
15m,E-60,park_k,1056,0.0379741,0.127015,0.990805,0.938447,1.25308
15m,E-60,ewma_k,1056,0.0380665,0.125449,0.990748,0.938447,1.0968
15m,E-60,tfm_k,1056,0.0393092,0.133262,0.99002,0.938447,1.29413
15m,E-60,corr,1056,0.0378287,0.124263,0.990816,0.938447,1.0239
15m,E-30,park,1056,0.0151066,0.0475875,0.998823,0.97822,0.924668
15m,E-30,ewma,1056,0.0153882,0.0489857,0.998798,0.97822,0.900379
15m,E-30,tfm,1056,0.0145485,0.0458252,0.998784,0.97822,1.06576
15m,E-30,park_k,1056,0.0144416,0.0458627,0.998823,0.97822,1.21857
15m,E-30,ewma_k,1056,0.0146551,0.0457589,0.998798,0.97822,1.10229
15m,E-30,tfm_k,1056,0.0144549,0.0466589,0.998784,0.97822,1.28046
15m,E-30,corr,1056,0.0146251,0.0453531,0.998784,0.97822,1.08755
15m,E-10,park,1056,0.0124446,0.0648603,0.998509,0.984848,0.724267
15m,E-10,ewma,1056,0.0124583,0.0657154,0.997596,0.984848,0.720478
15m,E-10,tfm,1056,0.0120172,0.0585613,0.999376,0.984848,0.750541
15m,E-10,park_k,1056,0.0117742,0.0517216,0.999419,0.984848,0.785205
15m,E-10,ewma_k,1056,0.0119617,0.0553571,0.999426,0.984848,0.767225
15m,E-10,tfm_k,1056,0.0116314,0.0513839,0.999376,0.984848,0.788452
15m,E-10,corr,1056,0.00916457,0.0307282,0.999555,0.985795,1.01304
tous,S-45,park,4224,0.249548,0.692244,0.532966,0.518939,1.56138
tous,S-45,ewma,4224,0.249552,0.692251,0.533221,0.518939,1.65446
tous,S-45,tfm,4224,0.249602,0.69235,0.533147,0.518939,2.1096
tous,S-45,park_k,4224,0.249651,0.692449,0.532966,0.518939,2.33512
tous,S-45,ewma_k,4224,0.24964,0.692428,0.533221,0.518939,2.3183
tous,S-45,tfm_k,4224,0.249661,0.692469,0.533147,0.518939,2.64299
tous,S-45,corr,4224,0.249503,0.692152,0.535822,0.525568,1.66353
tous,S-30,park,4224,0.248988,0.691236,0.536918,0.526515,0.782831
tous,S-30,ewma,4224,0.248944,0.691095,0.537527,0.526515,0.83019
tous,S-30,tfm,4224,0.248918,0.69102,0.537971,0.526515,1.04022
tous,S-30,park_k,4224,0.248984,0.69114,0.536918,0.526515,1.17821
tous,S-30,ewma_k,4224,0.248948,0.691059,0.537527,0.526515,1.16449
tous,S-30,tfm_k,4224,0.248986,0.691134,0.537971,0.526515,1.32142
tous,S-30,corr,4224,0.24881,0.690796,0.538537,0.526989,0.997475
tous,S-20,park,4224,0.248201,0.690037,0.553268,0.539536,0.694372
tous,S-20,ewma,4224,0.248161,0.689641,0.553703,0.539536,0.73457
tous,S-20,tfm,4224,0.248024,0.689278,0.554718,0.539536,0.934724
tous,S-20,park_k,4224,0.24803,0.689315,0.553268,0.539536,1.05381
tous,S-20,ewma_k,4224,0.247997,0.689172,0.553703,0.539536,1.04251
tous,S-20,tfm_k,4224,0.24808,0.689334,0.554718,0.539536,1.17213
tous,S-20,corr,4224,0.247888,0.688996,0.555037,0.54143,0.914002
tous,S-10,park,4224,0.246873,0.686968,0.567295,0.553741,0.69697
tous,S-10,ewma,4224,0.24664,0.686314,0.567635,0.553741,0.738942
tous,S-10,tfm,4224,0.246424,0.685851,0.567133,0.553741,0.917298
tous,S-10,park_k,4224,0.246348,0.68571,0.567295,0.553741,1.05441
tous,S-10,ewma_k,4224,0.24622,0.685434,0.567635,0.553741,1.0351
tous,S-10,tfm_k,4224,0.246451,0.685917,0.567133,0.553741,1.14886
tous,S-10,corr,4224,0.246114,0.68522,0.568646,0.552794,0.931337
tous,S-5,park,4224,0.246685,0.686534,0.573129,0.564394,0.652521
tous,S-5,ewma,4224,0.24647,0.68601,0.573506,0.564394,0.681086
tous,S-5,tfm,4224,0.245961,0.684876,0.572881,0.564394,0.850916
tous,S-5,park_k,4224,0.245719,0.684346,0.573129,0.564394,0.990679
tous,S-5,ewma_k,4224,0.245656,0.684251,0.573506,0.564394,0.960553
tous,S-5,tfm_k,4224,0.245855,0.684669,0.572881,0.564394,1.06494
tous,S-5,corr,4224,0.245629,0.68419,0.574284,0.562973,0.866591
tous,S-2,park,4224,0.245637,0.684846,0.584516,0.570549,0.662965
tous,S-2,ewma,4224,0.245345,0.68415,0.585055,0.570549,0.693369
tous,S-2,tfm,4224,0.24495,0.683151,0.584369,0.570549,0.859119
tous,S-2,park_k,4224,0.24473,0.682422,0.584516,0.570549,1.00833
tous,S-2,ewma_k,4224,0.244585,0.682204,0.585055,0.570549,0.979791
tous,S-2,tfm_k,4224,0.24492,0.682934,0.584369,0.570549,1.08099
tous,S-2,corr,4224,0.244552,0.68217,0.585445,0.569366,0.883819
tous,S,park,4224,0.244517,0.682598,0.591377,0.574337,0.689401
tous,S,ewma,4224,0.244363,0.682226,0.591693,0.574337,0.704066
tous,S,tfm,4224,0.243932,0.681085,0.59172,0.574337,0.88187
tous,S,park_k,4224,0.243722,0.680352,0.591377,0.574337,1.0491
tous,S,ewma_k,4224,0.243603,0.680174,0.591693,0.574337,0.996336
tous,S,tfm_k,4224,0.243967,0.680973,0.59172,0.574337,1.10929
tous,S,corr,4224,0.243595,0.680199,0.591767,0.571733,0.900843
tous,S+2,park,4224,0.242965,0.679927,0.601391,0.575047,0.695786
tous,S+2,ewma,4224,0.242724,0.678968,0.601642,0.575047,0.718721
tous,S+2,tfm,4224,0.242322,0.677975,0.601594,0.575047,0.895127
tous,S+2,park_k,4224,0.242198,0.677325,0.601391,0.575047,1.06192
tous,S+2,ewma_k,4224,0.241946,0.676749,0.601642,0.575047,1.01813
tous,S+2,tfm_k,4224,0.242432,0.677918,0.601594,0.575047,1.13038
tous,S+2,corr,4224,0.241962,0.676817,0.601332,0.570312,0.929827
tous,S+5,park,4224,0.242638,0.679532,0.604764,0.575758,0.664656
tous,S+5,ewma,4224,0.242299,0.678167,0.605301,0.575758,0.693857
tous,S+5,tfm,4224,0.241732,0.676738,0.604889,0.575758,0.860786
tous,S+5,park_k,4224,0.241435,0.675736,0.604764,0.575758,1.01525
tous,S+5,ewma_k,4224,0.241154,0.675061,0.605301,0.575758,0.981302
tous,S+5,tfm_k,4224,0.241711,0.676398,0.604889,0.575758,1.08589
tous,S+5,corr,4224,0.241173,0.675147,0.605224,0.571259,0.908481
tous,S+10,park,4224,0.238386,0.67044,0.628256,0.594934,0.724464
tous,S+10,ewma,4224,0.238175,0.669717,0.628814,0.594934,0.743884
tous,S+10,tfm,4224,0.237617,0.668014,0.628992,0.594934,0.940313
tous,S+10,park_k,4224,0.237594,0.667527,0.628256,0.594934,1.10651
tous,S+10,ewma_k,4224,0.237349,0.667112,0.628814,0.594934,1.05501
tous,S+10,tfm_k,4224,0.237927,0.66843,0.628992,0.594934,1.18411
tous,S+10,corr,4224,0.237356,0.667133,0.62818,0.59304,0.987481
tous,S+30,park,4224,0.226692,0.647305,0.679648,0.638968,0.763731
tous,S+30,ewma,4224,0.226076,0.64405,0.68073,0.638968,0.797219
tous,S+30,tfm,4224,0.226102,0.64435,0.680245,0.638968,0.993624
tous,S+30,park_k,4224,0.226648,0.644725,0.679648,0.638968,1.17186
tous,S+30,ewma_k,4224,0.225726,0.64204,0.68073,0.638968,1.13739
tous,S+30,tfm_k,4224,0.227106,0.645874,0.680245,0.638968,1.25564
tous,S+30,corr,4224,0.225661,0.64186,0.680258,0.635417,1.09006
tous,S+60,park,4224,0.214132,0.621006,0.720619,0.654356,0.738285
tous,S+60,ewma,4224,0.213592,0.618227,0.721785,0.654356,0.751748
tous,S+60,tfm,4224,0.212835,0.615233,0.721326,0.654356,0.955969
tous,S+60,park_k,4224,0.213613,0.615174,0.720619,0.654356,1.14973
tous,S+60,ewma_k,4224,0.212533,0.612514,0.721785,0.654356,1.08461
tous,S+60,tfm_k,4224,0.213931,0.616648,0.721326,0.654356,1.21537
tous,S+60,corr,4224,0.212381,0.612172,0.722102,0.657197,1.05614
tous,S+120,park,4224,0.185473,0.562894,0.795829,0.713778,0.712212
tous,S+120,ewma,4224,0.185112,0.556943,0.796816,0.713778,0.72533
tous,S+120,tfm,4224,0.184155,0.549124,0.796896,0.713778,0.948077
tous,S+120,park_k,4224,0.185766,0.552138,0.795829,0.713778,1.12225
tous,S+120,ewma_k,4224,0.184247,0.546122,0.796816,0.713778,1.06123
tous,S+120,tfm_k,4224,0.185857,0.551565,0.796896,0.713778,1.2093
tous,S+120,corr,4224,0.18388,0.545407,0.797391,0.715199,1.04025
tous,E-90,park,4224,0.0854181,0.286822,0.953185,0.883523,0.80162
tous,E-90,ewma,4224,0.0851936,0.283157,0.954195,0.883523,0.783522
tous,E-90,tfm,4224,0.0861973,0.279902,0.953215,0.883523,1.05596
tous,E-90,park_k,4224,0.0876763,0.284634,0.953185,0.883523,1.25637
tous,E-90,ewma_k,4224,0.0858031,0.277597,0.954195,0.883523,1.12709
tous,E-90,tfm_k,4224,0.0886534,0.287769,0.953215,0.883523,1.35504
tous,E-90,corr,4224,0.0854786,0.276495,0.954215,0.882576,1.07806
tous,E-60,park,4224,0.0517947,0.175087,0.982166,0.924716,0.902317
tous,E-60,ewma,4224,0.0520929,0.174136,0.982297,0.924716,0.870405
tous,E-60,tfm,4224,0.0526466,0.17389,0.982231,0.924716,1.18002
tous,E-60,park_k,4224,0.0540702,0.180684,0.982166,0.924716,1.39051
tous,E-60,ewma_k,4224,0.0530501,0.174582,0.982297,0.924716,1.23181
tous,E-60,tfm_k,4224,0.0548221,0.183349,0.982231,0.924716,1.51037
tous,E-60,corr,4224,0.0522705,0.171382,0.982541,0.923769,1.12887
tous,E-30,park,4224,0.0189961,0.0620579,0.997707,0.972301,0.995451
tous,E-30,ewma,4224,0.0191896,0.0620833,0.99774,0.972301,0.962804
tous,E-30,tfm,4224,0.0191073,0.0622754,0.997736,0.972301,1.23338
tous,E-30,park_k,4224,0.0195054,0.0652138,0.997707,0.972301,1.43614
tous,E-30,ewma_k,4224,0.019218,0.0625045,0.99774,0.972301,1.27805
tous,E-30,tfm_k,4224,0.0197716,0.0663397,0.997736,0.972301,1.54907
tous,E-30,corr,4224,0.0183944,0.0600503,0.997906,0.975379,1.26594
tous,E-10,park,4224,0.0156718,0.0770633,0.998756,0.980824,0.682501
tous,E-10,ewma,4224,0.0156445,0.0785522,0.99856,0.980824,0.677256
tous,E-10,tfm,4224,0.0149303,0.0660288,0.998989,0.980824,0.720591
tous,E-10,park_k,4224,0.0147929,0.0595864,0.998971,0.980824,0.751756
tous,E-10,ewma_k,4224,0.0149801,0.0644819,0.99899,0.980824,0.727202
tous,E-10,tfm_k,4224,0.0144109,0.0567576,0.998989,0.980824,0.766074
tous,E-10,corr,4224,0.0114667,0.0373076,0.999178,0.983902,1.07674
