modèle,mode,marge,marge_choisie_sur,échantillon,n_marchés,n_trades,part_up,taux_gain,coût_moyen,pnl_total_usd,pnl_total_ic_bas,pnl_total_ic_haut,pnl_par_part,pnl_par_part_ic_bas,pnl_par_part_ic_haut,pnl_par_part_surcoût_1_7c
logit_ind,taker,0.0075,1re moitié,1re moitié (validation),24150,8302,0.375934,0.53722,0.52305,117.643,-9.01906,242.86,0.0141704,-0.00108779,0.0290608,-0.0028296
logit_ind,taker,0.0075,1re moitié,2e moitié (test final),24173,7823,0.390132,0.533683,0.523545,79.3066,-36.4608,198.085,0.0101376,-0.00467637,0.0252496,-0.00686238
hgb_ind,taker,0.0375,1re moitié,1re moitié (validation),24150,2687,0.240045,0.551544,0.523887,74.3166,4.99089,142.454,0.0276579,0.00182367,0.0538957,0.0106579
hgb_ind,taker,0.0375,1re moitié,2e moitié (test final),24173,2327,0.305114,0.554792,0.525979,67.0459,6.73786,126.911,0.0288122,0.00283601,0.0553328,0.0118122
logit_ind1s,taker,0.04,1re moitié,1re moitié (validation),24150,4978,0.196866,0.557252,0.520629,182.311,87.9818,274.536,0.0366233,0.0178047,0.054986,0.0196233
logit_ind1s,taker,0.04,1re moitié,2e moitié (test final),24173,4710,0.210403,0.545435,0.522367,108.651,18.6955,195.424,0.0230682,0.00395316,0.0417855,0.00606818
hgb_ind1s,taker,0.0275,1re moitié,1re moitié (validation),24150,7962,0.262999,0.550867,0.523666,216.573,90.5691,343.515,0.0272009,0.0113202,0.043467,0.0102009
hgb_ind1s,taker,0.0275,1re moitié,2e moitié (test final),24173,7575,0.293861,0.547063,0.525047,166.771,49.824,280.075,0.022016,0.00658781,0.0369013,0.00501603
logit_tw,taker,0.005,1re moitié,1re moitié (validation),24150,13944,0.410284,0.539372,0.519139,282.126,118.544,450.492,0.0202328,0.00847865,0.032136,0.00323279
logit_tw,taker,0.005,1re moitié,2e moitié (test final),24173,13551,0.422183,0.528448,0.519071,127.064,-34.7783,288.753,0.00937675,-0.00256688,0.0212642,-0.00762325
hgb_tw,taker,0.0225,1re moitié,1re moitié (validation),24150,9008,0.355906,0.541852,0.518529,210.089,84.4151,336.634,0.0233225,0.00939113,0.0371659,0.00632251
hgb_tw,taker,0.0225,1re moitié,2e moitié (test final),24173,8712,0.368343,0.528811,0.519132,84.3224,-36.7348,211.625,0.00967888,-0.00421705,0.0243813,-0.00732112
stack,taker,0.0125,1re moitié,1re moitié (validation),24150,5959,0.534821,0.554455,0.515441,232.486,135.66,322.479,0.0390142,0.0229025,0.0542621,0.0220142
stack,taker,0.0125,1re moitié,2e moitié (test final),24173,5919,0.576618,0.538604,0.516104,133.181,37.3446,229.156,0.0225007,0.00625949,0.0388041,0.00550067
gap_m30,taker,,— (toujours en position),1re moitié (validation),24150,24150,0.507122,0.525631,0.522695,70.9093,-148.053,280.712,0.0029362,-0.00613057,0.0116237,-0.0140638
gap_m30,taker,,— (toujours en position),2e moitié (test final),24173,24173,0.506102,0.522691,0.522732,-1.00042,-216.443,208.997,-4.13858e-05,-0.0089539,0.0086459,-0.0170414
rev15,taker,,— (toujours en position),1re moitié (validation),24150,24150,0.502236,0.509234,0.527633,-444.325,-693.868,-209.964,-0.0183986,-0.0287316,-0.00869417,-0.0353986
rev15,taker,,— (toujours en position),2e moitié (test final),24173,24173,0.504447,0.508956,0.528229,-465.88,-700.301,-219.064,-0.0192727,-0.0289704,-0.00906234,-0.0362727
always_up,taker,,— (toujours en position),1re moitié (validation),24150,24150,1,0.50058,0.522513,-529.692,-817.706,-227.88,-0.0219334,-0.0338595,-0.00943601,-0.0389334
always_up,taker,,— (toujours en position),2e moitié (test final),24173,24173,1,0.498407,0.522398,-579.931,-866.231,-295.25,-0.0239909,-0.0358347,-0.012214,-0.0409909
mkt_gt_05,taker,,— (toujours en position),1re moitié (validation),24150,24150,0.439669,0.510104,0.533238,-558.687,-774.986,-344.046,-0.023134,-0.0320905,-0.0142462,-0.040134
mkt_gt_05,taker,,— (toujours en position),2e moitié (test final),24173,24173,0.425847,0.515658,0.533465,-430.439,-639.397,-223.429,-0.0178066,-0.0264509,-0.00924291,-0.0348066
logit_ind,maker,0.0125,1re moitié,1re moitié (validation),24150,18557,0.455246,0.518079,0.494841,431.235,244.556,614.866,0.0232384,0.0131846,0.0331336,0.0062384
logit_ind,maker,0.0125,1re moitié,2e moitié (test final),24173,18346,0.472365,0.518042,0.495039,422.007,245.243,615.784,0.0230027,0.0133303,0.0336945,0.00600267
hgb_ind,maker,0,1re moitié,1re moitié (validation),24150,24150,0.394948,0.514907,0.495369,471.835,251.006,692.24,0.0195377,0.0103936,0.0286642,0.00253768
hgb_ind,maker,0,1re moitié,2e moitié (test final),24173,24173,0.427419,0.511852,0.495686,390.787,182.618,604.06,0.0161663,0.00755462,0.0249891,-0.00083374
logit_ind1s,maker,0.01,1re moitié,1re moitié (validation),24150,21386,0.33737,0.523052,0.493135,639.815,436.938,847.933,0.0299175,0.0203809,0.0396441,0.0129175
logit_ind1s,maker,0.01,1re moitié,2e moitié (test final),24173,21212,0.345229,0.524279,0.493468,653.553,450.697,845.698,0.0308105,0.0212689,0.0398593,0.0138105
hgb_ind1s,maker,0,1re moitié,1re moitié (validation),24150,24150,0.328654,0.519834,0.494901,602.135,380.578,818.937,0.0249331,0.0157589,0.0339104,0.00793313
hgb_ind1s,maker,0,1re moitié,2e moitié (test final),24173,24173,0.345799,0.520829,0.495349,615.917,401.758,826.23,0.0254795,0.0166201,0.0341799,0.00847954
logit_tw,maker,0.01,1re moitié,1re moitié (validation),24150,22661,0.375006,0.522219,0.492611,670.95,468.691,882.086,0.0296081,0.0207092,0.0390266,0.0126081
logit_tw,maker,0.01,1re moitié,2e moitié (test final),24173,22710,0.378159,0.52052,0.49263,633.368,432.031,838.354,0.0278894,0.01897,0.036934,0.0108894
hgb_tw,maker,0,1re moitié,1re moitié (validation),24150,24150,0.472464,0.518219,0.492063,631.675,435.693,838.175,0.0261563,0.0180411,0.034707,0.00915631
hgb_tw,maker,0,1re moitié,2e moitié (test final),24173,24173,0.468581,0.517437,0.492527,602.143,403.363,811.281,0.0249097,0.0166865,0.0335615,0.00790973
stack,maker,0,1re moitié,1re moitié (validation),24150,24150,0.48381,0.519379,0.491686,668.785,471.958,857.477,0.027693,0.0195428,0.0355063,0.010693
stack,maker,0,1re moitié,2e moitié (test final),24173,24173,0.508046,0.519009,0.491921,654.797,467.472,847.958,0.0270879,0.0193386,0.0350787,0.0100879
gap_m30,maker,,— (toujours en position),1re moitié (validation),24150,24150,0.507122,0.525631,0.49522,734.445,515.461,944.211,0.0304118,0.0213441,0.0390978,0.0134118
gap_m30,maker,,— (toujours en position),2e moitié (test final),24173,24173,0.506102,0.522691,0.495256,663.173,447.72,873.176,0.0274345,0.0185215,0.0361219,0.0104345
rev15,maker,,— (toujours en position),1re moitié (validation),24150,24150,0.502236,0.509234,0.50016,219.125,-30.3733,453.514,0.0090735,-0.00125769,0.018779,-0.0079265
rev15,maker,,— (toujours en position),2e moitié (test final),24173,24173,0.504447,0.508956,0.500757,198.197,-36.2193,445.027,0.00819911,-0.00149834,0.0184101,-0.00880089
always_up,maker,,— (toujours en position),1re moitié (validation),24150,24150,1,0.50058,0.495037,133.845,-154.174,435.683,0.00554224,-0.00638403,0.0180407,-0.0114578
always_up,maker,,— (toujours en position),2e moitié (test final),24173,24173,1,0.498407,0.494922,84.247,-202.081,368.97,0.00348517,-0.0083598,0.0152637,-0.0135148
mkt_gt_05,maker,,— (toujours en position),1re moitié (validation),24150,24150,0.439669,0.510104,0.50577,104.655,-111.667,319.274,0.00433354,-0.00462389,0.0132205,-0.0126665
mkt_gt_05,maker,,— (toujours en position),2e moitié (test final),24173,24173,0.425847,0.515658,0.505997,233.537,24.5556,440.558,0.00966107,0.00101583,0.0182252,-0.00733893
logit_ind,taker_tick,0.0075,1re moitié,1re moitié (validation),24150,8004,0.370565,0.539855,0.524488,123.001,-2.43999,242.648,0.0153674,-0.00029961,0.0302118,-0.00163256
logit_ind,taker_tick,0.0075,1re moitié,2e moitié (test final),24173,7524,0.382642,0.534689,0.524891,73.7226,-41.1506,186.214,0.00979833,-0.00541683,0.0247805,-0.00720167
hgb_ind,taker_tick,0.0375,1re moitié,1re moitié (validation),24150,2432,0.255757,0.557566,0.524811,79.6585,13.1111,144.884,0.0327543,0.00538616,0.0597097,0.0157543
hgb_ind,taker_tick,0.0375,1re moitié,2e moitié (test final),24173,2103,0.328103,0.551117,0.527482,49.7057,-5.88097,107.25,0.0236356,-0.00278461,0.051372,0.00663561
logit_ind1s,taker_tick,0.04,1re moitié,1re moitié (validation),24150,4892,0.192355,0.557645,0.522054,174.114,80.6221,264.036,0.0355916,0.0164271,0.0539024,0.0185916
logit_ind1s,taker_tick,0.04,1re moitié,2e moitié (test final),24173,4638,0.208711,0.545278,0.523736,99.9137,12.334,186.309,0.0215424,0.00263358,0.0402283,0.00454241
hgb_ind1s,taker_tick,0.03,1re moitié,1re moitié (validation),24150,7406,0.267351,0.55293,0.524829,208.114,87.4941,325.504,0.0281008,0.0118226,0.0440434,0.0111008
hgb_ind1s,taker_tick,0.03,1re moitié,2e moitié (test final),24173,7057,0.303954,0.54995,0.526226,167.424,56.2346,274.207,0.0237245,0.00802735,0.039023,0.0067245
logit_tw,taker_tick,0.005,1re moitié,1re moitié (validation),24150,13509,0.40721,0.540603,0.520461,272.096,108.617,436.87,0.0201418,0.00812414,0.0323912,0.00314184
logit_tw,taker_tick,0.005,1re moitié,2e moitié (test final),24173,13108,0.416768,0.5296,0.520235,122.762,-36.2476,283.494,0.00936543,-0.00277151,0.0215266,-0.00763457
hgb_tw,taker_tick,0.0225,1re moitié,1re moitié (validation),24150,8850,0.355028,0.541808,0.519896,193.922,71.7121,322.249,0.0219121,0.00811412,0.0363115,0.0049121
hgb_tw,taker_tick,0.0225,1re moitié,2e moitié (test final),24173,8607,0.368653,0.529801,0.520348,81.3668,-38.3861,207.955,0.00945356,-0.00449238,0.0240494,-0.00754644
stack,taker_tick,0.0075,1re moitié,1re moitié (validation),24150,6641,0.515736,0.550971,0.516597,228.281,131.711,324.558,0.0343745,0.0197958,0.0489235,0.0173745
stack,taker_tick,0.0075,1re moitié,2e moitié (test final),24173,6582,0.563507,0.537679,0.517197,134.807,35.6819,235.603,0.0204811,0.0053728,0.0358702,0.0034811
gap_m30,taker_tick,,— (toujours en position),1re moitié (validation),24150,24150,0.507122,0.525631,0.524167,35.3719,-183.889,244.474,0.00146468,-0.00761446,0.0101231,-0.0155353
gap_m30,taker_tick,,— (toujours en position),2e moitié (test final),24173,24173,0.506102,0.522691,0.524116,-34.459,-250.18,175.155,-0.00142552,-0.0103496,0.00724591,-0.0184255
rev15,taker_tick,,— (toujours en position),1re moitié (validation),24150,24150,0.502236,0.509234,0.529103,-479.843,-729.296,-244.886,-0.0198693,-0.0301986,-0.0101402,-0.0368693
rev15,taker_tick,,— (toujours en position),2e moitié (test final),24173,24173,0.504447,0.508956,0.529612,-499.322,-733.532,-252.799,-0.0206562,-0.0303451,-0.0104579,-0.0376562
always_up,taker_tick,,— (toujours en position),1re moitié (validation),24150,24150,1,0.50058,0.523985,-565.231,-852.908,-263.433,-0.023405,-0.0353171,-0.0109082,-0.040405
always_up,taker_tick,,— (toujours en position),2e moitié (test final),24173,24173,1,0.498407,0.523782,-613.392,-899.536,-329.28,-0.0253751,-0.0372124,-0.0136218,-0.0423751
mkt_gt_05,taker_tick,,— (toujours en position),1re moitié (validation),24150,24150,0.439669,0.510104,0.534708,-594.192,-810.382,-379.43,-0.0246042,-0.0335562,-0.0157114,-0.0416042
mkt_gt_05,taker_tick,,— (toujours en position),2e moitié (test final),24173,24173,0.425847,0.515658,0.534848,-463.873,-672.49,-257.037,-0.0191897,-0.0278199,-0.0106332,-0.0361897
